/AppHdr,Business Application Header V02 (head.001.001.02)
/AppHdr/CharSet,Character Set
/AppHdr/Fr,From
/AppHdr/Fr/OrgId,Organisation Identification
/AppHdr/Fr/OrgId/Nm,Name
/AppHdr/Fr/OrgId/PstlAdr,Postal Address
/AppHdr/Fr/OrgId/Id,Identification
/AppHdr/Fr/OrgId/Id/PrvtId,Private Identification
/AppHdr/Fr/OrgId/CtryOfRes,Country Of Residence
/AppHdr/Fr/OrgId/CtctDtls,Contact Details
/AppHdr/Fr/FIId,Financial Institution Identification
/AppHdr/Fr/FIId/FinInstnId,Financial Institution Identification
/AppHdr/Fr/FIId/FinInstnId/BICFI,BICFI
/AppHdr/Fr/FIId/FinInstnId/ClrSysMmbId,Clearing System Member Identification
/AppHdr/Fr/FIId/FinInstnId/ClrSysMmbId/ClrSysId,Clearing System Identification
/AppHdr/Fr/FIId/FinInstnId/ClrSysMmbId/ClrSysId/Cd,Code
/AppHdr/Fr/FIId/FinInstnId/ClrSysMmbId/ClrSysId/Prtry,Proprietary
/AppHdr/Fr/FIId/FinInstnId/ClrSysMmbId/MmbId,Member Identification
/AppHdr/Fr/FIId/FinInstnId/LEI,LEI
/AppHdr/Fr/FIId/FinInstnId/Nm,Name
/AppHdr/Fr/FIId/FinInstnId/PstlAdr,Postal Address
/AppHdr/Fr/FIId/FinInstnId/Othr,Other
/AppHdr/Fr/FIId/BrnchId,Branch Identification
/AppHdr/To,To
/AppHdr/To/OrgId,Organisation Identification
/AppHdr/To/OrgId/Nm,Name
/AppHdr/To/OrgId/PstlAdr,Postal Address
/AppHdr/To/OrgId/Id,Identification
/AppHdr/To/OrgId/Id/PrvtId,Private Identification
/AppHdr/To/OrgId/CtryOfRes,Country Of Residence
/AppHdr/To/OrgId/CtctDtls,Contact Details
/AppHdr/To/FIId,Financial Institution Identification
/AppHdr/To/FIId/FinInstnId,Financial Institution Identification
/AppHdr/To/FIId/FinInstnId/BICFI,BICFI
/AppHdr/To/FIId/FinInstnId/ClrSysMmbId,Clearing System Member Identification
/AppHdr/To/FIId/FinInstnId/ClrSysMmbId/ClrSysId,Clearing System Identification
/AppHdr/To/FIId/FinInstnId/ClrSysMmbId/ClrSysId/Cd,Code
/AppHdr/To/FIId/FinInstnId/ClrSysMmbId/ClrSysId/Prtry,Proprietary
/AppHdr/To/FIId/FinInstnId/ClrSysMmbId/MmbId,Member Identification
/AppHdr/To/FIId/FinInstnId/LEI,LEI
/AppHdr/To/FIId/FinInstnId/Nm,Name
/AppHdr/To/FIId/FinInstnId/PstlAdr,Postal Address
/AppHdr/To/FIId/FinInstnId/Othr,Other
/AppHdr/To/FIId/BrnchId,Branch Identification
/AppHdr/BizMsgIdr,Business Message Identifier
/AppHdr/MsgDefIdr,Message Definition Identifier
/AppHdr/BizSvc,Business Service
/AppHdr/MktPrctc,Market Practice
/AppHdr/MktPrctc/Regy,Registry
/AppHdr/MktPrctc/Id,Identification
/AppHdr/CreDt,Creation Date
/AppHdr/BizPrcgDt,Business Processing Date
/AppHdr/CpyDplct,Copy Duplicate
/AppHdr/CpyDplct,Copy Duplicate
/AppHdr/CpyDplct,Copy
/AppHdr/CpyDplct,Duplicate
/AppHdr/PssblDplct,Possible Duplicate
/AppHdr/Prty,Priority
/AppHdr/Prty,High
/AppHdr/Prty,Normal
/AppHdr/Sgntr,Signature
/AppHdr/Rltd,Related
/AppHdr/Rltd/CharSet,Character Set
/AppHdr/Rltd/Fr,From
/AppHdr/Rltd/Fr/OrgId,Organisation Identification
/AppHdr/Rltd/Fr/OrgId/Nm,Name
/AppHdr/Rltd/Fr/OrgId/PstlAdr,Postal Address
/AppHdr/Rltd/Fr/OrgId/Id,Identification
/AppHdr/Rltd/Fr/OrgId/Id/PrvtId,Private Identification
/AppHdr/Rltd/Fr/OrgId/CtryOfRes,Country Of Residence
/AppHdr/Rltd/Fr/OrgId/CtctDtls,Contact Details
/AppHdr/Rltd/Fr/FIId,Financial Institution Identification
/AppHdr/Rltd/Fr/FIId/FinInstnId,Financial Institution Identification
/AppHdr/Rltd/Fr/FIId/FinInstnId/BICFI,BICFI
/AppHdr/Rltd/Fr/FIId/FinInstnId/ClrSysMmbId,Clearing System Member Identification
/AppHdr/Rltd/Fr/FIId/FinInstnId/ClrSysMmbId/ClrSysId,Clearing System Identification
/AppHdr/Rltd/Fr/FIId/FinInstnId/ClrSysMmbId/ClrSysId/Cd,Code
/AppHdr/Rltd/Fr/FIId/FinInstnId/ClrSysMmbId/ClrSysId/Prtry,Proprietary
/AppHdr/Rltd/Fr/FIId/FinInstnId/ClrSysMmbId/MmbId,Member Identification
/AppHdr/Rltd/Fr/FIId/FinInstnId/LEI,LEI
/AppHdr/Rltd/Fr/FIId/FinInstnId/Nm,Name
/AppHdr/Rltd/Fr/FIId/FinInstnId/PstlAdr,Postal Address
/AppHdr/Rltd/Fr/FIId/FinInstnId/Othr,Other
/AppHdr/Rltd/Fr/FIId/BrnchId,Branch Identification
/AppHdr/Rltd/To,To
/AppHdr/Rltd/To/OrgId,Organisation Identification
/AppHdr/Rltd/To/OrgId/Nm,Name
/AppHdr/Rltd/To/OrgId/PstlAdr,Postal Address
/AppHdr/Rltd/To/OrgId/CtryOfRes,Country Of Residence
/AppHdr/Rltd/To/OrgId/CtctDtls,Contact Details
/AppHdr/Rltd/To/FIId,Financial Institution Identification
/AppHdr/Rltd/To/FIId/FinInstnId,Financial Institution Identification
/AppHdr/Rltd/To/FIId/FinInstnId/BICFI,BICFI
/AppHdr/Rltd/To/FIId/FinInstnId/ClrSysMmbId,Clearing System Member Identification
/AppHdr/Rltd/To/FIId/FinInstnId/ClrSysMmbId/ClrSysId,Clearing System Identification
/AppHdr/Rltd/To/FIId/FinInstnId/ClrSysMmbId/ClrSysId/Cd,Code
/AppHdr/Rltd/To/FIId/FinInstnId/ClrSysMmbId/ClrSysId/Prtry,Proprietary
/AppHdr/Rltd/To/FIId/FinInstnId/ClrSysMmbId/MmbId,Member Identification
/AppHdr/Rltd/To/FIId/FinInstnId/LEI,LEI
/AppHdr/Rltd/To/FIId/FinInstnId/Nm,Name
/AppHdr/Rltd/To/FIId/FinInstnId/PstlAdr,Postal Address
/AppHdr/Rltd/To/FIId/FinInstnId/Othr,Other
/AppHdr/Rltd/To/FIId/BrnchId,Branch Identification
/AppHdr/Rltd/BizMsgIdr,Business Message Identifier
/AppHdr/Rltd/MsgDefIdr,Message Definition Identifier
/AppHdr/Rltd/BizSvc,Business Service
/AppHdr/Rltd/CreDt,Creation Date
/AppHdr/Rltd/CpyDplct,Copy Duplicate
/AppHdr/Rltd/CpyDplct,Copy Duplicate
/AppHdr/Rltd/CpyDplct,Copy
/AppHdr/Rltd/CpyDplct,Duplicate
/AppHdr/Rltd/PssblDplct,Possible Duplicate
/AppHdr/Rltd/Prty,Priority
/AppHdr/Rltd/Sgntr,Signature
/FIToFICstmrCdtTrf,FI To FI Customer Credit Transfer V08 (pacs.008.001.08)
/FIToFICstmrCdtTrf/GrpHdr,Group Header
/FIToFICstmrCdtTrf/GrpHdr/MsgId,Message Identification
/FIToFICstmrCdtTrf/GrpHdr/CreDtTm,Creation Date Time
/FIToFICstmrCdtTrf/GrpHdr/BtchBookg,Batch Booking
/FIToFICstmrCdtTrf/GrpHdr/NbOfTxs,Number Of Transactions
/FIToFICstmrCdtTrf/GrpHdr/CtrlSum,Control Sum
/FIToFICstmrCdtTrf/GrpHdr/TtlIntrBkSttlmAmt,Total Interbank Settlement Amount
/FIToFICstmrCdtTrf/GrpHdr/IntrBkSttlmDt,Interbank Settlement Date
/FIToFICstmrCdtTrf/GrpHdr/SttlmInf,Settlement Information
/FIToFICstmrCdtTrf/GrpHdr/SttlmInf/SttlmMtd,Settlement Method
/FIToFICstmrCdtTrf/GrpHdr/SttlmInf/SttlmMtd,Instructed Agent
/FIToFICstmrCdtTrf/GrpHdr/SttlmInf/SttlmMtd,Instructing Agent
/FIToFICstmrCdtTrf/GrpHdr/SttlmInf/SttlmMtd,Cover Method
/FIToFICstmrCdtTrf/GrpHdr/SttlmInf/SttlmMtd,Clearing System
/FIToFICstmrCdtTrf/GrpHdr/SttlmInf/SttlmAcct,Settlement Account
/FIToFICstmrCdtTrf/GrpHdr/SttlmInf/SttlmAcct/Id,Identification
/FIToFICstmrCdtTrf/GrpHdr/SttlmInf/SttlmAcct/Id/IBAN,IBAN
/FIToFICstmrCdtTrf/GrpHdr/SttlmInf/SttlmAcct/Id/Othr,Other
/FIToFICstmrCdtTrf/GrpHdr/SttlmInf/SttlmAcct/Id/Othr/Id,Identification
/FIToFICstmrCdtTrf/GrpHdr/SttlmInf/SttlmAcct/Id/Othr/SchmeNm,Scheme Name
/FIToFICstmrCdtTrf/GrpHdr/SttlmInf/SttlmAcct/Id/Othr/SchmeNm/Cd,Code
/FIToFICstmrCdtTrf/GrpHdr/SttlmInf/SttlmAcct/Id/Othr/SchmeNm/Prtry,Proprietary
/FIToFICstmrCdtTrf/GrpHdr/SttlmInf/SttlmAcct/Id/Othr/Issr,Issuer
/FIToFICstmrCdtTrf/GrpHdr/SttlmInf/SttlmAcct/Tp,Type
/FIToFICstmrCdtTrf/GrpHdr/SttlmInf/SttlmAcct/Tp/Cd,Code
/FIToFICstmrCdtTrf/GrpHdr/SttlmInf/SttlmAcct/Tp/Prtry,Proprietary
/FIToFICstmrCdtTrf/GrpHdr/SttlmInf/SttlmAcct/Ccy,Currency
/FIToFICstmrCdtTrf/GrpHdr/SttlmInf/SttlmAcct/Nm,Name
/FIToFICstmrCdtTrf/GrpHdr/SttlmInf/SttlmAcct/Prxy,Proxy
/FIToFICstmrCdtTrf/GrpHdr/SttlmInf/SttlmAcct/Prxy/Tp,Type
/FIToFICstmrCdtTrf/GrpHdr/SttlmInf/SttlmAcct/Prxy/Tp/Cd,Code
/FIToFICstmrCdtTrf/GrpHdr/SttlmInf/SttlmAcct/Prxy/Tp/Prtry,Proprietary
/FIToFICstmrCdtTrf/GrpHdr/SttlmInf/SttlmAcct/Prxy/Id,Identification
/FIToFICstmrCdtTrf/GrpHdr/SttlmInf/ClrSys,Clearing System
/FIToFICstmrCdtTrf/GrpHdr/SttlmInf/InstgRmbrsmntAgt,Instructing Reimbursement Agent
/FIToFICstmrCdtTrf/GrpHdr/SttlmInf/InstgRmbrsmntAgt/FinInstnId,Financial Institution Identification
/FIToFICstmrCdtTrf/GrpHdr/SttlmInf/InstgRmbrsmntAgt/FinInstnId/BICFI,BICFI
/FIToFICstmrCdtTrf/GrpHdr/SttlmInf/InstgRmbrsmntAgt/FinInstnId/ClrSysMmbId,Clearing System Member Identification
/FIToFICstmrCdtTrf/GrpHdr/SttlmInf/InstgRmbrsmntAgt/FinInstnId/ClrSysMmbId/ClrSysId,Clearing System Identification
/FIToFICstmrCdtTrf/GrpHdr/SttlmInf/InstgRmbrsmntAgt/FinInstnId/ClrSysMmbId/ClrSysId/Cd,Code
/FIToFICstmrCdtTrf/GrpHdr/SttlmInf/InstgRmbrsmntAgt/FinInstnId/ClrSysMmbId/ClrSysId/Prtry,Proprietary
/FIToFICstmrCdtTrf/GrpHdr/SttlmInf/InstgRmbrsmntAgt/FinInstnId/ClrSysMmbId/MmbId,Member Identification
/FIToFICstmrCdtTrf/GrpHdr/SttlmInf/InstgRmbrsmntAgt/FinInstnId/LEI,LEI
/FIToFICstmrCdtTrf/GrpHdr/SttlmInf/InstgRmbrsmntAgt/FinInstnId/Nm,Name
/FIToFICstmrCdtTrf/GrpHdr/SttlmInf/InstgRmbrsmntAgt/FinInstnId/PstlAdr,Postal Address
/FIToFICstmrCdtTrf/GrpHdr/SttlmInf/InstgRmbrsmntAgt/FinInstnId/PstlAdr/AdrTp,Address Type
/FIToFICstmrCdtTrf/GrpHdr/SttlmInf/InstgRmbrsmntAgt/FinInstnId/PstlAdr/Dept,Department
/FIToFICstmrCdtTrf/GrpHdr/SttlmInf/InstgRmbrsmntAgt/FinInstnId/PstlAdr/SubDept,Sub Department
/FIToFICstmrCdtTrf/GrpHdr/SttlmInf/InstgRmbrsmntAgt/FinInstnId/PstlAdr/StrtNm,Street Name
/FIToFICstmrCdtTrf/GrpHdr/SttlmInf/InstgRmbrsmntAgt/FinInstnId/PstlAdr/BldgNb,Building Number
/FIToFICstmrCdtTrf/GrpHdr/SttlmInf/InstgRmbrsmntAgt/FinInstnId/PstlAdr/BldgNm,Building Name
/FIToFICstmrCdtTrf/GrpHdr/SttlmInf/InstgRmbrsmntAgt/FinInstnId/PstlAdr/Flr,Floor
/FIToFICstmrCdtTrf/GrpHdr/SttlmInf/InstgRmbrsmntAgt/FinInstnId/PstlAdr/PstBx,Post Box
/FIToFICstmrCdtTrf/GrpHdr/SttlmInf/InstgRmbrsmntAgt/FinInstnId/PstlAdr/Room,Room
/FIToFICstmrCdtTrf/GrpHdr/SttlmInf/InstgRmbrsmntAgt/FinInstnId/PstlAdr/PstCd,Post Code
/FIToFICstmrCdtTrf/GrpHdr/SttlmInf/InstgRmbrsmntAgt/FinInstnId/PstlAdr/TwnNm,Town Name
/FIToFICstmrCdtTrf/GrpHdr/SttlmInf/InstgRmbrsmntAgt/FinInstnId/PstlAdr/TwnLctnNm,Town Location Name
/FIToFICstmrCdtTrf/GrpHdr/SttlmInf/InstgRmbrsmntAgt/FinInstnId/PstlAdr/DstrctNm,District Name
/FIToFICstmrCdtTrf/GrpHdr/SttlmInf/InstgRmbrsmntAgt/FinInstnId/PstlAdr/CtrySubDvsn,Country Sub Division
/FIToFICstmrCdtTrf/GrpHdr/SttlmInf/InstgRmbrsmntAgt/FinInstnId/PstlAdr/Ctry,Country
/FIToFICstmrCdtTrf/GrpHdr/SttlmInf/InstgRmbrsmntAgt/FinInstnId/PstlAdr/AdrLine,Address Line
/FIToFICstmrCdtTrf/GrpHdr/SttlmInf/InstgRmbrsmntAgt/FinInstnId/Othr,Other
/FIToFICstmrCdtTrf/GrpHdr/SttlmInf/InstgRmbrsmntAgt/BrnchId,Branch Identification
/FIToFICstmrCdtTrf/GrpHdr/SttlmInf/InstgRmbrsmntAgtAcct,Instructing Reimbursement Agent Account
/FIToFICstmrCdtTrf/GrpHdr/SttlmInf/InstgRmbrsmntAgtAcct/Id,Identification
/FIToFICstmrCdtTrf/GrpHdr/SttlmInf/InstgRmbrsmntAgtAcct/Id/IBAN,IBAN
/FIToFICstmrCdtTrf/GrpHdr/SttlmInf/InstgRmbrsmntAgtAcct/Id/Othr,Other
/FIToFICstmrCdtTrf/GrpHdr/SttlmInf/InstgRmbrsmntAgtAcct/Id/Othr/Id,Identification
/FIToFICstmrCdtTrf/GrpHdr/SttlmInf/InstgRmbrsmntAgtAcct/Id/Othr/SchmeNm,Scheme Name
/FIToFICstmrCdtTrf/GrpHdr/SttlmInf/InstgRmbrsmntAgtAcct/Id/Othr/SchmeNm/Cd,Code
/FIToFICstmrCdtTrf/GrpHdr/SttlmInf/InstgRmbrsmntAgtAcct/Id/Othr/SchmeNm/Prtry,Proprietary
/FIToFICstmrCdtTrf/GrpHdr/SttlmInf/InstgRmbrsmntAgtAcct/Id/Othr/Issr,Issuer
/FIToFICstmrCdtTrf/GrpHdr/SttlmInf/InstgRmbrsmntAgtAcct/Tp,Type
/FIToFICstmrCdtTrf/GrpHdr/SttlmInf/InstgRmbrsmntAgtAcct/Tp/Cd,Code
/FIToFICstmrCdtTrf/GrpHdr/SttlmInf/InstgRmbrsmntAgtAcct/Tp/Prtry,Proprietary
/FIToFICstmrCdtTrf/GrpHdr/SttlmInf/InstgRmbrsmntAgtAcct/Ccy,Currency
/FIToFICstmrCdtTrf/GrpHdr/SttlmInf/InstgRmbrsmntAgtAcct/Nm,Name
/FIToFICstmrCdtTrf/GrpHdr/SttlmInf/InstgRmbrsmntAgtAcct/Prxy,Proxy
/FIToFICstmrCdtTrf/GrpHdr/SttlmInf/InstgRmbrsmntAgtAcct/Prxy/Tp,Type
/FIToFICstmrCdtTrf/GrpHdr/SttlmInf/InstgRmbrsmntAgtAcct/Prxy/Tp/Cd,Code
/FIToFICstmrCdtTrf/GrpHdr/SttlmInf/InstgRmbrsmntAgtAcct/Prxy/Tp/Prtry,Proprietary
/FIToFICstmrCdtTrf/GrpHdr/SttlmInf/InstgRmbrsmntAgtAcct/Prxy/Id,Identification
/FIToFICstmrCdtTrf/GrpHdr/SttlmInf/InstdRmbrsmntAgt,Instructed Reimbursement Agent
/FIToFICstmrCdtTrf/GrpHdr/SttlmInf/InstdRmbrsmntAgt/FinInstnId,Financial Institution Identification
/FIToFICstmrCdtTrf/GrpHdr/SttlmInf/InstdRmbrsmntAgt/FinInstnId/BICFI,BICFI
/FIToFICstmrCdtTrf/GrpHdr/SttlmInf/InstdRmbrsmntAgt/FinInstnId/ClrSysMmbId,Clearing System Member Identification
/FIToFICstmrCdtTrf/GrpHdr/SttlmInf/InstdRmbrsmntAgt/FinInstnId/ClrSysMmbId/ClrSysId,Clearing System Identification
/FIToFICstmrCdtTrf/GrpHdr/SttlmInf/InstdRmbrsmntAgt/FinInstnId/ClrSysMmbId/ClrSysId/Cd,Code
/FIToFICstmrCdtTrf/GrpHdr/SttlmInf/InstdRmbrsmntAgt/FinInstnId/ClrSysMmbId/ClrSysId/Prtry,Proprietary
/FIToFICstmrCdtTrf/GrpHdr/SttlmInf/InstdRmbrsmntAgt/FinInstnId/ClrSysMmbId/MmbId,Member Identification
/FIToFICstmrCdtTrf/GrpHdr/SttlmInf/InstdRmbrsmntAgt/FinInstnId/LEI,LEI
/FIToFICstmrCdtTrf/GrpHdr/SttlmInf/InstdRmbrsmntAgt/FinInstnId/Nm,Name
/FIToFICstmrCdtTrf/GrpHdr/SttlmInf/InstdRmbrsmntAgt/FinInstnId/PstlAdr,Postal Address
/FIToFICstmrCdtTrf/GrpHdr/SttlmInf/InstdRmbrsmntAgt/FinInstnId/PstlAdr/AdrTp,Address Type
/FIToFICstmrCdtTrf/GrpHdr/SttlmInf/InstdRmbrsmntAgt/FinInstnId/PstlAdr/Dept,Department
/FIToFICstmrCdtTrf/GrpHdr/SttlmInf/InstdRmbrsmntAgt/FinInstnId/PstlAdr/SubDept,Sub Department
/FIToFICstmrCdtTrf/GrpHdr/SttlmInf/InstdRmbrsmntAgt/FinInstnId/PstlAdr/StrtNm,Street Name
/FIToFICstmrCdtTrf/GrpHdr/SttlmInf/InstdRmbrsmntAgt/FinInstnId/PstlAdr/BldgNb,Building Number
/FIToFICstmrCdtTrf/GrpHdr/SttlmInf/InstdRmbrsmntAgt/FinInstnId/PstlAdr/BldgNm,Building Name
/FIToFICstmrCdtTrf/GrpHdr/SttlmInf/InstdRmbrsmntAgt/FinInstnId/PstlAdr/Flr,Floor
/FIToFICstmrCdtTrf/GrpHdr/SttlmInf/InstdRmbrsmntAgt/FinInstnId/PstlAdr/PstBx,Post Box
/FIToFICstmrCdtTrf/GrpHdr/SttlmInf/InstdRmbrsmntAgt/FinInstnId/PstlAdr/Room,Room
/FIToFICstmrCdtTrf/GrpHdr/SttlmInf/InstdRmbrsmntAgt/FinInstnId/PstlAdr/PstCd,Post Code
/FIToFICstmrCdtTrf/GrpHdr/SttlmInf/InstdRmbrsmntAgt/FinInstnId/PstlAdr/TwnNm,Town Name
/FIToFICstmrCdtTrf/GrpHdr/SttlmInf/InstdRmbrsmntAgt/FinInstnId/PstlAdr/TwnLctnNm,Town Location Name
/FIToFICstmrCdtTrf/GrpHdr/SttlmInf/InstdRmbrsmntAgt/FinInstnId/PstlAdr/DstrctNm,District Name
/FIToFICstmrCdtTrf/GrpHdr/SttlmInf/InstdRmbrsmntAgt/FinInstnId/PstlAdr/CtrySubDvsn,Country Sub Division
/FIToFICstmrCdtTrf/GrpHdr/SttlmInf/InstdRmbrsmntAgt/FinInstnId/PstlAdr/Ctry,Country
/FIToFICstmrCdtTrf/GrpHdr/SttlmInf/InstdRmbrsmntAgt/FinInstnId/PstlAdr/AdrLine,Address Line
/FIToFICstmrCdtTrf/GrpHdr/SttlmInf/InstdRmbrsmntAgt/FinInstnId/Othr,Other
/FIToFICstmrCdtTrf/GrpHdr/SttlmInf/InstdRmbrsmntAgt/BrnchId,Branch Identification
/FIToFICstmrCdtTrf/GrpHdr/SttlmInf/InstdRmbrsmntAgtAcct,Instructed Reimbursement Agent Account
/FIToFICstmrCdtTrf/GrpHdr/SttlmInf/InstdRmbrsmntAgtAcct/Id,Identification
/FIToFICstmrCdtTrf/GrpHdr/SttlmInf/InstdRmbrsmntAgtAcct/Id/IBAN,IBAN
/FIToFICstmrCdtTrf/GrpHdr/SttlmInf/InstdRmbrsmntAgtAcct/Id/Othr,Other
/FIToFICstmrCdtTrf/GrpHdr/SttlmInf/InstdRmbrsmntAgtAcct/Id/Othr/Id,Identification
/FIToFICstmrCdtTrf/GrpHdr/SttlmInf/InstdRmbrsmntAgtAcct/Id/Othr/SchmeNm,Scheme Name
/FIToFICstmrCdtTrf/GrpHdr/SttlmInf/InstdRmbrsmntAgtAcct/Id/Othr/SchmeNm/Cd,Code
/FIToFICstmrCdtTrf/GrpHdr/SttlmInf/InstdRmbrsmntAgtAcct/Id/Othr/SchmeNm/Prtry,Proprietary
/FIToFICstmrCdtTrf/GrpHdr/SttlmInf/InstdRmbrsmntAgtAcct/Id/Othr/Issr,Issuer
/FIToFICstmrCdtTrf/GrpHdr/SttlmInf/InstdRmbrsmntAgtAcct/Tp,Type
/FIToFICstmrCdtTrf/GrpHdr/SttlmInf/InstdRmbrsmntAgtAcct/Tp/Cd,Code
/FIToFICstmrCdtTrf/GrpHdr/SttlmInf/InstdRmbrsmntAgtAcct/Tp/Prtry,Proprietary
/FIToFICstmrCdtTrf/GrpHdr/SttlmInf/InstdRmbrsmntAgtAcct/Ccy,Currency
/FIToFICstmrCdtTrf/GrpHdr/SttlmInf/InstdRmbrsmntAgtAcct/Nm,Name
/FIToFICstmrCdtTrf/GrpHdr/SttlmInf/InstdRmbrsmntAgtAcct/Prxy,Proxy
/FIToFICstmrCdtTrf/GrpHdr/SttlmInf/InstdRmbrsmntAgtAcct/Prxy/Tp,Type
/FIToFICstmrCdtTrf/GrpHdr/SttlmInf/InstdRmbrsmntAgtAcct/Prxy/Tp/Cd,Code
/FIToFICstmrCdtTrf/GrpHdr/SttlmInf/InstdRmbrsmntAgtAcct/Prxy/Tp/Prtry,Proprietary
/FIToFICstmrCdtTrf/GrpHdr/SttlmInf/InstdRmbrsmntAgtAcct/Prxy/Id,Identification
/FIToFICstmrCdtTrf/GrpHdr/SttlmInf/ThrdRmbrsmntAgt,Third Reimbursement Agent
/FIToFICstmrCdtTrf/GrpHdr/SttlmInf/ThrdRmbrsmntAgt/FinInstnId,Financial Institution Identification
/FIToFICstmrCdtTrf/GrpHdr/SttlmInf/ThrdRmbrsmntAgt/FinInstnId/BICFI,BICFI
/FIToFICstmrCdtTrf/GrpHdr/SttlmInf/ThrdRmbrsmntAgt/FinInstnId/ClrSysMmbId,Clearing System Member Identification
/FIToFICstmrCdtTrf/GrpHdr/SttlmInf/ThrdRmbrsmntAgt/FinInstnId/ClrSysMmbId/ClrSysId,Clearing System Identification
/FIToFICstmrCdtTrf/GrpHdr/SttlmInf/ThrdRmbrsmntAgt/FinInstnId/ClrSysMmbId/ClrSysId/Cd,Code
/FIToFICstmrCdtTrf/GrpHdr/SttlmInf/ThrdRmbrsmntAgt/FinInstnId/ClrSysMmbId/ClrSysId/Prtry,Proprietary
/FIToFICstmrCdtTrf/GrpHdr/SttlmInf/ThrdRmbrsmntAgt/FinInstnId/ClrSysMmbId/MmbId,Member Identification
/FIToFICstmrCdtTrf/GrpHdr/SttlmInf/ThrdRmbrsmntAgt/FinInstnId/LEI,LEI
/FIToFICstmrCdtTrf/GrpHdr/SttlmInf/ThrdRmbrsmntAgt/FinInstnId/Nm,Name
/FIToFICstmrCdtTrf/GrpHdr/SttlmInf/ThrdRmbrsmntAgt/FinInstnId/PstlAdr,Postal Address
/FIToFICstmrCdtTrf/GrpHdr/SttlmInf/ThrdRmbrsmntAgt/FinInstnId/PstlAdr/AdrTp,Address Type
/FIToFICstmrCdtTrf/GrpHdr/SttlmInf/ThrdRmbrsmntAgt/FinInstnId/PstlAdr/Dept,Department
/FIToFICstmrCdtTrf/GrpHdr/SttlmInf/ThrdRmbrsmntAgt/FinInstnId/PstlAdr/SubDept,Sub Department
/FIToFICstmrCdtTrf/GrpHdr/SttlmInf/ThrdRmbrsmntAgt/FinInstnId/PstlAdr/StrtNm,Street Name
/FIToFICstmrCdtTrf/GrpHdr/SttlmInf/ThrdRmbrsmntAgt/FinInstnId/PstlAdr/BldgNb,Building Number
/FIToFICstmrCdtTrf/GrpHdr/SttlmInf/ThrdRmbrsmntAgt/FinInstnId/PstlAdr/BldgNm,Building Name
/FIToFICstmrCdtTrf/GrpHdr/SttlmInf/ThrdRmbrsmntAgt/FinInstnId/PstlAdr/Flr,Floor
/FIToFICstmrCdtTrf/GrpHdr/SttlmInf/ThrdRmbrsmntAgt/FinInstnId/PstlAdr/PstBx,Post Box
/FIToFICstmrCdtTrf/GrpHdr/SttlmInf/ThrdRmbrsmntAgt/FinInstnId/PstlAdr/Room,Room
/FIToFICstmrCdtTrf/GrpHdr/SttlmInf/ThrdRmbrsmntAgt/FinInstnId/PstlAdr/PstCd,Post Code
/FIToFICstmrCdtTrf/GrpHdr/SttlmInf/ThrdRmbrsmntAgt/FinInstnId/PstlAdr/TwnNm,Town Name
/FIToFICstmrCdtTrf/GrpHdr/SttlmInf/ThrdRmbrsmntAgt/FinInstnId/PstlAdr/TwnLctnNm,Town Location Name
/FIToFICstmrCdtTrf/GrpHdr/SttlmInf/ThrdRmbrsmntAgt/FinInstnId/PstlAdr/DstrctNm,District Name
/FIToFICstmrCdtTrf/GrpHdr/SttlmInf/ThrdRmbrsmntAgt/FinInstnId/PstlAdr/CtrySubDvsn,Country Sub Division
/FIToFICstmrCdtTrf/GrpHdr/SttlmInf/ThrdRmbrsmntAgt/FinInstnId/PstlAdr/Ctry,Country
/FIToFICstmrCdtTrf/GrpHdr/SttlmInf/ThrdRmbrsmntAgt/FinInstnId/PstlAdr/AdrLine,Address Line
/FIToFICstmrCdtTrf/GrpHdr/SttlmInf/ThrdRmbrsmntAgt/FinInstnId/Othr,Other
/FIToFICstmrCdtTrf/GrpHdr/SttlmInf/ThrdRmbrsmntAgt/BrnchId,Branch Identification
/FIToFICstmrCdtTrf/GrpHdr/SttlmInf/ThrdRmbrsmntAgtAcct,Third Reimbursement Agent Account
/FIToFICstmrCdtTrf/GrpHdr/SttlmInf/ThrdRmbrsmntAgtAcct/Id,Identification
/FIToFICstmrCdtTrf/GrpHdr/SttlmInf/ThrdRmbrsmntAgtAcct/Id/IBAN,IBAN
/FIToFICstmrCdtTrf/GrpHdr/SttlmInf/ThrdRmbrsmntAgtAcct/Id/Othr,Other
/FIToFICstmrCdtTrf/GrpHdr/SttlmInf/ThrdRmbrsmntAgtAcct/Id/Othr/Id,Identification
/FIToFICstmrCdtTrf/GrpHdr/SttlmInf/ThrdRmbrsmntAgtAcct/Id/Othr/SchmeNm,Scheme Name
/FIToFICstmrCdtTrf/GrpHdr/SttlmInf/ThrdRmbrsmntAgtAcct/Id/Othr/SchmeNm/Cd,Code
/FIToFICstmrCdtTrf/GrpHdr/SttlmInf/ThrdRmbrsmntAgtAcct/Id/Othr/SchmeNm/Prtry,Proprietary
/FIToFICstmrCdtTrf/GrpHdr/SttlmInf/ThrdRmbrsmntAgtAcct/Id/Othr/Issr,Issuer
/FIToFICstmrCdtTrf/GrpHdr/SttlmInf/ThrdRmbrsmntAgtAcct/Tp,Type
/FIToFICstmrCdtTrf/GrpHdr/SttlmInf/ThrdRmbrsmntAgtAcct/Tp/Cd,Code
/FIToFICstmrCdtTrf/GrpHdr/SttlmInf/ThrdRmbrsmntAgtAcct/Tp/Prtry,Proprietary
/FIToFICstmrCdtTrf/GrpHdr/SttlmInf/ThrdRmbrsmntAgtAcct/Ccy,Currency
/FIToFICstmrCdtTrf/GrpHdr/SttlmInf/ThrdRmbrsmntAgtAcct/Nm,Name
/FIToFICstmrCdtTrf/GrpHdr/SttlmInf/ThrdRmbrsmntAgtAcct/Prxy,Proxy
/FIToFICstmrCdtTrf/GrpHdr/SttlmInf/ThrdRmbrsmntAgtAcct/Prxy/Tp,Type
/FIToFICstmrCdtTrf/GrpHdr/SttlmInf/ThrdRmbrsmntAgtAcct/Prxy/Tp/Cd,Code
/FIToFICstmrCdtTrf/GrpHdr/SttlmInf/ThrdRmbrsmntAgtAcct/Prxy/Tp/Prtry,Proprietary
/FIToFICstmrCdtTrf/GrpHdr/SttlmInf/ThrdRmbrsmntAgtAcct/Prxy/Id,Identification
/FIToFICstmrCdtTrf/GrpHdr/PmtTpInf,Payment Type Information
/FIToFICstmrCdtTrf/GrpHdr/InstgAgt,Instructing Agent
/FIToFICstmrCdtTrf/GrpHdr/InstdAgt,Instructed Agent
/FIToFICstmrCdtTrf/CdtTrfTxInf,Credit Transfer Transaction Information
/FIToFICstmrCdtTrf/CdtTrfTxInf/PmtId,Payment Identification
/FIToFICstmrCdtTrf/CdtTrfTxInf/PmtId/InstrId,Instruction Identification
/FIToFICstmrCdtTrf/CdtTrfTxInf/PmtId/EndToEndId,End To End Identification
/FIToFICstmrCdtTrf/CdtTrfTxInf/PmtId/TxId,Transaction Identification
/FIToFICstmrCdtTrf/CdtTrfTxInf/PmtId/UETR,UETR
/FIToFICstmrCdtTrf/CdtTrfTxInf/PmtId/ClrSysRef,Clearing System Reference
/FIToFICstmrCdtTrf/CdtTrfTxInf/PmtTpInf,Payment Type Information
/FIToFICstmrCdtTrf/CdtTrfTxInf/PmtTpInf/InstrPrty,Instruction Priority
/FIToFICstmrCdtTrf/CdtTrfTxInf/PmtTpInf/InstrPrty,High
/FIToFICstmrCdtTrf/CdtTrfTxInf/PmtTpInf/InstrPrty,Normal
/FIToFICstmrCdtTrf/CdtTrfTxInf/PmtTpInf/ClrChanl,Clearing Channel
/FIToFICstmrCdtTrf/CdtTrfTxInf/PmtTpInf/ClrChanl,Real Time Gross Settlement System
/FIToFICstmrCdtTrf/CdtTrfTxInf/PmtTpInf/ClrChanl,Real Time Net Settlement System
/FIToFICstmrCdtTrf/CdtTrfTxInf/PmtTpInf/ClrChanl,Mass Payment Net System
/FIToFICstmrCdtTrf/CdtTrfTxInf/PmtTpInf/ClrChanl,Book Transfer
/FIToFICstmrCdtTrf/CdtTrfTxInf/PmtTpInf/SvcLvl,Service Level
/FIToFICstmrCdtTrf/CdtTrfTxInf/PmtTpInf/SvcLvl/Cd,Code
/FIToFICstmrCdtTrf/CdtTrfTxInf/PmtTpInf/SvcLvl/Prtry,Proprietary
/FIToFICstmrCdtTrf/CdtTrfTxInf/PmtTpInf/LclInstrm,Local Instrument
/FIToFICstmrCdtTrf/CdtTrfTxInf/PmtTpInf/LclInstrm/Cd,Code
/FIToFICstmrCdtTrf/CdtTrfTxInf/PmtTpInf/LclInstrm/Prtry,Proprietary
/FIToFICstmrCdtTrf/CdtTrfTxInf/PmtTpInf/CtgyPurp,Category Purpose
/FIToFICstmrCdtTrf/CdtTrfTxInf/PmtTpInf/CtgyPurp/Cd,Code
/FIToFICstmrCdtTrf/CdtTrfTxInf/PmtTpInf/CtgyPurp/Prtry,Proprietary
/FIToFICstmrCdtTrf/CdtTrfTxInf/IntrBkSttlmAmt,Interbank Settlement Amount
/FIToFICstmrCdtTrf/CdtTrfTxInf/IntrBkSttlmAmt/Ccy,Xml Attribute Currency
/FIToFICstmrCdtTrf/CdtTrfTxInf/IntrBkSttlmDt,Interbank Settlement Date
/FIToFICstmrCdtTrf/CdtTrfTxInf/SttlmPrty,Settlement Priority
/FIToFICstmrCdtTrf/CdtTrfTxInf/SttlmPrty,Urgent
/FIToFICstmrCdtTrf/CdtTrfTxInf/SttlmPrty,High
/FIToFICstmrCdtTrf/CdtTrfTxInf/SttlmPrty,Normal
/FIToFICstmrCdtTrf/CdtTrfTxInf/SttlmTmIndctn,Settlement Time Indication
/FIToFICstmrCdtTrf/CdtTrfTxInf/SttlmTmIndctn/DbtDtTm,Debit Date Time
/FIToFICstmrCdtTrf/CdtTrfTxInf/SttlmTmIndctn/CdtDtTm,Credit Date Time
/FIToFICstmrCdtTrf/CdtTrfTxInf/SttlmTmReq,Settlement Time Request
/FIToFICstmrCdtTrf/CdtTrfTxInf/SttlmTmReq/CLSTm,CLS Time
/FIToFICstmrCdtTrf/CdtTrfTxInf/SttlmTmReq/TillTm,Till Time
/FIToFICstmrCdtTrf/CdtTrfTxInf/SttlmTmReq/FrTm,From Time
/FIToFICstmrCdtTrf/CdtTrfTxInf/SttlmTmReq/RjctTm,Reject Time
/FIToFICstmrCdtTrf/CdtTrfTxInf/AccptncDtTm,Acceptance Date Time
/FIToFICstmrCdtTrf/CdtTrfTxInf/PoolgAdjstmntDt,Pooling Adjustment Date
/FIToFICstmrCdtTrf/CdtTrfTxInf/InstdAmt,Instructed Amount
/FIToFICstmrCdtTrf/CdtTrfTxInf/InstdAmt/Ccy,Xml Attribute Currency
/FIToFICstmrCdtTrf/CdtTrfTxInf/XchgRate,Exchange Rate
/FIToFICstmrCdtTrf/CdtTrfTxInf/ChrgBr,Charge Bearer
/FIToFICstmrCdtTrf/CdtTrfTxInf/ChrgBr,Borne By Debtor
/FIToFICstmrCdtTrf/CdtTrfTxInf/ChrgBr,Borne By Creditor
/FIToFICstmrCdtTrf/CdtTrfTxInf/ChrgBr,Shared
/FIToFICstmrCdtTrf/CdtTrfTxInf/ChrgBr,Following Service Level
/FIToFICstmrCdtTrf/CdtTrfTxInf/ChrgsInf,Charges Information
/FIToFICstmrCdtTrf/CdtTrfTxInf/ChrgsInf/Amt,Amount
/FIToFICstmrCdtTrf/CdtTrfTxInf/ChrgsInf/Amt/Ccy,Xml Attribute Currency
/FIToFICstmrCdtTrf/CdtTrfTxInf/ChrgsInf/Agt,Agent
/FIToFICstmrCdtTrf/CdtTrfTxInf/ChrgsInf/Agt/FinInstnId,Financial Institution Identification
/FIToFICstmrCdtTrf/CdtTrfTxInf/ChrgsInf/Agt/FinInstnId/BICFI,BICFI
/FIToFICstmrCdtTrf/CdtTrfTxInf/ChrgsInf/Agt/FinInstnId/ClrSysMmbId,Clearing System Member Identification
/FIToFICstmrCdtTrf/CdtTrfTxInf/ChrgsInf/Agt/FinInstnId/ClrSysMmbId/ClrSysId,Clearing System Identification
/FIToFICstmrCdtTrf/CdtTrfTxInf/ChrgsInf/Agt/FinInstnId/ClrSysMmbId/ClrSysId/Cd,Code
/FIToFICstmrCdtTrf/CdtTrfTxInf/ChrgsInf/Agt/FinInstnId/ClrSysMmbId/ClrSysId/Prtry,Proprietary
/FIToFICstmrCdtTrf/CdtTrfTxInf/ChrgsInf/Agt/FinInstnId/ClrSysMmbId/MmbId,Member Identification
/FIToFICstmrCdtTrf/CdtTrfTxInf/ChrgsInf/Agt/FinInstnId/LEI,LEI
/FIToFICstmrCdtTrf/CdtTrfTxInf/ChrgsInf/Agt/FinInstnId/Nm,Name
/FIToFICstmrCdtTrf/CdtTrfTxInf/ChrgsInf/Agt/FinInstnId/PstlAdr,Postal Address
/FIToFICstmrCdtTrf/CdtTrfTxInf/ChrgsInf/Agt/FinInstnId/PstlAdr/AdrTp,Address Type
/FIToFICstmrCdtTrf/CdtTrfTxInf/ChrgsInf/Agt/FinInstnId/PstlAdr/Dept,Department
/FIToFICstmrCdtTrf/CdtTrfTxInf/ChrgsInf/Agt/FinInstnId/PstlAdr/SubDept,Sub Department
/FIToFICstmrCdtTrf/CdtTrfTxInf/ChrgsInf/Agt/FinInstnId/PstlAdr/StrtNm,Street Name
/FIToFICstmrCdtTrf/CdtTrfTxInf/ChrgsInf/Agt/FinInstnId/PstlAdr/BldgNb,Building Number
/FIToFICstmrCdtTrf/CdtTrfTxInf/ChrgsInf/Agt/FinInstnId/PstlAdr/BldgNm,Building Name
/FIToFICstmrCdtTrf/CdtTrfTxInf/ChrgsInf/Agt/FinInstnId/PstlAdr/Flr,Floor
/FIToFICstmrCdtTrf/CdtTrfTxInf/ChrgsInf/Agt/FinInstnId/PstlAdr/PstBx,Post Box
/FIToFICstmrCdtTrf/CdtTrfTxInf/ChrgsInf/Agt/FinInstnId/PstlAdr/Room,Room
/FIToFICstmrCdtTrf/CdtTrfTxInf/ChrgsInf/Agt/FinInstnId/PstlAdr/PstCd,Post Code
/FIToFICstmrCdtTrf/CdtTrfTxInf/ChrgsInf/Agt/FinInstnId/PstlAdr/TwnNm,Town Name
/FIToFICstmrCdtTrf/CdtTrfTxInf/ChrgsInf/Agt/FinInstnId/PstlAdr/TwnLctnNm,Town Location Name
/FIToFICstmrCdtTrf/CdtTrfTxInf/ChrgsInf/Agt/FinInstnId/PstlAdr/DstrctNm,District Name
/FIToFICstmrCdtTrf/CdtTrfTxInf/ChrgsInf/Agt/FinInstnId/PstlAdr/CtrySubDvsn,Country Sub Division
/FIToFICstmrCdtTrf/CdtTrfTxInf/ChrgsInf/Agt/FinInstnId/PstlAdr/Ctry,Country
/FIToFICstmrCdtTrf/CdtTrfTxInf/ChrgsInf/Agt/FinInstnId/PstlAdr/AdrLine,Address Line
/FIToFICstmrCdtTrf/CdtTrfTxInf/ChrgsInf/Agt/FinInstnId/Othr,Other
/FIToFICstmrCdtTrf/CdtTrfTxInf/ChrgsInf/Agt/BrnchId,Branch Identification
/FIToFICstmrCdtTrf/CdtTrfTxInf/PrvsInstgAgt1,Previous Instructing Agent 1
/FIToFICstmrCdtTrf/CdtTrfTxInf/PrvsInstgAgt1/FinInstnId,Financial Institution Identification
/FIToFICstmrCdtTrf/CdtTrfTxInf/PrvsInstgAgt1/FinInstnId/BICFI,BICFI
/FIToFICstmrCdtTrf/CdtTrfTxInf/PrvsInstgAgt1/FinInstnId/ClrSysMmbId,Clearing System Member Identification
/FIToFICstmrCdtTrf/CdtTrfTxInf/PrvsInstgAgt1/FinInstnId/ClrSysMmbId/ClrSysId,Clearing System Identification
/FIToFICstmrCdtTrf/CdtTrfTxInf/PrvsInstgAgt1/FinInstnId/ClrSysMmbId/ClrSysId/Cd,Code
/FIToFICstmrCdtTrf/CdtTrfTxInf/PrvsInstgAgt1/FinInstnId/ClrSysMmbId/ClrSysId/Prtry,Proprietary
/FIToFICstmrCdtTrf/CdtTrfTxInf/PrvsInstgAgt1/FinInstnId/ClrSysMmbId/MmbId,Member Identification
/FIToFICstmrCdtTrf/CdtTrfTxInf/PrvsInstgAgt1/FinInstnId/LEI,LEI
/FIToFICstmrCdtTrf/CdtTrfTxInf/PrvsInstgAgt1/FinInstnId/Nm,Name
/FIToFICstmrCdtTrf/CdtTrfTxInf/PrvsInstgAgt1/FinInstnId/PstlAdr,Postal Address
/FIToFICstmrCdtTrf/CdtTrfTxInf/PrvsInstgAgt1/FinInstnId/PstlAdr/AdrTp,Address Type
/FIToFICstmrCdtTrf/CdtTrfTxInf/PrvsInstgAgt1/FinInstnId/PstlAdr/Dept,Department
/FIToFICstmrCdtTrf/CdtTrfTxInf/PrvsInstgAgt1/FinInstnId/PstlAdr/SubDept,Sub Department
/FIToFICstmrCdtTrf/CdtTrfTxInf/PrvsInstgAgt1/FinInstnId/PstlAdr/StrtNm,Street Name
/FIToFICstmrCdtTrf/CdtTrfTxInf/PrvsInstgAgt1/FinInstnId/PstlAdr/BldgNb,Building Number
/FIToFICstmrCdtTrf/CdtTrfTxInf/PrvsInstgAgt1/FinInstnId/PstlAdr/BldgNm,Building Name
/FIToFICstmrCdtTrf/CdtTrfTxInf/PrvsInstgAgt1/FinInstnId/PstlAdr/Flr,Floor
/FIToFICstmrCdtTrf/CdtTrfTxInf/PrvsInstgAgt1/FinInstnId/PstlAdr/PstBx,Post Box
/FIToFICstmrCdtTrf/CdtTrfTxInf/PrvsInstgAgt1/FinInstnId/PstlAdr/Room,Room
/FIToFICstmrCdtTrf/CdtTrfTxInf/PrvsInstgAgt1/FinInstnId/PstlAdr/PstCd,Post Code
/FIToFICstmrCdtTrf/CdtTrfTxInf/PrvsInstgAgt1/FinInstnId/PstlAdr/TwnNm,Town Name
/FIToFICstmrCdtTrf/CdtTrfTxInf/PrvsInstgAgt1/FinInstnId/PstlAdr/TwnLctnNm,Town Location Name
/FIToFICstmrCdtTrf/CdtTrfTxInf/PrvsInstgAgt1/FinInstnId/PstlAdr/DstrctNm,District Name
/FIToFICstmrCdtTrf/CdtTrfTxInf/PrvsInstgAgt1/FinInstnId/PstlAdr/CtrySubDvsn,Country Sub Division
/FIToFICstmrCdtTrf/CdtTrfTxInf/PrvsInstgAgt1/FinInstnId/PstlAdr/Ctry,Country
/FIToFICstmrCdtTrf/CdtTrfTxInf/PrvsInstgAgt1/FinInstnId/PstlAdr/AdrLine,Address Line
/FIToFICstmrCdtTrf/CdtTrfTxInf/PrvsInstgAgt1/FinInstnId/Othr,Other
/FIToFICstmrCdtTrf/CdtTrfTxInf/PrvsInstgAgt1/BrnchId,Branch Identification
/FIToFICstmrCdtTrf/CdtTrfTxInf/PrvsInstgAgt1Acct,Previous Instructing Agent 1 Account
/FIToFICstmrCdtTrf/CdtTrfTxInf/PrvsInstgAgt1Acct/Id,Identification
/FIToFICstmrCdtTrf/CdtTrfTxInf/PrvsInstgAgt1Acct/Id/IBAN,IBAN
/FIToFICstmrCdtTrf/CdtTrfTxInf/PrvsInstgAgt1Acct/Id/Othr,Other
/FIToFICstmrCdtTrf/CdtTrfTxInf/PrvsInstgAgt1Acct/Id/Othr/Id,Identification
/FIToFICstmrCdtTrf/CdtTrfTxInf/PrvsInstgAgt1Acct/Id/Othr/SchmeNm,Scheme Name
/FIToFICstmrCdtTrf/CdtTrfTxInf/PrvsInstgAgt1Acct/Id/Othr/SchmeNm/Cd,Code
/FIToFICstmrCdtTrf/CdtTrfTxInf/PrvsInstgAgt1Acct/Id/Othr/SchmeNm/Prtry,Proprietary
/FIToFICstmrCdtTrf/CdtTrfTxInf/PrvsInstgAgt1Acct/Id/Othr/Issr,Issuer
/FIToFICstmrCdtTrf/CdtTrfTxInf/PrvsInstgAgt1Acct/Tp,Type
/FIToFICstmrCdtTrf/CdtTrfTxInf/PrvsInstgAgt1Acct/Tp/Cd,Code
/FIToFICstmrCdtTrf/CdtTrfTxInf/PrvsInstgAgt1Acct/Tp/Prtry,Proprietary
/FIToFICstmrCdtTrf/CdtTrfTxInf/PrvsInstgAgt1Acct/Ccy,Currency
/FIToFICstmrCdtTrf/CdtTrfTxInf/PrvsInstgAgt1Acct/Nm,Name
/FIToFICstmrCdtTrf/CdtTrfTxInf/PrvsInstgAgt1Acct/Prxy,Proxy
/FIToFICstmrCdtTrf/CdtTrfTxInf/PrvsInstgAgt1Acct/Prxy/Tp,Type
/FIToFICstmrCdtTrf/CdtTrfTxInf/PrvsInstgAgt1Acct/Prxy/Tp/Cd,Code
/FIToFICstmrCdtTrf/CdtTrfTxInf/PrvsInstgAgt1Acct/Prxy/Tp/Prtry,Proprietary
/FIToFICstmrCdtTrf/CdtTrfTxInf/PrvsInstgAgt1Acct/Prxy/Id,Identification
/FIToFICstmrCdtTrf/CdtTrfTxInf/PrvsInstgAgt2,Previous Instructing Agent 2
/FIToFICstmrCdtTrf/CdtTrfTxInf/PrvsInstgAgt2/FinInstnId,Financial Institution Identification
/FIToFICstmrCdtTrf/CdtTrfTxInf/PrvsInstgAgt2/FinInstnId/BICFI,BICFI
/FIToFICstmrCdtTrf/CdtTrfTxInf/PrvsInstgAgt2/FinInstnId/ClrSysMmbId,Clearing System Member Identification
/FIToFICstmrCdtTrf/CdtTrfTxInf/PrvsInstgAgt2/FinInstnId/ClrSysMmbId/ClrSysId,Clearing System Identification
/FIToFICstmrCdtTrf/CdtTrfTxInf/PrvsInstgAgt2/FinInstnId/ClrSysMmbId/ClrSysId/Cd,Code
/FIToFICstmrCdtTrf/CdtTrfTxInf/PrvsInstgAgt2/FinInstnId/ClrSysMmbId/ClrSysId/Prtry,Proprietary
/FIToFICstmrCdtTrf/CdtTrfTxInf/PrvsInstgAgt2/FinInstnId/ClrSysMmbId/MmbId,Member Identification
/FIToFICstmrCdtTrf/CdtTrfTxInf/PrvsInstgAgt2/FinInstnId/LEI,LEI
/FIToFICstmrCdtTrf/CdtTrfTxInf/PrvsInstgAgt2/FinInstnId/Nm,Name
/FIToFICstmrCdtTrf/CdtTrfTxInf/PrvsInstgAgt2/FinInstnId/PstlAdr,Postal Address
/FIToFICstmrCdtTrf/CdtTrfTxInf/PrvsInstgAgt2/FinInstnId/PstlAdr/AdrTp,Address Type
/FIToFICstmrCdtTrf/CdtTrfTxInf/PrvsInstgAgt2/FinInstnId/PstlAdr/Dept,Department
/FIToFICstmrCdtTrf/CdtTrfTxInf/PrvsInstgAgt2/FinInstnId/PstlAdr/SubDept,Sub Department
/FIToFICstmrCdtTrf/CdtTrfTxInf/PrvsInstgAgt2/FinInstnId/PstlAdr/StrtNm,Street Name
/FIToFICstmrCdtTrf/CdtTrfTxInf/PrvsInstgAgt2/FinInstnId/PstlAdr/BldgNb,Building Number
/FIToFICstmrCdtTrf/CdtTrfTxInf/PrvsInstgAgt2/FinInstnId/PstlAdr/BldgNm,Building Name
/FIToFICstmrCdtTrf/CdtTrfTxInf/PrvsInstgAgt2/FinInstnId/PstlAdr/Flr,Floor
/FIToFICstmrCdtTrf/CdtTrfTxInf/PrvsInstgAgt2/FinInstnId/PstlAdr/PstBx,Post Box
/FIToFICstmrCdtTrf/CdtTrfTxInf/PrvsInstgAgt2/FinInstnId/PstlAdr/Room,Room
/FIToFICstmrCdtTrf/CdtTrfTxInf/PrvsInstgAgt2/FinInstnId/PstlAdr/PstCd,Post Code
/FIToFICstmrCdtTrf/CdtTrfTxInf/PrvsInstgAgt2/FinInstnId/PstlAdr/TwnNm,Town Name
/FIToFICstmrCdtTrf/CdtTrfTxInf/PrvsInstgAgt2/FinInstnId/PstlAdr/TwnLctnNm,Town Location Name
/FIToFICstmrCdtTrf/CdtTrfTxInf/PrvsInstgAgt2/FinInstnId/PstlAdr/DstrctNm,District Name
/FIToFICstmrCdtTrf/CdtTrfTxInf/PrvsInstgAgt2/FinInstnId/PstlAdr/CtrySubDvsn,Country Sub Division
/FIToFICstmrCdtTrf/CdtTrfTxInf/PrvsInstgAgt2/FinInstnId/PstlAdr/Ctry,Country
/FIToFICstmrCdtTrf/CdtTrfTxInf/PrvsInstgAgt2/FinInstnId/PstlAdr/AdrLine,Address Line
/FIToFICstmrCdtTrf/CdtTrfTxInf/PrvsInstgAgt2/FinInstnId/Othr,Other
/FIToFICstmrCdtTrf/CdtTrfTxInf/PrvsInstgAgt2/BrnchId,Branch Identification
/FIToFICstmrCdtTrf/CdtTrfTxInf/PrvsInstgAgt2Acct,Previous Instructing Agent 2 Account
/FIToFICstmrCdtTrf/CdtTrfTxInf/PrvsInstgAgt2Acct/Id,Identification
/FIToFICstmrCdtTrf/CdtTrfTxInf/PrvsInstgAgt2Acct/Id/IBAN,IBAN
/FIToFICstmrCdtTrf/CdtTrfTxInf/PrvsInstgAgt2Acct/Id/Othr,Other
/FIToFICstmrCdtTrf/CdtTrfTxInf/PrvsInstgAgt2Acct/Id/Othr/Id,Identification
/FIToFICstmrCdtTrf/CdtTrfTxInf/PrvsInstgAgt2Acct/Id/Othr/SchmeNm,Scheme Name
/FIToFICstmrCdtTrf/CdtTrfTxInf/PrvsInstgAgt2Acct/Id/Othr/SchmeNm/Cd,Code
/FIToFICstmrCdtTrf/CdtTrfTxInf/PrvsInstgAgt2Acct/Id/Othr/SchmeNm/Prtry,Proprietary
/FIToFICstmrCdtTrf/CdtTrfTxInf/PrvsInstgAgt2Acct/Id/Othr/Issr,Issuer
/FIToFICstmrCdtTrf/CdtTrfTxInf/PrvsInstgAgt2Acct/Tp,Type
/FIToFICstmrCdtTrf/CdtTrfTxInf/PrvsInstgAgt2Acct/Tp/Cd,Code
/FIToFICstmrCdtTrf/CdtTrfTxInf/PrvsInstgAgt2Acct/Tp/Prtry,Proprietary
/FIToFICstmrCdtTrf/CdtTrfTxInf/PrvsInstgAgt2Acct/Ccy,Currency
/FIToFICstmrCdtTrf/CdtTrfTxInf/PrvsInstgAgt2Acct/Nm,Name
/FIToFICstmrCdtTrf/CdtTrfTxInf/PrvsInstgAgt2Acct/Prxy,Proxy
/FIToFICstmrCdtTrf/CdtTrfTxInf/PrvsInstgAgt2Acct/Prxy/Tp,Type
/FIToFICstmrCdtTrf/CdtTrfTxInf/PrvsInstgAgt2Acct/Prxy/Tp/Cd,Code
/FIToFICstmrCdtTrf/CdtTrfTxInf/PrvsInstgAgt2Acct/Prxy/Tp/Prtry,Proprietary
/FIToFICstmrCdtTrf/CdtTrfTxInf/PrvsInstgAgt2Acct/Prxy/Id,Identification
/FIToFICstmrCdtTrf/CdtTrfTxInf/PrvsInstgAgt3,Previous Instructing Agent 3
/FIToFICstmrCdtTrf/CdtTrfTxInf/PrvsInstgAgt3/FinInstnId,Financial Institution Identification
/FIToFICstmrCdtTrf/CdtTrfTxInf/PrvsInstgAgt3/FinInstnId/BICFI,BICFI
/FIToFICstmrCdtTrf/CdtTrfTxInf/PrvsInstgAgt3/FinInstnId/ClrSysMmbId,Clearing System Member Identification
/FIToFICstmrCdtTrf/CdtTrfTxInf/PrvsInstgAgt3/FinInstnId/ClrSysMmbId/ClrSysId,Clearing System Identification
/FIToFICstmrCdtTrf/CdtTrfTxInf/PrvsInstgAgt3/FinInstnId/ClrSysMmbId/ClrSysId/Cd,Code
/FIToFICstmrCdtTrf/CdtTrfTxInf/PrvsInstgAgt3/FinInstnId/ClrSysMmbId/ClrSysId/Prtry,Proprietary
/FIToFICstmrCdtTrf/CdtTrfTxInf/PrvsInstgAgt3/FinInstnId/ClrSysMmbId/MmbId,Member Identification
/FIToFICstmrCdtTrf/CdtTrfTxInf/PrvsInstgAgt3/FinInstnId/LEI,LEI
/FIToFICstmrCdtTrf/CdtTrfTxInf/PrvsInstgAgt3/FinInstnId/Nm,Name
/FIToFICstmrCdtTrf/CdtTrfTxInf/PrvsInstgAgt3/FinInstnId/PstlAdr,Postal Address
/FIToFICstmrCdtTrf/CdtTrfTxInf/PrvsInstgAgt3/FinInstnId/PstlAdr/AdrTp,Address Type
/FIToFICstmrCdtTrf/CdtTrfTxInf/PrvsInstgAgt3/FinInstnId/PstlAdr/Dept,Department
/FIToFICstmrCdtTrf/CdtTrfTxInf/PrvsInstgAgt3/FinInstnId/PstlAdr/SubDept,Sub Department
/FIToFICstmrCdtTrf/CdtTrfTxInf/PrvsInstgAgt3/FinInstnId/PstlAdr/StrtNm,Street Name
/FIToFICstmrCdtTrf/CdtTrfTxInf/PrvsInstgAgt3/FinInstnId/PstlAdr/BldgNb,Building Number
/FIToFICstmrCdtTrf/CdtTrfTxInf/PrvsInstgAgt3/FinInstnId/PstlAdr/BldgNm,Building Name
/FIToFICstmrCdtTrf/CdtTrfTxInf/PrvsInstgAgt3/FinInstnId/PstlAdr/Flr,Floor
/FIToFICstmrCdtTrf/CdtTrfTxInf/PrvsInstgAgt3/FinInstnId/PstlAdr/PstBx,Post Box
/FIToFICstmrCdtTrf/CdtTrfTxInf/PrvsInstgAgt3/FinInstnId/PstlAdr/Room,Room
/FIToFICstmrCdtTrf/CdtTrfTxInf/PrvsInstgAgt3/FinInstnId/PstlAdr/PstCd,Post Code
/FIToFICstmrCdtTrf/CdtTrfTxInf/PrvsInstgAgt3/FinInstnId/PstlAdr/TwnNm,Town Name
/FIToFICstmrCdtTrf/CdtTrfTxInf/PrvsInstgAgt3/FinInstnId/PstlAdr/TwnLctnNm,Town Location Name
/FIToFICstmrCdtTrf/CdtTrfTxInf/PrvsInstgAgt3/FinInstnId/PstlAdr/DstrctNm,District Name
/FIToFICstmrCdtTrf/CdtTrfTxInf/PrvsInstgAgt3/FinInstnId/PstlAdr/CtrySubDvsn,Country Sub Division
/FIToFICstmrCdtTrf/CdtTrfTxInf/PrvsInstgAgt3/FinInstnId/PstlAdr/Ctry,Country
/FIToFICstmrCdtTrf/CdtTrfTxInf/PrvsInstgAgt3/FinInstnId/PstlAdr/AdrLine,Address Line
/FIToFICstmrCdtTrf/CdtTrfTxInf/PrvsInstgAgt3/FinInstnId/Othr,Other
/FIToFICstmrCdtTrf/CdtTrfTxInf/PrvsInstgAgt3/BrnchId,Branch Identification
/FIToFICstmrCdtTrf/CdtTrfTxInf/PrvsInstgAgt3Acct,Previous Instructing Agent 3 Account
/FIToFICstmrCdtTrf/CdtTrfTxInf/PrvsInstgAgt3Acct/Id,Identification
/FIToFICstmrCdtTrf/CdtTrfTxInf/PrvsInstgAgt3Acct/Id/IBAN,IBAN
/FIToFICstmrCdtTrf/CdtTrfTxInf/PrvsInstgAgt3Acct/Id/Othr,Other
/FIToFICstmrCdtTrf/CdtTrfTxInf/PrvsInstgAgt3Acct/Id/Othr/Id,Identification
/FIToFICstmrCdtTrf/CdtTrfTxInf/PrvsInstgAgt3Acct/Id/Othr/SchmeNm,Scheme Name
/FIToFICstmrCdtTrf/CdtTrfTxInf/PrvsInstgAgt3Acct/Id/Othr/SchmeNm/Cd,Code
/FIToFICstmrCdtTrf/CdtTrfTxInf/PrvsInstgAgt3Acct/Id/Othr/SchmeNm/Prtry,Proprietary
/FIToFICstmrCdtTrf/CdtTrfTxInf/PrvsInstgAgt3Acct/Id/Othr/Issr,Issuer
/FIToFICstmrCdtTrf/CdtTrfTxInf/PrvsInstgAgt3Acct/Tp,Type
/FIToFICstmrCdtTrf/CdtTrfTxInf/PrvsInstgAgt3Acct/Tp/Cd,Code
/FIToFICstmrCdtTrf/CdtTrfTxInf/PrvsInstgAgt3Acct/Tp/Prtry,Proprietary
/FIToFICstmrCdtTrf/CdtTrfTxInf/PrvsInstgAgt3Acct/Ccy,Currency
/FIToFICstmrCdtTrf/CdtTrfTxInf/PrvsInstgAgt3Acct/Nm,Name
/FIToFICstmrCdtTrf/CdtTrfTxInf/PrvsInstgAgt3Acct/Prxy,Proxy
/FIToFICstmrCdtTrf/CdtTrfTxInf/PrvsInstgAgt3Acct/Prxy/Tp,Type
/FIToFICstmrCdtTrf/CdtTrfTxInf/PrvsInstgAgt3Acct/Prxy/Tp/Cd,Code
/FIToFICstmrCdtTrf/CdtTrfTxInf/PrvsInstgAgt3Acct/Prxy/Tp/Prtry,Proprietary
/FIToFICstmrCdtTrf/CdtTrfTxInf/PrvsInstgAgt3Acct/Prxy/Id,Identification
/FIToFICstmrCdtTrf/CdtTrfTxInf/InstgAgt,Instructing Agent
/FIToFICstmrCdtTrf/CdtTrfTxInf/InstgAgt/FinInstnId,Financial Institution Identification
/FIToFICstmrCdtTrf/CdtTrfTxInf/InstgAgt/FinInstnId/BICFI,BICFI
/FIToFICstmrCdtTrf/CdtTrfTxInf/InstgAgt/FinInstnId/ClrSysMmbId,Clearing System Member Identification
/FIToFICstmrCdtTrf/CdtTrfTxInf/InstgAgt/FinInstnId/ClrSysMmbId/ClrSysId,Clearing System Identification
/FIToFICstmrCdtTrf/CdtTrfTxInf/InstgAgt/FinInstnId/ClrSysMmbId/ClrSysId/Cd,Code
/FIToFICstmrCdtTrf/CdtTrfTxInf/InstgAgt/FinInstnId/ClrSysMmbId/ClrSysId/Prtry,Proprietary
/FIToFICstmrCdtTrf/CdtTrfTxInf/InstgAgt/FinInstnId/ClrSysMmbId/MmbId,Member Identification
/FIToFICstmrCdtTrf/CdtTrfTxInf/InstgAgt/FinInstnId/LEI,LEI
/FIToFICstmrCdtTrf/CdtTrfTxInf/InstgAgt/FinInstnId/Nm,Name
/FIToFICstmrCdtTrf/CdtTrfTxInf/InstgAgt/FinInstnId/PstlAdr,Postal Address
/FIToFICstmrCdtTrf/CdtTrfTxInf/InstgAgt/FinInstnId/Othr,Other
/FIToFICstmrCdtTrf/CdtTrfTxInf/InstgAgt/BrnchId,Branch Identification
/FIToFICstmrCdtTrf/CdtTrfTxInf/InstdAgt,Instructed Agent
/FIToFICstmrCdtTrf/CdtTrfTxInf/InstdAgt/FinInstnId,Financial Institution Identification
/FIToFICstmrCdtTrf/CdtTrfTxInf/InstdAgt/FinInstnId/BICFI,BICFI
/FIToFICstmrCdtTrf/CdtTrfTxInf/InstdAgt/FinInstnId/ClrSysMmbId,Clearing System Member Identification
/FIToFICstmrCdtTrf/CdtTrfTxInf/InstdAgt/FinInstnId/ClrSysMmbId/ClrSysId,Clearing System Identification
/FIToFICstmrCdtTrf/CdtTrfTxInf/InstdAgt/FinInstnId/ClrSysMmbId/ClrSysId/Cd,Code
/FIToFICstmrCdtTrf/CdtTrfTxInf/InstdAgt/FinInstnId/ClrSysMmbId/ClrSysId/Prtry,Proprietary
/FIToFICstmrCdtTrf/CdtTrfTxInf/InstdAgt/FinInstnId/ClrSysMmbId/MmbId,Member Identification
/FIToFICstmrCdtTrf/CdtTrfTxInf/InstdAgt/FinInstnId/LEI,LEI
/FIToFICstmrCdtTrf/CdtTrfTxInf/InstdAgt/FinInstnId/Nm,Name
/FIToFICstmrCdtTrf/CdtTrfTxInf/InstdAgt/FinInstnId/PstlAdr,Postal Address
/FIToFICstmrCdtTrf/CdtTrfTxInf/InstdAgt/FinInstnId/Othr,Other
/FIToFICstmrCdtTrf/CdtTrfTxInf/InstdAgt/BrnchId,Branch Identification
/FIToFICstmrCdtTrf/CdtTrfTxInf/IntrmyAgt1,Intermediary Agent 1
/FIToFICstmrCdtTrf/CdtTrfTxInf/IntrmyAgt1/FinInstnId,Financial Institution Identification
/FIToFICstmrCdtTrf/CdtTrfTxInf/IntrmyAgt1/FinInstnId/BICFI,BICFI
/FIToFICstmrCdtTrf/CdtTrfTxInf/IntrmyAgt1/FinInstnId/ClrSysMmbId,Clearing System Member Identification
/FIToFICstmrCdtTrf/CdtTrfTxInf/IntrmyAgt1/FinInstnId/ClrSysMmbId/ClrSysId,Clearing System Identification
/FIToFICstmrCdtTrf/CdtTrfTxInf/IntrmyAgt1/FinInstnId/ClrSysMmbId/ClrSysId/Cd,Code
/FIToFICstmrCdtTrf/CdtTrfTxInf/IntrmyAgt1/FinInstnId/ClrSysMmbId/ClrSysId/Prtry,Proprietary
/FIToFICstmrCdtTrf/CdtTrfTxInf/IntrmyAgt1/FinInstnId/ClrSysMmbId/MmbId,Member Identification
/FIToFICstmrCdtTrf/CdtTrfTxInf/IntrmyAgt1/FinInstnId/LEI,LEI
/FIToFICstmrCdtTrf/CdtTrfTxInf/IntrmyAgt1/FinInstnId/Nm,Name
/FIToFICstmrCdtTrf/CdtTrfTxInf/IntrmyAgt1/FinInstnId/PstlAdr,Postal Address
/FIToFICstmrCdtTrf/CdtTrfTxInf/IntrmyAgt1/FinInstnId/PstlAdr/AdrTp,Address Type
/FIToFICstmrCdtTrf/CdtTrfTxInf/IntrmyAgt1/FinInstnId/PstlAdr/Dept,Department
/FIToFICstmrCdtTrf/CdtTrfTxInf/IntrmyAgt1/FinInstnId/PstlAdr/SubDept,Sub Department
/FIToFICstmrCdtTrf/CdtTrfTxInf/IntrmyAgt1/FinInstnId/PstlAdr/StrtNm,Street Name
/FIToFICstmrCdtTrf/CdtTrfTxInf/IntrmyAgt1/FinInstnId/PstlAdr/BldgNb,Building Number
/FIToFICstmrCdtTrf/CdtTrfTxInf/IntrmyAgt1/FinInstnId/PstlAdr/BldgNm,Building Name
/FIToFICstmrCdtTrf/CdtTrfTxInf/IntrmyAgt1/FinInstnId/PstlAdr/Flr,Floor
/FIToFICstmrCdtTrf/CdtTrfTxInf/IntrmyAgt1/FinInstnId/PstlAdr/PstBx,Post Box
/FIToFICstmrCdtTrf/CdtTrfTxInf/IntrmyAgt1/FinInstnId/PstlAdr/Room,Room
/FIToFICstmrCdtTrf/CdtTrfTxInf/IntrmyAgt1/FinInstnId/PstlAdr/PstCd,Post Code
/FIToFICstmrCdtTrf/CdtTrfTxInf/IntrmyAgt1/FinInstnId/PstlAdr/TwnNm,Town Name
/FIToFICstmrCdtTrf/CdtTrfTxInf/IntrmyAgt1/FinInstnId/PstlAdr/TwnLctnNm,Town Location Name
/FIToFICstmrCdtTrf/CdtTrfTxInf/IntrmyAgt1/FinInstnId/PstlAdr/DstrctNm,District Name
/FIToFICstmrCdtTrf/CdtTrfTxInf/IntrmyAgt1/FinInstnId/PstlAdr/CtrySubDvsn,Country Sub Division
/FIToFICstmrCdtTrf/CdtTrfTxInf/IntrmyAgt1/FinInstnId/PstlAdr/Ctry,Country
/FIToFICstmrCdtTrf/CdtTrfTxInf/IntrmyAgt1/FinInstnId/PstlAdr/AdrLine,Address Line
/FIToFICstmrCdtTrf/CdtTrfTxInf/IntrmyAgt1/FinInstnId/Othr,Other
/FIToFICstmrCdtTrf/CdtTrfTxInf/IntrmyAgt1/BrnchId,Branch Identification
/FIToFICstmrCdtTrf/CdtTrfTxInf/IntrmyAgt1Acct,Intermediary Agent 1 Account
/FIToFICstmrCdtTrf/CdtTrfTxInf/IntrmyAgt1Acct/Id,Identification
/FIToFICstmrCdtTrf/CdtTrfTxInf/IntrmyAgt1Acct/Id/IBAN,IBAN
/FIToFICstmrCdtTrf/CdtTrfTxInf/IntrmyAgt1Acct/Id/Othr,Other
/FIToFICstmrCdtTrf/CdtTrfTxInf/IntrmyAgt1Acct/Id/Othr/Id,Identification
/FIToFICstmrCdtTrf/CdtTrfTxInf/IntrmyAgt1Acct/Id/Othr/SchmeNm,Scheme Name
/FIToFICstmrCdtTrf/CdtTrfTxInf/IntrmyAgt1Acct/Id/Othr/SchmeNm/Cd,Code
/FIToFICstmrCdtTrf/CdtTrfTxInf/IntrmyAgt1Acct/Id/Othr/SchmeNm/Prtry,Proprietary
/FIToFICstmrCdtTrf/CdtTrfTxInf/IntrmyAgt1Acct/Id/Othr/Issr,Issuer
/FIToFICstmrCdtTrf/CdtTrfTxInf/IntrmyAgt1Acct/Tp,Type
/FIToFICstmrCdtTrf/CdtTrfTxInf/IntrmyAgt1Acct/Tp/Cd,Code
/FIToFICstmrCdtTrf/CdtTrfTxInf/IntrmyAgt1Acct/Tp/Prtry,Proprietary
/FIToFICstmrCdtTrf/CdtTrfTxInf/IntrmyAgt1Acct/Ccy,Currency
/FIToFICstmrCdtTrf/CdtTrfTxInf/IntrmyAgt1Acct/Nm,Name
/FIToFICstmrCdtTrf/CdtTrfTxInf/IntrmyAgt1Acct/Prxy,Proxy
/FIToFICstmrCdtTrf/CdtTrfTxInf/IntrmyAgt1Acct/Prxy/Tp,Type
/FIToFICstmrCdtTrf/CdtTrfTxInf/IntrmyAgt1Acct/Prxy/Tp/Cd,Code
/FIToFICstmrCdtTrf/CdtTrfTxInf/IntrmyAgt1Acct/Prxy/Tp/Prtry,Proprietary
/FIToFICstmrCdtTrf/CdtTrfTxInf/IntrmyAgt1Acct/Prxy/Id,Identification
/FIToFICstmrCdtTrf/CdtTrfTxInf/IntrmyAgt2,Intermediary Agent 2
/FIToFICstmrCdtTrf/CdtTrfTxInf/IntrmyAgt2/FinInstnId,Financial Institution Identification
/FIToFICstmrCdtTrf/CdtTrfTxInf/IntrmyAgt2/FinInstnId/BICFI,BICFI
/FIToFICstmrCdtTrf/CdtTrfTxInf/IntrmyAgt2/FinInstnId/ClrSysMmbId,Clearing System Member Identification
/FIToFICstmrCdtTrf/CdtTrfTxInf/IntrmyAgt2/FinInstnId/ClrSysMmbId/ClrSysId,Clearing System Identification
/FIToFICstmrCdtTrf/CdtTrfTxInf/IntrmyAgt2/FinInstnId/ClrSysMmbId/ClrSysId/Cd,Code
/FIToFICstmrCdtTrf/CdtTrfTxInf/IntrmyAgt2/FinInstnId/ClrSysMmbId/ClrSysId/Prtry,Proprietary
/FIToFICstmrCdtTrf/CdtTrfTxInf/IntrmyAgt2/FinInstnId/ClrSysMmbId/MmbId,Member Identification
/FIToFICstmrCdtTrf/CdtTrfTxInf/IntrmyAgt2/FinInstnId/LEI,LEI
/FIToFICstmrCdtTrf/CdtTrfTxInf/IntrmyAgt2/FinInstnId/Nm,Name
/FIToFICstmrCdtTrf/CdtTrfTxInf/IntrmyAgt2/FinInstnId/PstlAdr,Postal Address
/FIToFICstmrCdtTrf/CdtTrfTxInf/IntrmyAgt2/FinInstnId/PstlAdr/AdrTp,Address Type
/FIToFICstmrCdtTrf/CdtTrfTxInf/IntrmyAgt2/FinInstnId/PstlAdr/Dept,Department
/FIToFICstmrCdtTrf/CdtTrfTxInf/IntrmyAgt2/FinInstnId/PstlAdr/SubDept,Sub Department
/FIToFICstmrCdtTrf/CdtTrfTxInf/IntrmyAgt2/FinInstnId/PstlAdr/StrtNm,Street Name
/FIToFICstmrCdtTrf/CdtTrfTxInf/IntrmyAgt2/FinInstnId/PstlAdr/BldgNb,Building Number
/FIToFICstmrCdtTrf/CdtTrfTxInf/IntrmyAgt2/FinInstnId/PstlAdr/BldgNm,Building Name
/FIToFICstmrCdtTrf/CdtTrfTxInf/IntrmyAgt2/FinInstnId/PstlAdr/Flr,Floor
/FIToFICstmrCdtTrf/CdtTrfTxInf/IntrmyAgt2/FinInstnId/PstlAdr/PstBx,Post Box
/FIToFICstmrCdtTrf/CdtTrfTxInf/IntrmyAgt2/FinInstnId/PstlAdr/Room,Room
/FIToFICstmrCdtTrf/CdtTrfTxInf/IntrmyAgt2/FinInstnId/PstlAdr/PstCd,Post Code
/FIToFICstmrCdtTrf/CdtTrfTxInf/IntrmyAgt2/FinInstnId/PstlAdr/TwnNm,Town Name
/FIToFICstmrCdtTrf/CdtTrfTxInf/IntrmyAgt2/FinInstnId/PstlAdr/TwnLctnNm,Town Location Name
/FIToFICstmrCdtTrf/CdtTrfTxInf/IntrmyAgt2/FinInstnId/PstlAdr/DstrctNm,District Name
/FIToFICstmrCdtTrf/CdtTrfTxInf/IntrmyAgt2/FinInstnId/PstlAdr/CtrySubDvsn,Country Sub Division
/FIToFICstmrCdtTrf/CdtTrfTxInf/IntrmyAgt2/FinInstnId/PstlAdr/Ctry,Country
/FIToFICstmrCdtTrf/CdtTrfTxInf/IntrmyAgt2/FinInstnId/PstlAdr/AdrLine,Address Line
/FIToFICstmrCdtTrf/CdtTrfTxInf/IntrmyAgt2/FinInstnId/Othr,Other
/FIToFICstmrCdtTrf/CdtTrfTxInf/IntrmyAgt2/BrnchId,Branch Identification
/FIToFICstmrCdtTrf/CdtTrfTxInf/IntrmyAgt2Acct,Intermediary Agent 2 Account
/FIToFICstmrCdtTrf/CdtTrfTxInf/IntrmyAgt2Acct/Id,Identification
/FIToFICstmrCdtTrf/CdtTrfTxInf/IntrmyAgt2Acct/Id/IBAN,IBAN
/FIToFICstmrCdtTrf/CdtTrfTxInf/IntrmyAgt2Acct/Id/Othr,Other
/FIToFICstmrCdtTrf/CdtTrfTxInf/IntrmyAgt2Acct/Id/Othr/Id,Identification
/FIToFICstmrCdtTrf/CdtTrfTxInf/IntrmyAgt2Acct/Id/Othr/SchmeNm,Scheme Name
/FIToFICstmrCdtTrf/CdtTrfTxInf/IntrmyAgt2Acct/Id/Othr/SchmeNm/Cd,Code
/FIToFICstmrCdtTrf/CdtTrfTxInf/IntrmyAgt2Acct/Id/Othr/SchmeNm/Prtry,Proprietary
/FIToFICstmrCdtTrf/CdtTrfTxInf/IntrmyAgt2Acct/Id/Othr/Issr,Issuer
/FIToFICstmrCdtTrf/CdtTrfTxInf/IntrmyAgt2Acct/Tp,Type
/FIToFICstmrCdtTrf/CdtTrfTxInf/IntrmyAgt2Acct/Tp/Cd,Code
/FIToFICstmrCdtTrf/CdtTrfTxInf/IntrmyAgt2Acct/Tp/Prtry,Proprietary
/FIToFICstmrCdtTrf/CdtTrfTxInf/IntrmyAgt2Acct/Ccy,Currency
/FIToFICstmrCdtTrf/CdtTrfTxInf/IntrmyAgt2Acct/Nm,Name
/FIToFICstmrCdtTrf/CdtTrfTxInf/IntrmyAgt2Acct/Prxy,Proxy
/FIToFICstmrCdtTrf/CdtTrfTxInf/IntrmyAgt2Acct/Prxy/Tp,Type
/FIToFICstmrCdtTrf/CdtTrfTxInf/IntrmyAgt2Acct/Prxy/Tp/Cd,Code
/FIToFICstmrCdtTrf/CdtTrfTxInf/IntrmyAgt2Acct/Prxy/Tp/Prtry,Proprietary
/FIToFICstmrCdtTrf/CdtTrfTxInf/IntrmyAgt2Acct/Prxy/Id,Identification
/FIToFICstmrCdtTrf/CdtTrfTxInf/IntrmyAgt3,Intermediary Agent 3
/FIToFICstmrCdtTrf/CdtTrfTxInf/IntrmyAgt3/FinInstnId,Financial Institution Identification
/FIToFICstmrCdtTrf/CdtTrfTxInf/IntrmyAgt3/FinInstnId/BICFI,BICFI
/FIToFICstmrCdtTrf/CdtTrfTxInf/IntrmyAgt3/FinInstnId/ClrSysMmbId,Clearing System Member Identification
/FIToFICstmrCdtTrf/CdtTrfTxInf/IntrmyAgt3/FinInstnId/ClrSysMmbId/ClrSysId,Clearing System Identification
/FIToFICstmrCdtTrf/CdtTrfTxInf/IntrmyAgt3/FinInstnId/ClrSysMmbId/ClrSysId/Cd,Code
/FIToFICstmrCdtTrf/CdtTrfTxInf/IntrmyAgt3/FinInstnId/ClrSysMmbId/ClrSysId/Prtry,Proprietary
/FIToFICstmrCdtTrf/CdtTrfTxInf/IntrmyAgt3/FinInstnId/ClrSysMmbId/MmbId,Member Identification
/FIToFICstmrCdtTrf/CdtTrfTxInf/IntrmyAgt3/FinInstnId/LEI,LEI
/FIToFICstmrCdtTrf/CdtTrfTxInf/IntrmyAgt3/FinInstnId/Nm,Name
/FIToFICstmrCdtTrf/CdtTrfTxInf/IntrmyAgt3/FinInstnId/PstlAdr,Postal Address
/FIToFICstmrCdtTrf/CdtTrfTxInf/IntrmyAgt3/FinInstnId/PstlAdr/AdrTp,Address Type
/FIToFICstmrCdtTrf/CdtTrfTxInf/IntrmyAgt3/FinInstnId/PstlAdr/Dept,Department
/FIToFICstmrCdtTrf/CdtTrfTxInf/IntrmyAgt3/FinInstnId/PstlAdr/SubDept,Sub Department
/FIToFICstmrCdtTrf/CdtTrfTxInf/IntrmyAgt3/FinInstnId/PstlAdr/StrtNm,Street Name
/FIToFICstmrCdtTrf/CdtTrfTxInf/IntrmyAgt3/FinInstnId/PstlAdr/BldgNb,Building Number
/FIToFICstmrCdtTrf/CdtTrfTxInf/IntrmyAgt3/FinInstnId/PstlAdr/BldgNm,Building Name
/FIToFICstmrCdtTrf/CdtTrfTxInf/IntrmyAgt3/FinInstnId/PstlAdr/Flr,Floor
/FIToFICstmrCdtTrf/CdtTrfTxInf/IntrmyAgt3/FinInstnId/PstlAdr/PstBx,Post Box
/FIToFICstmrCdtTrf/CdtTrfTxInf/IntrmyAgt3/FinInstnId/PstlAdr/Room,Room
/FIToFICstmrCdtTrf/CdtTrfTxInf/IntrmyAgt3/FinInstnId/PstlAdr/PstCd,Post Code
/FIToFICstmrCdtTrf/CdtTrfTxInf/IntrmyAgt3/FinInstnId/PstlAdr/TwnNm,Town Name
/FIToFICstmrCdtTrf/CdtTrfTxInf/IntrmyAgt3/FinInstnId/PstlAdr/TwnLctnNm,Town Location Name
/FIToFICstmrCdtTrf/CdtTrfTxInf/IntrmyAgt3/FinInstnId/PstlAdr/DstrctNm,District Name
/FIToFICstmrCdtTrf/CdtTrfTxInf/IntrmyAgt3/FinInstnId/PstlAdr/CtrySubDvsn,Country Sub Division
/FIToFICstmrCdtTrf/CdtTrfTxInf/IntrmyAgt3/FinInstnId/PstlAdr/Ctry,Country
/FIToFICstmrCdtTrf/CdtTrfTxInf/IntrmyAgt3/FinInstnId/PstlAdr/AdrLine,Address Line
/FIToFICstmrCdtTrf/CdtTrfTxInf/IntrmyAgt3/FinInstnId/Othr,Other
/FIToFICstmrCdtTrf/CdtTrfTxInf/IntrmyAgt3/BrnchId,Branch Identification
/FIToFICstmrCdtTrf/CdtTrfTxInf/IntrmyAgt3Acct,Intermediary Agent 3 Account
/FIToFICstmrCdtTrf/CdtTrfTxInf/IntrmyAgt3Acct/Id,Identification
/FIToFICstmrCdtTrf/CdtTrfTxInf/IntrmyAgt3Acct/Id/IBAN,IBAN
/FIToFICstmrCdtTrf/CdtTrfTxInf/IntrmyAgt3Acct/Id/Othr,Other
/FIToFICstmrCdtTrf/CdtTrfTxInf/IntrmyAgt3Acct/Id/Othr/Id,Identification
/FIToFICstmrCdtTrf/CdtTrfTxInf/IntrmyAgt3Acct/Id/Othr/SchmeNm,Scheme Name
/FIToFICstmrCdtTrf/CdtTrfTxInf/IntrmyAgt3Acct/Id/Othr/SchmeNm/Cd,Code
/FIToFICstmrCdtTrf/CdtTrfTxInf/IntrmyAgt3Acct/Id/Othr/SchmeNm/Prtry,Proprietary
/FIToFICstmrCdtTrf/CdtTrfTxInf/IntrmyAgt3Acct/Id/Othr/Issr,Issuer
/FIToFICstmrCdtTrf/CdtTrfTxInf/IntrmyAgt3Acct/Tp,Type
/FIToFICstmrCdtTrf/CdtTrfTxInf/IntrmyAgt3Acct/Tp/Cd,Code
/FIToFICstmrCdtTrf/CdtTrfTxInf/IntrmyAgt3Acct/Tp/Prtry,Proprietary
/FIToFICstmrCdtTrf/CdtTrfTxInf/IntrmyAgt3Acct/Ccy,Currency
/FIToFICstmrCdtTrf/CdtTrfTxInf/IntrmyAgt3Acct/Nm,Name
/FIToFICstmrCdtTrf/CdtTrfTxInf/IntrmyAgt3Acct/Prxy,Proxy
/FIToFICstmrCdtTrf/CdtTrfTxInf/IntrmyAgt3Acct/Prxy/Tp,Type
/FIToFICstmrCdtTrf/CdtTrfTxInf/IntrmyAgt3Acct/Prxy/Tp/Cd,Code
/FIToFICstmrCdtTrf/CdtTrfTxInf/IntrmyAgt3Acct/Prxy/Tp/Prtry,Proprietary
/FIToFICstmrCdtTrf/CdtTrfTxInf/IntrmyAgt3Acct/Prxy/Id,Identification
/FIToFICstmrCdtTrf/CdtTrfTxInf/UltmtDbtr,Ultimate Debtor
/FIToFICstmrCdtTrf/CdtTrfTxInf/UltmtDbtr/Nm,Name
/FIToFICstmrCdtTrf/CdtTrfTxInf/UltmtDbtr/PstlAdr,Postal Address
/FIToFICstmrCdtTrf/CdtTrfTxInf/UltmtDbtr/PstlAdr/AdrTp,Address Type
/FIToFICstmrCdtTrf/CdtTrfTxInf/UltmtDbtr/PstlAdr/Dept,Department
/FIToFICstmrCdtTrf/CdtTrfTxInf/UltmtDbtr/PstlAdr/SubDept,Sub Department
/FIToFICstmrCdtTrf/CdtTrfTxInf/UltmtDbtr/PstlAdr/StrtNm,Street Name
/FIToFICstmrCdtTrf/CdtTrfTxInf/UltmtDbtr/PstlAdr/BldgNb,Building Number
/FIToFICstmrCdtTrf/CdtTrfTxInf/UltmtDbtr/PstlAdr/BldgNm,Building Name
/FIToFICstmrCdtTrf/CdtTrfTxInf/UltmtDbtr/PstlAdr/Flr,Floor
/FIToFICstmrCdtTrf/CdtTrfTxInf/UltmtDbtr/PstlAdr/PstBx,Post Box
/FIToFICstmrCdtTrf/CdtTrfTxInf/UltmtDbtr/PstlAdr/Room,Room
/FIToFICstmrCdtTrf/CdtTrfTxInf/UltmtDbtr/PstlAdr/PstCd,Post Code
/FIToFICstmrCdtTrf/CdtTrfTxInf/UltmtDbtr/PstlAdr/TwnNm,Town Name
/FIToFICstmrCdtTrf/CdtTrfTxInf/UltmtDbtr/PstlAdr/TwnLctnNm,Town Location Name
/FIToFICstmrCdtTrf/CdtTrfTxInf/UltmtDbtr/PstlAdr/DstrctNm,District Name
/FIToFICstmrCdtTrf/CdtTrfTxInf/UltmtDbtr/PstlAdr/CtrySubDvsn,Country Sub Division
/FIToFICstmrCdtTrf/CdtTrfTxInf/UltmtDbtr/PstlAdr/Ctry,Country
/FIToFICstmrCdtTrf/CdtTrfTxInf/UltmtDbtr/PstlAdr/AdrLine,Address Line
/FIToFICstmrCdtTrf/CdtTrfTxInf/UltmtDbtr/Id,Identification
/FIToFICstmrCdtTrf/CdtTrfTxInf/UltmtDbtr/Id/OrgId,Organisation Identification
/FIToFICstmrCdtTrf/CdtTrfTxInf/UltmtDbtr/Id/OrgId/AnyBIC,Any BIC
/FIToFICstmrCdtTrf/CdtTrfTxInf/UltmtDbtr/Id/OrgId/LEI,LEI
/FIToFICstmrCdtTrf/CdtTrfTxInf/UltmtDbtr/Id/OrgId/Othr,Other
/FIToFICstmrCdtTrf/CdtTrfTxInf/UltmtDbtr/Id/OrgId/Othr/Id,Identification
/FIToFICstmrCdtTrf/CdtTrfTxInf/UltmtDbtr/Id/OrgId/Othr/SchmeNm,Scheme Name
/FIToFICstmrCdtTrf/CdtTrfTxInf/UltmtDbtr/Id/OrgId/Othr/SchmeNm/Cd,Code
/FIToFICstmrCdtTrf/CdtTrfTxInf/UltmtDbtr/Id/OrgId/Othr/SchmeNm/Prtry,Proprietary
/FIToFICstmrCdtTrf/CdtTrfTxInf/UltmtDbtr/Id/OrgId/Othr/Issr,Issuer
/FIToFICstmrCdtTrf/CdtTrfTxInf/UltmtDbtr/Id/PrvtId,Private Identification
/FIToFICstmrCdtTrf/CdtTrfTxInf/UltmtDbtr/Id/PrvtId/DtAndPlcOfBirth,Date And Place Of Birth
/FIToFICstmrCdtTrf/CdtTrfTxInf/UltmtDbtr/Id/PrvtId/DtAndPlcOfBirth/BirthDt,Birth Date
/FIToFICstmrCdtTrf/CdtTrfTxInf/UltmtDbtr/Id/PrvtId/DtAndPlcOfBirth/PrvcOfBirth,Province Of Birth
/FIToFICstmrCdtTrf/CdtTrfTxInf/UltmtDbtr/Id/PrvtId/DtAndPlcOfBirth/CityOfBirth,City Of Birth
/FIToFICstmrCdtTrf/CdtTrfTxInf/UltmtDbtr/Id/PrvtId/DtAndPlcOfBirth/CtryOfBirth,Country Of Birth
/FIToFICstmrCdtTrf/CdtTrfTxInf/UltmtDbtr/Id/PrvtId/Othr,Other
/FIToFICstmrCdtTrf/CdtTrfTxInf/UltmtDbtr/Id/PrvtId/Othr/Id,Identification
/FIToFICstmrCdtTrf/CdtTrfTxInf/UltmtDbtr/Id/PrvtId/Othr/SchmeNm,Scheme Name
/FIToFICstmrCdtTrf/CdtTrfTxInf/UltmtDbtr/Id/PrvtId/Othr/SchmeNm/Cd,Code
/FIToFICstmrCdtTrf/CdtTrfTxInf/UltmtDbtr/Id/PrvtId/Othr/SchmeNm/Prtry,Proprietary
/FIToFICstmrCdtTrf/CdtTrfTxInf/UltmtDbtr/Id/PrvtId/Othr/Issr,Issuer
/FIToFICstmrCdtTrf/CdtTrfTxInf/UltmtDbtr/CtryOfRes,Country Of Residence
/FIToFICstmrCdtTrf/CdtTrfTxInf/UltmtDbtr/CtctDtls,Contact Details
/FIToFICstmrCdtTrf/CdtTrfTxInf/InitgPty,Initiating Party
/FIToFICstmrCdtTrf/CdtTrfTxInf/InitgPty/Nm,Name
/FIToFICstmrCdtTrf/CdtTrfTxInf/InitgPty/PstlAdr,Postal Address
/FIToFICstmrCdtTrf/CdtTrfTxInf/InitgPty/PstlAdr/AdrTp,Address Type
/FIToFICstmrCdtTrf/CdtTrfTxInf/InitgPty/PstlAdr/Dept,Department
/FIToFICstmrCdtTrf/CdtTrfTxInf/InitgPty/PstlAdr/SubDept,Sub Department
/FIToFICstmrCdtTrf/CdtTrfTxInf/InitgPty/PstlAdr/StrtNm,Street Name
/FIToFICstmrCdtTrf/CdtTrfTxInf/InitgPty/PstlAdr/BldgNb,Building Number
/FIToFICstmrCdtTrf/CdtTrfTxInf/InitgPty/PstlAdr/BldgNm,Building Name
/FIToFICstmrCdtTrf/CdtTrfTxInf/InitgPty/PstlAdr/Flr,Floor
/FIToFICstmrCdtTrf/CdtTrfTxInf/InitgPty/PstlAdr/PstBx,Post Box
/FIToFICstmrCdtTrf/CdtTrfTxInf/InitgPty/PstlAdr/Room,Room
/FIToFICstmrCdtTrf/CdtTrfTxInf/InitgPty/PstlAdr/PstCd,Post Code
/FIToFICstmrCdtTrf/CdtTrfTxInf/InitgPty/PstlAdr/TwnNm,Town Name
/FIToFICstmrCdtTrf/CdtTrfTxInf/InitgPty/PstlAdr/TwnLctnNm,Town Location Name
/FIToFICstmrCdtTrf/CdtTrfTxInf/InitgPty/PstlAdr/DstrctNm,District Name
/FIToFICstmrCdtTrf/CdtTrfTxInf/InitgPty/PstlAdr/CtrySubDvsn,Country Sub Division
/FIToFICstmrCdtTrf/CdtTrfTxInf/InitgPty/PstlAdr/Ctry,Country
/FIToFICstmrCdtTrf/CdtTrfTxInf/InitgPty/PstlAdr/AdrLine,Address Line
/FIToFICstmrCdtTrf/CdtTrfTxInf/InitgPty/Id,Identification
/FIToFICstmrCdtTrf/CdtTrfTxInf/InitgPty/Id/OrgId,Organisation Identification
/FIToFICstmrCdtTrf/CdtTrfTxInf/InitgPty/Id/OrgId/AnyBIC,Any BIC
/FIToFICstmrCdtTrf/CdtTrfTxInf/InitgPty/Id/OrgId/LEI,LEI
/FIToFICstmrCdtTrf/CdtTrfTxInf/InitgPty/Id/OrgId/Othr,Other
/FIToFICstmrCdtTrf/CdtTrfTxInf/InitgPty/Id/OrgId/Othr/Id,Identification
/FIToFICstmrCdtTrf/CdtTrfTxInf/InitgPty/Id/OrgId/Othr/SchmeNm,Scheme Name
/FIToFICstmrCdtTrf/CdtTrfTxInf/InitgPty/Id/OrgId/Othr/SchmeNm/Cd,Code
/FIToFICstmrCdtTrf/CdtTrfTxInf/InitgPty/Id/OrgId/Othr/SchmeNm/Prtry,Proprietary
/FIToFICstmrCdtTrf/CdtTrfTxInf/InitgPty/Id/OrgId/Othr/Issr,Issuer
/FIToFICstmrCdtTrf/CdtTrfTxInf/InitgPty/Id/PrvtId,Private Identification
/FIToFICstmrCdtTrf/CdtTrfTxInf/InitgPty/Id/PrvtId/DtAndPlcOfBirth,Date And Place Of Birth
/FIToFICstmrCdtTrf/CdtTrfTxInf/InitgPty/Id/PrvtId/DtAndPlcOfBirth/BirthDt,Birth Date
/FIToFICstmrCdtTrf/CdtTrfTxInf/InitgPty/Id/PrvtId/DtAndPlcOfBirth/PrvcOfBirth,Province Of Birth
/FIToFICstmrCdtTrf/CdtTrfTxInf/InitgPty/Id/PrvtId/DtAndPlcOfBirth/CityOfBirth,City Of Birth
/FIToFICstmrCdtTrf/CdtTrfTxInf/InitgPty/Id/PrvtId/DtAndPlcOfBirth/CtryOfBirth,Country Of Birth
/FIToFICstmrCdtTrf/CdtTrfTxInf/InitgPty/Id/PrvtId/Othr,Other
/FIToFICstmrCdtTrf/CdtTrfTxInf/InitgPty/Id/PrvtId/Othr/Id,Identification
/FIToFICstmrCdtTrf/CdtTrfTxInf/InitgPty/Id/PrvtId/Othr/SchmeNm,Scheme Name
/FIToFICstmrCdtTrf/CdtTrfTxInf/InitgPty/Id/PrvtId/Othr/SchmeNm/Cd,Code
/FIToFICstmrCdtTrf/CdtTrfTxInf/InitgPty/Id/PrvtId/Othr/SchmeNm/Prtry,Proprietary
/FIToFICstmrCdtTrf/CdtTrfTxInf/InitgPty/Id/PrvtId/Othr/Issr,Issuer
/FIToFICstmrCdtTrf/CdtTrfTxInf/InitgPty/CtryOfRes,Country Of Residence
/FIToFICstmrCdtTrf/CdtTrfTxInf/InitgPty/CtctDtls,Contact Details
/FIToFICstmrCdtTrf/CdtTrfTxInf/Dbtr,Debtor
/FIToFICstmrCdtTrf/CdtTrfTxInf/Dbtr/Nm,Name
/FIToFICstmrCdtTrf/CdtTrfTxInf/Dbtr/PstlAdr,Postal Address
/FIToFICstmrCdtTrf/CdtTrfTxInf/Dbtr/PstlAdr/AdrTp,Address Type
/FIToFICstmrCdtTrf/CdtTrfTxInf/Dbtr/PstlAdr/Dept,Department
/FIToFICstmrCdtTrf/CdtTrfTxInf/Dbtr/PstlAdr/SubDept,Sub Department
/FIToFICstmrCdtTrf/CdtTrfTxInf/Dbtr/PstlAdr/StrtNm,Street Name
/FIToFICstmrCdtTrf/CdtTrfTxInf/Dbtr/PstlAdr/BldgNb,Building Number
/FIToFICstmrCdtTrf/CdtTrfTxInf/Dbtr/PstlAdr/BldgNm,Building Name
/FIToFICstmrCdtTrf/CdtTrfTxInf/Dbtr/PstlAdr/Flr,Floor
/FIToFICstmrCdtTrf/CdtTrfTxInf/Dbtr/PstlAdr/PstBx,Post Box
/FIToFICstmrCdtTrf/CdtTrfTxInf/Dbtr/PstlAdr/Room,Room
/FIToFICstmrCdtTrf/CdtTrfTxInf/Dbtr/PstlAdr/PstCd,Post Code
/FIToFICstmrCdtTrf/CdtTrfTxInf/Dbtr/PstlAdr/TwnNm,Town Name
/FIToFICstmrCdtTrf/CdtTrfTxInf/Dbtr/PstlAdr/TwnLctnNm,Town Location Name
/FIToFICstmrCdtTrf/CdtTrfTxInf/Dbtr/PstlAdr/DstrctNm,District Name
/FIToFICstmrCdtTrf/CdtTrfTxInf/Dbtr/PstlAdr/CtrySubDvsn,Country Sub Division
/FIToFICstmrCdtTrf/CdtTrfTxInf/Dbtr/PstlAdr/Ctry,Country
/FIToFICstmrCdtTrf/CdtTrfTxInf/Dbtr/PstlAdr/AdrLine,Address Line
/FIToFICstmrCdtTrf/CdtTrfTxInf/Dbtr/Id,Identification
/FIToFICstmrCdtTrf/CdtTrfTxInf/Dbtr/Id/OrgId,Organisation Identification
/FIToFICstmrCdtTrf/CdtTrfTxInf/Dbtr/Id/OrgId/AnyBIC,Any BIC
/FIToFICstmrCdtTrf/CdtTrfTxInf/Dbtr/Id/OrgId/LEI,LEI
/FIToFICstmrCdtTrf/CdtTrfTxInf/Dbtr/Id/OrgId/Othr,Other
/FIToFICstmrCdtTrf/CdtTrfTxInf/Dbtr/Id/OrgId/Othr/Id,Identification
/FIToFICstmrCdtTrf/CdtTrfTxInf/Dbtr/Id/OrgId/Othr/SchmeNm,Scheme Name
/FIToFICstmrCdtTrf/CdtTrfTxInf/Dbtr/Id/OrgId/Othr/SchmeNm/Cd,Code
/FIToFICstmrCdtTrf/CdtTrfTxInf/Dbtr/Id/OrgId/Othr/SchmeNm/Prtry,Proprietary
/FIToFICstmrCdtTrf/CdtTrfTxInf/Dbtr/Id/OrgId/Othr/Issr,Issuer
/FIToFICstmrCdtTrf/CdtTrfTxInf/Dbtr/Id/PrvtId,Private Identification
/FIToFICstmrCdtTrf/CdtTrfTxInf/Dbtr/Id/PrvtId/DtAndPlcOfBirth,Date And Place Of Birth
/FIToFICstmrCdtTrf/CdtTrfTxInf/Dbtr/Id/PrvtId/DtAndPlcOfBirth/BirthDt,Birth Date
/FIToFICstmrCdtTrf/CdtTrfTxInf/Dbtr/Id/PrvtId/DtAndPlcOfBirth/PrvcOfBirth,Province Of Birth
/FIToFICstmrCdtTrf/CdtTrfTxInf/Dbtr/Id/PrvtId/DtAndPlcOfBirth/CityOfBirth,City Of Birth
/FIToFICstmrCdtTrf/CdtTrfTxInf/Dbtr/Id/PrvtId/DtAndPlcOfBirth/CtryOfBirth,Country Of Birth
/FIToFICstmrCdtTrf/CdtTrfTxInf/Dbtr/Id/PrvtId/Othr,Other
/FIToFICstmrCdtTrf/CdtTrfTxInf/Dbtr/Id/PrvtId/Othr/Id,Identification
/FIToFICstmrCdtTrf/CdtTrfTxInf/Dbtr/Id/PrvtId/Othr/SchmeNm,Scheme Name
/FIToFICstmrCdtTrf/CdtTrfTxInf/Dbtr/Id/PrvtId/Othr/SchmeNm/Cd,Code
/FIToFICstmrCdtTrf/CdtTrfTxInf/Dbtr/Id/PrvtId/Othr/SchmeNm/Prtry,Proprietary
/FIToFICstmrCdtTrf/CdtTrfTxInf/Dbtr/Id/PrvtId/Othr/Issr,Issuer
/FIToFICstmrCdtTrf/CdtTrfTxInf/Dbtr/CtryOfRes,Country Of Residence
/FIToFICstmrCdtTrf/CdtTrfTxInf/Dbtr/CtctDtls,Contact Details
/FIToFICstmrCdtTrf/CdtTrfTxInf/DbtrAcct,Debtor Account
/FIToFICstmrCdtTrf/CdtTrfTxInf/DbtrAcct/Id,Identification
/FIToFICstmrCdtTrf/CdtTrfTxInf/DbtrAcct/Id/IBAN,IBAN
/FIToFICstmrCdtTrf/CdtTrfTxInf/DbtrAcct/Id/Othr,Other
/FIToFICstmrCdtTrf/CdtTrfTxInf/DbtrAcct/Id/Othr/Id,Identification
/FIToFICstmrCdtTrf/CdtTrfTxInf/DbtrAcct/Id/Othr/SchmeNm,Scheme Name
/FIToFICstmrCdtTrf/CdtTrfTxInf/DbtrAcct/Id/Othr/SchmeNm/Cd,Code
/FIToFICstmrCdtTrf/CdtTrfTxInf/DbtrAcct/Id/Othr/SchmeNm/Prtry,Proprietary
/FIToFICstmrCdtTrf/CdtTrfTxInf/DbtrAcct/Id/Othr/Issr,Issuer
/FIToFICstmrCdtTrf/CdtTrfTxInf/DbtrAcct/Tp,Type
/FIToFICstmrCdtTrf/CdtTrfTxInf/DbtrAcct/Tp/Cd,Code
/FIToFICstmrCdtTrf/CdtTrfTxInf/DbtrAcct/Tp/Prtry,Proprietary
/FIToFICstmrCdtTrf/CdtTrfTxInf/DbtrAcct/Ccy,Currency
/FIToFICstmrCdtTrf/CdtTrfTxInf/DbtrAcct/Nm,Name
/FIToFICstmrCdtTrf/CdtTrfTxInf/DbtrAcct/Prxy,Proxy
/FIToFICstmrCdtTrf/CdtTrfTxInf/DbtrAcct/Prxy/Tp,Type
/FIToFICstmrCdtTrf/CdtTrfTxInf/DbtrAcct/Prxy/Tp/Cd,Code
/FIToFICstmrCdtTrf/CdtTrfTxInf/DbtrAcct/Prxy/Tp/Prtry,Proprietary
/FIToFICstmrCdtTrf/CdtTrfTxInf/DbtrAcct/Prxy/Id,Identification
/FIToFICstmrCdtTrf/CdtTrfTxInf/DbtrAgt,Debtor Agent
/FIToFICstmrCdtTrf/CdtTrfTxInf/DbtrAgt/FinInstnId,Financial Institution Identification
/FIToFICstmrCdtTrf/CdtTrfTxInf/DbtrAgt/FinInstnId/BICFI,BICFI
/FIToFICstmrCdtTrf/CdtTrfTxInf/DbtrAgt/FinInstnId/ClrSysMmbId,Clearing System Member Identification
/FIToFICstmrCdtTrf/CdtTrfTxInf/DbtrAgt/FinInstnId/ClrSysMmbId/ClrSysId,Clearing System Identification
/FIToFICstmrCdtTrf/CdtTrfTxInf/DbtrAgt/FinInstnId/ClrSysMmbId/ClrSysId/Cd,Code
/FIToFICstmrCdtTrf/CdtTrfTxInf/DbtrAgt/FinInstnId/ClrSysMmbId/ClrSysId/Prtry,Proprietary
/FIToFICstmrCdtTrf/CdtTrfTxInf/DbtrAgt/FinInstnId/ClrSysMmbId/MmbId,Member Identification
/FIToFICstmrCdtTrf/CdtTrfTxInf/DbtrAgt/FinInstnId/LEI,LEI
/FIToFICstmrCdtTrf/CdtTrfTxInf/DbtrAgt/FinInstnId/Nm,Name
/FIToFICstmrCdtTrf/CdtTrfTxInf/DbtrAgt/FinInstnId/PstlAdr,Postal Address
/FIToFICstmrCdtTrf/CdtTrfTxInf/DbtrAgt/FinInstnId/PstlAdr/AdrTp,Address Type
/FIToFICstmrCdtTrf/CdtTrfTxInf/DbtrAgt/FinInstnId/PstlAdr/Dept,Department
/FIToFICstmrCdtTrf/CdtTrfTxInf/DbtrAgt/FinInstnId/PstlAdr/SubDept,Sub Department
/FIToFICstmrCdtTrf/CdtTrfTxInf/DbtrAgt/FinInstnId/PstlAdr/StrtNm,Street Name
/FIToFICstmrCdtTrf/CdtTrfTxInf/DbtrAgt/FinInstnId/PstlAdr/BldgNb,Building Number
/FIToFICstmrCdtTrf/CdtTrfTxInf/DbtrAgt/FinInstnId/PstlAdr/BldgNm,Building Name
/FIToFICstmrCdtTrf/CdtTrfTxInf/DbtrAgt/FinInstnId/PstlAdr/Flr,Floor
/FIToFICstmrCdtTrf/CdtTrfTxInf/DbtrAgt/FinInstnId/PstlAdr/PstBx,Post Box
/FIToFICstmrCdtTrf/CdtTrfTxInf/DbtrAgt/FinInstnId/PstlAdr/Room,Room
/FIToFICstmrCdtTrf/CdtTrfTxInf/DbtrAgt/FinInstnId/PstlAdr/PstCd,Post Code
/FIToFICstmrCdtTrf/CdtTrfTxInf/DbtrAgt/FinInstnId/PstlAdr/TwnNm,Town Name
/FIToFICstmrCdtTrf/CdtTrfTxInf/DbtrAgt/FinInstnId/PstlAdr/TwnLctnNm,Town Location Name
/FIToFICstmrCdtTrf/CdtTrfTxInf/DbtrAgt/FinInstnId/PstlAdr/DstrctNm,District Name
/FIToFICstmrCdtTrf/CdtTrfTxInf/DbtrAgt/FinInstnId/PstlAdr/CtrySubDvsn,Country Sub Division
/FIToFICstmrCdtTrf/CdtTrfTxInf/DbtrAgt/FinInstnId/PstlAdr/Ctry,Country
/FIToFICstmrCdtTrf/CdtTrfTxInf/DbtrAgt/FinInstnId/PstlAdr/AdrLine,Address Line
/FIToFICstmrCdtTrf/CdtTrfTxInf/DbtrAgt/FinInstnId/Othr,Other
/FIToFICstmrCdtTrf/CdtTrfTxInf/DbtrAgt/BrnchId,Branch Identification
/FIToFICstmrCdtTrf/CdtTrfTxInf/DbtrAgtAcct,Debtor Agent Account
/FIToFICstmrCdtTrf/CdtTrfTxInf/DbtrAgtAcct/Id,Identification
/FIToFICstmrCdtTrf/CdtTrfTxInf/DbtrAgtAcct/Id/IBAN,IBAN
/FIToFICstmrCdtTrf/CdtTrfTxInf/DbtrAgtAcct/Id/Othr,Other
/FIToFICstmrCdtTrf/CdtTrfTxInf/DbtrAgtAcct/Id/Othr/Id,Identification
/FIToFICstmrCdtTrf/CdtTrfTxInf/DbtrAgtAcct/Id/Othr/SchmeNm,Scheme Name
/FIToFICstmrCdtTrf/CdtTrfTxInf/DbtrAgtAcct/Id/Othr/SchmeNm/Cd,Code
/FIToFICstmrCdtTrf/CdtTrfTxInf/DbtrAgtAcct/Id/Othr/SchmeNm/Prtry,Proprietary
/FIToFICstmrCdtTrf/CdtTrfTxInf/DbtrAgtAcct/Id/Othr/Issr,Issuer
/FIToFICstmrCdtTrf/CdtTrfTxInf/DbtrAgtAcct/Tp,Type
/FIToFICstmrCdtTrf/CdtTrfTxInf/DbtrAgtAcct/Tp/Cd,Code
/FIToFICstmrCdtTrf/CdtTrfTxInf/DbtrAgtAcct/Tp/Prtry,Proprietary
/FIToFICstmrCdtTrf/CdtTrfTxInf/DbtrAgtAcct/Ccy,Currency
/FIToFICstmrCdtTrf/CdtTrfTxInf/DbtrAgtAcct/Nm,Name
/FIToFICstmrCdtTrf/CdtTrfTxInf/DbtrAgtAcct/Prxy,Proxy
/FIToFICstmrCdtTrf/CdtTrfTxInf/DbtrAgtAcct/Prxy/Tp,Type
/FIToFICstmrCdtTrf/CdtTrfTxInf/DbtrAgtAcct/Prxy/Tp/Cd,Code
/FIToFICstmrCdtTrf/CdtTrfTxInf/DbtrAgtAcct/Prxy/Tp/Prtry,Proprietary
/FIToFICstmrCdtTrf/CdtTrfTxInf/DbtrAgtAcct/Prxy/Id,Identification
/FIToFICstmrCdtTrf/CdtTrfTxInf/CdtrAgt,Creditor Agent
/FIToFICstmrCdtTrf/CdtTrfTxInf/CdtrAgt/FinInstnId,Financial Institution Identification
/FIToFICstmrCdtTrf/CdtTrfTxInf/CdtrAgt/FinInstnId/BICFI,BICFI
/FIToFICstmrCdtTrf/CdtTrfTxInf/CdtrAgt/FinInstnId/ClrSysMmbId,Clearing System Member Identification
/FIToFICstmrCdtTrf/CdtTrfTxInf/CdtrAgt/FinInstnId/ClrSysMmbId/ClrSysId,Clearing System Identification
/FIToFICstmrCdtTrf/CdtTrfTxInf/CdtrAgt/FinInstnId/ClrSysMmbId/ClrSysId/Cd,Code
/FIToFICstmrCdtTrf/CdtTrfTxInf/CdtrAgt/FinInstnId/ClrSysMmbId/ClrSysId/Prtry,Proprietary
/FIToFICstmrCdtTrf/CdtTrfTxInf/CdtrAgt/FinInstnId/ClrSysMmbId/MmbId,Member Identification
/FIToFICstmrCdtTrf/CdtTrfTxInf/CdtrAgt/FinInstnId/LEI,LEI
/FIToFICstmrCdtTrf/CdtTrfTxInf/CdtrAgt/FinInstnId/Nm,Name
/FIToFICstmrCdtTrf/CdtTrfTxInf/CdtrAgt/FinInstnId/PstlAdr,Postal Address
/FIToFICstmrCdtTrf/CdtTrfTxInf/CdtrAgt/FinInstnId/PstlAdr/AdrTp,Address Type
/FIToFICstmrCdtTrf/CdtTrfTxInf/CdtrAgt/FinInstnId/PstlAdr/Dept,Department
/FIToFICstmrCdtTrf/CdtTrfTxInf/CdtrAgt/FinInstnId/PstlAdr/SubDept,Sub Department
/FIToFICstmrCdtTrf/CdtTrfTxInf/CdtrAgt/FinInstnId/PstlAdr/StrtNm,Street Name
/FIToFICstmrCdtTrf/CdtTrfTxInf/CdtrAgt/FinInstnId/PstlAdr/BldgNb,Building Number
/FIToFICstmrCdtTrf/CdtTrfTxInf/CdtrAgt/FinInstnId/PstlAdr/BldgNm,Building Name
/FIToFICstmrCdtTrf/CdtTrfTxInf/CdtrAgt/FinInstnId/PstlAdr/Flr,Floor
/FIToFICstmrCdtTrf/CdtTrfTxInf/CdtrAgt/FinInstnId/PstlAdr/PstBx,Post Box
/FIToFICstmrCdtTrf/CdtTrfTxInf/CdtrAgt/FinInstnId/PstlAdr/Room,Room
/FIToFICstmrCdtTrf/CdtTrfTxInf/CdtrAgt/FinInstnId/PstlAdr/PstCd,Post Code
/FIToFICstmrCdtTrf/CdtTrfTxInf/CdtrAgt/FinInstnId/PstlAdr/TwnNm,Town Name
/FIToFICstmrCdtTrf/CdtTrfTxInf/CdtrAgt/FinInstnId/PstlAdr/TwnLctnNm,Town Location Name
/FIToFICstmrCdtTrf/CdtTrfTxInf/CdtrAgt/FinInstnId/PstlAdr/DstrctNm,District Name
/FIToFICstmrCdtTrf/CdtTrfTxInf/CdtrAgt/FinInstnId/PstlAdr/CtrySubDvsn,Country Sub Division
/FIToFICstmrCdtTrf/CdtTrfTxInf/CdtrAgt/FinInstnId/PstlAdr/Ctry,Country
/FIToFICstmrCdtTrf/CdtTrfTxInf/CdtrAgt/FinInstnId/PstlAdr/AdrLine,Address Line
/FIToFICstmrCdtTrf/CdtTrfTxInf/CdtrAgt/FinInstnId/Othr,Other
/FIToFICstmrCdtTrf/CdtTrfTxInf/CdtrAgt/BrnchId,Branch Identification
/FIToFICstmrCdtTrf/CdtTrfTxInf/CdtrAgt/BrnchId/Id,Identification
/FIToFICstmrCdtTrf/CdtTrfTxInf/CdtrAgt/BrnchId/LEI,LEI
/FIToFICstmrCdtTrf/CdtTrfTxInf/CdtrAgt/BrnchId/Nm,Name
/FIToFICstmrCdtTrf/CdtTrfTxInf/CdtrAgt/BrnchId/PstlAdr,Postal Address
/FIToFICstmrCdtTrf/CdtTrfTxInf/CdtrAgt/BrnchId/PstlAdr/AdrTp,Address Type
/FIToFICstmrCdtTrf/CdtTrfTxInf/CdtrAgt/BrnchId/PstlAdr/Dept,Department
/FIToFICstmrCdtTrf/CdtTrfTxInf/CdtrAgt/BrnchId/PstlAdr/SubDept,Sub Department
/FIToFICstmrCdtTrf/CdtTrfTxInf/CdtrAgt/BrnchId/PstlAdr/AdrLine,Address Line
/FIToFICstmrCdtTrf/CdtTrfTxInf/CdtrAgtAcct,Creditor Agent Account
/FIToFICstmrCdtTrf/CdtTrfTxInf/CdtrAgtAcct/Id,Identification
/FIToFICstmrCdtTrf/CdtTrfTxInf/CdtrAgtAcct/Id/IBAN,IBAN
/FIToFICstmrCdtTrf/CdtTrfTxInf/CdtrAgtAcct/Id/Othr,Other
/FIToFICstmrCdtTrf/CdtTrfTxInf/CdtrAgtAcct/Id/Othr/Id,Identification
/FIToFICstmrCdtTrf/CdtTrfTxInf/CdtrAgtAcct/Id/Othr/SchmeNm,Scheme Name
/FIToFICstmrCdtTrf/CdtTrfTxInf/CdtrAgtAcct/Id/Othr/SchmeNm/Cd,Code
/FIToFICstmrCdtTrf/CdtTrfTxInf/CdtrAgtAcct/Id/Othr/SchmeNm/Prtry,Proprietary
/FIToFICstmrCdtTrf/CdtTrfTxInf/CdtrAgtAcct/Id/Othr/Issr,Issuer
/FIToFICstmrCdtTrf/CdtTrfTxInf/CdtrAgtAcct/Tp,Type
/FIToFICstmrCdtTrf/CdtTrfTxInf/CdtrAgtAcct/Tp/Cd,Code
/FIToFICstmrCdtTrf/CdtTrfTxInf/CdtrAgtAcct/Tp/Prtry,Proprietary
/FIToFICstmrCdtTrf/CdtTrfTxInf/CdtrAgtAcct/Ccy,Currency
/FIToFICstmrCdtTrf/CdtTrfTxInf/CdtrAgtAcct/Nm,Name
/FIToFICstmrCdtTrf/CdtTrfTxInf/CdtrAgtAcct/Prxy,Proxy
/FIToFICstmrCdtTrf/CdtTrfTxInf/CdtrAgtAcct/Prxy/Tp,Type
/FIToFICstmrCdtTrf/CdtTrfTxInf/CdtrAgtAcct/Prxy/Tp/Cd,Code
/FIToFICstmrCdtTrf/CdtTrfTxInf/CdtrAgtAcct/Prxy/Tp/Prtry,Proprietary
/FIToFICstmrCdtTrf/CdtTrfTxInf/CdtrAgtAcct/Prxy/Id,Identification
/FIToFICstmrCdtTrf/CdtTrfTxInf/Cdtr,Creditor
/FIToFICstmrCdtTrf/CdtTrfTxInf/Cdtr/Nm,Name
/FIToFICstmrCdtTrf/CdtTrfTxInf/Cdtr/PstlAdr,Postal Address
/FIToFICstmrCdtTrf/CdtTrfTxInf/Cdtr/PstlAdr/AdrTp,Address Type
/FIToFICstmrCdtTrf/CdtTrfTxInf/Cdtr/PstlAdr/Dept,Department
/FIToFICstmrCdtTrf/CdtTrfTxInf/Cdtr/PstlAdr/SubDept,Sub Department
/FIToFICstmrCdtTrf/CdtTrfTxInf/Cdtr/PstlAdr/StrtNm,Street Name
/FIToFICstmrCdtTrf/CdtTrfTxInf/Cdtr/PstlAdr/BldgNb,Building Number
/FIToFICstmrCdtTrf/CdtTrfTxInf/Cdtr/PstlAdr/BldgNm,Building Name
/FIToFICstmrCdtTrf/CdtTrfTxInf/Cdtr/PstlAdr/Flr,Floor
/FIToFICstmrCdtTrf/CdtTrfTxInf/Cdtr/PstlAdr/PstBx,Post Box
/FIToFICstmrCdtTrf/CdtTrfTxInf/Cdtr/PstlAdr/Room,Room
/FIToFICstmrCdtTrf/CdtTrfTxInf/Cdtr/PstlAdr/PstCd,Post Code
/FIToFICstmrCdtTrf/CdtTrfTxInf/Cdtr/PstlAdr/TwnNm,Town Name
/FIToFICstmrCdtTrf/CdtTrfTxInf/Cdtr/PstlAdr/TwnLctnNm,Town Location Name
/FIToFICstmrCdtTrf/CdtTrfTxInf/Cdtr/PstlAdr/DstrctNm,District Name
/FIToFICstmrCdtTrf/CdtTrfTxInf/Cdtr/PstlAdr/CtrySubDvsn,Country Sub Division
/FIToFICstmrCdtTrf/CdtTrfTxInf/Cdtr/PstlAdr/Ctry,Country
/FIToFICstmrCdtTrf/CdtTrfTxInf/Cdtr/PstlAdr/AdrLine,Address Line
/FIToFICstmrCdtTrf/CdtTrfTxInf/Cdtr/Id,Identification
/FIToFICstmrCdtTrf/CdtTrfTxInf/Cdtr/Id/OrgId,Organisation Identification
/FIToFICstmrCdtTrf/CdtTrfTxInf/Cdtr/Id/OrgId/AnyBIC,Any BIC
/FIToFICstmrCdtTrf/CdtTrfTxInf/Cdtr/Id/OrgId/LEI,LEI
/FIToFICstmrCdtTrf/CdtTrfTxInf/Cdtr/Id/OrgId/Othr,Other
/FIToFICstmrCdtTrf/CdtTrfTxInf/Cdtr/Id/OrgId/Othr/Id,Identification
/FIToFICstmrCdtTrf/CdtTrfTxInf/Cdtr/Id/OrgId/Othr/SchmeNm,Scheme Name
/FIToFICstmrCdtTrf/CdtTrfTxInf/Cdtr/Id/OrgId/Othr/SchmeNm/Cd,Code
/FIToFICstmrCdtTrf/CdtTrfTxInf/Cdtr/Id/OrgId/Othr/SchmeNm/Prtry,Proprietary
/FIToFICstmrCdtTrf/CdtTrfTxInf/Cdtr/Id/OrgId/Othr/Issr,Issuer
/FIToFICstmrCdtTrf/CdtTrfTxInf/Cdtr/Id/PrvtId,Private Identification
/FIToFICstmrCdtTrf/CdtTrfTxInf/Cdtr/Id/PrvtId/DtAndPlcOfBirth,Date And Place Of Birth
/FIToFICstmrCdtTrf/CdtTrfTxInf/Cdtr/Id/PrvtId/DtAndPlcOfBirth/BirthDt,Birth Date
/FIToFICstmrCdtTrf/CdtTrfTxInf/Cdtr/Id/PrvtId/DtAndPlcOfBirth/PrvcOfBirth,Province Of Birth
/FIToFICstmrCdtTrf/CdtTrfTxInf/Cdtr/Id/PrvtId/DtAndPlcOfBirth/CityOfBirth,City Of Birth
/FIToFICstmrCdtTrf/CdtTrfTxInf/Cdtr/Id/PrvtId/DtAndPlcOfBirth/CtryOfBirth,Country Of Birth
/FIToFICstmrCdtTrf/CdtTrfTxInf/Cdtr/Id/PrvtId/Othr,Other
/FIToFICstmrCdtTrf/CdtTrfTxInf/Cdtr/Id/PrvtId/Othr/Id,Identification
/FIToFICstmrCdtTrf/CdtTrfTxInf/Cdtr/Id/PrvtId/Othr/SchmeNm,Scheme Name
/FIToFICstmrCdtTrf/CdtTrfTxInf/Cdtr/Id/PrvtId/Othr/SchmeNm/Cd,Code
/FIToFICstmrCdtTrf/CdtTrfTxInf/Cdtr/Id/PrvtId/Othr/SchmeNm/Prtry,Proprietary
/FIToFICstmrCdtTrf/CdtTrfTxInf/Cdtr/Id/PrvtId/Othr/Issr,Issuer
/FIToFICstmrCdtTrf/CdtTrfTxInf/Cdtr/CtryOfRes,Country Of Residence
/FIToFICstmrCdtTrf/CdtTrfTxInf/Cdtr/CtctDtls,Contact Details
/FIToFICstmrCdtTrf/CdtTrfTxInf/CdtrAcct,Creditor Account
/FIToFICstmrCdtTrf/CdtTrfTxInf/CdtrAcct/Id,Identification
/FIToFICstmrCdtTrf/CdtTrfTxInf/CdtrAcct/Id/IBAN,IBAN
/FIToFICstmrCdtTrf/CdtTrfTxInf/CdtrAcct/Id/Othr,Other
/FIToFICstmrCdtTrf/CdtTrfTxInf/CdtrAcct/Id/Othr/Id,Identification
/FIToFICstmrCdtTrf/CdtTrfTxInf/CdtrAcct/Id/Othr/SchmeNm,Scheme Name
/FIToFICstmrCdtTrf/CdtTrfTxInf/CdtrAcct/Id/Othr/SchmeNm/Cd,Code
/FIToFICstmrCdtTrf/CdtTrfTxInf/CdtrAcct/Id/Othr/SchmeNm/Prtry,Proprietary
/FIToFICstmrCdtTrf/CdtTrfTxInf/CdtrAcct/Id/Othr/Issr,Issuer
/FIToFICstmrCdtTrf/CdtTrfTxInf/CdtrAcct/Tp,Type
/FIToFICstmrCdtTrf/CdtTrfTxInf/CdtrAcct/Tp/Cd,Code
/FIToFICstmrCdtTrf/CdtTrfTxInf/CdtrAcct/Tp/Prtry,Proprietary
/FIToFICstmrCdtTrf/CdtTrfTxInf/CdtrAcct/Ccy,Currency
/FIToFICstmrCdtTrf/CdtTrfTxInf/CdtrAcct/Nm,Name
/FIToFICstmrCdtTrf/CdtTrfTxInf/CdtrAcct/Prxy,Proxy
/FIToFICstmrCdtTrf/CdtTrfTxInf/CdtrAcct/Prxy/Tp,Type
/FIToFICstmrCdtTrf/CdtTrfTxInf/CdtrAcct/Prxy/Tp/Cd,Code
/FIToFICstmrCdtTrf/CdtTrfTxInf/CdtrAcct/Prxy/Tp/Prtry,Proprietary
/FIToFICstmrCdtTrf/CdtTrfTxInf/CdtrAcct/Prxy/Id,Identification
/FIToFICstmrCdtTrf/CdtTrfTxInf/UltmtCdtr,Ultimate Creditor
/FIToFICstmrCdtTrf/CdtTrfTxInf/UltmtCdtr/Nm,Name
/FIToFICstmrCdtTrf/CdtTrfTxInf/UltmtCdtr/PstlAdr,Postal Address
/FIToFICstmrCdtTrf/CdtTrfTxInf/UltmtCdtr/PstlAdr/AdrTp,Address Type
/FIToFICstmrCdtTrf/CdtTrfTxInf/UltmtCdtr/PstlAdr/Dept,Department
/FIToFICstmrCdtTrf/CdtTrfTxInf/UltmtCdtr/PstlAdr/SubDept,Sub Department
/FIToFICstmrCdtTrf/CdtTrfTxInf/UltmtCdtr/PstlAdr/StrtNm,Street Name
/FIToFICstmrCdtTrf/CdtTrfTxInf/UltmtCdtr/PstlAdr/BldgNb,Building Number
/FIToFICstmrCdtTrf/CdtTrfTxInf/UltmtCdtr/PstlAdr/BldgNm,Building Name
/FIToFICstmrCdtTrf/CdtTrfTxInf/UltmtCdtr/PstlAdr/Flr,Floor
/FIToFICstmrCdtTrf/CdtTrfTxInf/UltmtCdtr/PstlAdr/PstBx,Post Box
/FIToFICstmrCdtTrf/CdtTrfTxInf/UltmtCdtr/PstlAdr/Room,Room
/FIToFICstmrCdtTrf/CdtTrfTxInf/UltmtCdtr/PstlAdr/PstCd,Post Code
/FIToFICstmrCdtTrf/CdtTrfTxInf/UltmtCdtr/PstlAdr/TwnNm,Town Name
/FIToFICstmrCdtTrf/CdtTrfTxInf/UltmtCdtr/PstlAdr/TwnLctnNm,Town Location Name
/FIToFICstmrCdtTrf/CdtTrfTxInf/UltmtCdtr/PstlAdr/DstrctNm,District Name
/FIToFICstmrCdtTrf/CdtTrfTxInf/UltmtCdtr/PstlAdr/CtrySubDvsn,Country Sub Division
/FIToFICstmrCdtTrf/CdtTrfTxInf/UltmtCdtr/PstlAdr/Ctry,Country
/FIToFICstmrCdtTrf/CdtTrfTxInf/UltmtCdtr/PstlAdr/AdrLine,Address Line
/FIToFICstmrCdtTrf/CdtTrfTxInf/UltmtCdtr/Id,Identification
/FIToFICstmrCdtTrf/CdtTrfTxInf/UltmtCdtr/Id/OrgId,Organisation Identification
/FIToFICstmrCdtTrf/CdtTrfTxInf/UltmtCdtr/Id/OrgId/AnyBIC,Any BIC
/FIToFICstmrCdtTrf/CdtTrfTxInf/UltmtCdtr/Id/OrgId/LEI,LEI
/FIToFICstmrCdtTrf/CdtTrfTxInf/UltmtCdtr/Id/OrgId/Othr,Other
/FIToFICstmrCdtTrf/CdtTrfTxInf/UltmtCdtr/Id/OrgId/Othr/Id,Identification
/FIToFICstmrCdtTrf/CdtTrfTxInf/UltmtCdtr/Id/OrgId/Othr/SchmeNm,Scheme Name
/FIToFICstmrCdtTrf/CdtTrfTxInf/UltmtCdtr/Id/OrgId/Othr/SchmeNm/Cd,Code
/FIToFICstmrCdtTrf/CdtTrfTxInf/UltmtCdtr/Id/OrgId/Othr/SchmeNm/Prtry,Proprietary
/FIToFICstmrCdtTrf/CdtTrfTxInf/UltmtCdtr/Id/OrgId/Othr/Issr,Issuer
/FIToFICstmrCdtTrf/CdtTrfTxInf/UltmtCdtr/Id/PrvtId,Private Identification
/FIToFICstmrCdtTrf/CdtTrfTxInf/UltmtCdtr/Id/PrvtId/DtAndPlcOfBirth,Date And Place Of Birth
/FIToFICstmrCdtTrf/CdtTrfTxInf/UltmtCdtr/Id/PrvtId/DtAndPlcOfBirth/BirthDt,Birth Date
/FIToFICstmrCdtTrf/CdtTrfTxInf/UltmtCdtr/Id/PrvtId/DtAndPlcOfBirth/PrvcOfBirth,Province Of Birth
/FIToFICstmrCdtTrf/CdtTrfTxInf/UltmtCdtr/Id/PrvtId/DtAndPlcOfBirth/CityOfBirth,City Of Birth
/FIToFICstmrCdtTrf/CdtTrfTxInf/UltmtCdtr/Id/PrvtId/DtAndPlcOfBirth/CtryOfBirth,Country Of Birth
/FIToFICstmrCdtTrf/CdtTrfTxInf/UltmtCdtr/Id/PrvtId/Othr,Other
/FIToFICstmrCdtTrf/CdtTrfTxInf/UltmtCdtr/Id/PrvtId/Othr/Id,Identification
/FIToFICstmrCdtTrf/CdtTrfTxInf/UltmtCdtr/Id/PrvtId/Othr/SchmeNm,Scheme Name
/FIToFICstmrCdtTrf/CdtTrfTxInf/UltmtCdtr/Id/PrvtId/Othr/SchmeNm/Cd,Code
/FIToFICstmrCdtTrf/CdtTrfTxInf/UltmtCdtr/Id/PrvtId/Othr/SchmeNm/Prtry,Proprietary
/FIToFICstmrCdtTrf/CdtTrfTxInf/UltmtCdtr/Id/PrvtId/Othr/Issr,Issuer
/FIToFICstmrCdtTrf/CdtTrfTxInf/UltmtCdtr/CtryOfRes,Country Of Residence
/FIToFICstmrCdtTrf/CdtTrfTxInf/UltmtCdtr/CtctDtls,Contact Details
/FIToFICstmrCdtTrf/CdtTrfTxInf/InstrForCdtrAgt,Instruction For Creditor Agent
/FIToFICstmrCdtTrf/CdtTrfTxInf/InstrForCdtrAgt/Cd,Code
/FIToFICstmrCdtTrf/CdtTrfTxInf/InstrForCdtrAgt/Cd,Pay Creditor By Cheque
/FIToFICstmrCdtTrf/CdtTrfTxInf/InstrForCdtrAgt/Cd,Hold Cash For Creditor
/FIToFICstmrCdtTrf/CdtTrfTxInf/InstrForCdtrAgt/Cd,Phone Beneficiary
/FIToFICstmrCdtTrf/CdtTrfTxInf/InstrForCdtrAgt/Cd,Telecom
/FIToFICstmrCdtTrf/CdtTrfTxInf/InstrForCdtrAgt/InstrInf,Instruction Information
/FIToFICstmrCdtTrf/CdtTrfTxInf/InstrForNxtAgt,Instruction For Next Agent
/FIToFICstmrCdtTrf/CdtTrfTxInf/InstrForNxtAgt/Cd,Code
/FIToFICstmrCdtTrf/CdtTrfTxInf/InstrForNxtAgt/InstrInf,Instruction Information
/FIToFICstmrCdtTrf/CdtTrfTxInf/Purp,Purpose
/FIToFICstmrCdtTrf/CdtTrfTxInf/Purp/Cd,Code
/FIToFICstmrCdtTrf/CdtTrfTxInf/Purp/Prtry,Proprietary
/FIToFICstmrCdtTrf/CdtTrfTxInf/RgltryRptg,Regulatory Reporting
/FIToFICstmrCdtTrf/CdtTrfTxInf/RgltryRptg/DbtCdtRptgInd,Debit Credit Reporting Indicator
/FIToFICstmrCdtTrf/CdtTrfTxInf/RgltryRptg/DbtCdtRptgInd,Credit
/FIToFICstmrCdtTrf/CdtTrfTxInf/RgltryRptg/DbtCdtRptgInd,Debit
/FIToFICstmrCdtTrf/CdtTrfTxInf/RgltryRptg/DbtCdtRptgInd,Both
/FIToFICstmrCdtTrf/CdtTrfTxInf/RgltryRptg/Authrty,Authority
/FIToFICstmrCdtTrf/CdtTrfTxInf/RgltryRptg/Authrty/Nm,Name
/FIToFICstmrCdtTrf/CdtTrfTxInf/RgltryRptg/Authrty/Ctry,Country
/FIToFICstmrCdtTrf/CdtTrfTxInf/RgltryRptg/Dtls,Details
/FIToFICstmrCdtTrf/CdtTrfTxInf/RgltryRptg/Dtls/Tp,Type
/FIToFICstmrCdtTrf/CdtTrfTxInf/RgltryRptg/Dtls/Dt,Date
/FIToFICstmrCdtTrf/CdtTrfTxInf/RgltryRptg/Dtls/Ctry,Country
/FIToFICstmrCdtTrf/CdtTrfTxInf/RgltryRptg/Dtls/Cd,Code
/FIToFICstmrCdtTrf/CdtTrfTxInf/RgltryRptg/Dtls/Amt,Amount
/FIToFICstmrCdtTrf/CdtTrfTxInf/RgltryRptg/Dtls/Amt/Ccy,Xml Attribute Currency
/FIToFICstmrCdtTrf/CdtTrfTxInf/RgltryRptg/Dtls/Inf,Information
/FIToFICstmrCdtTrf/CdtTrfTxInf/Tax,Tax
/FIToFICstmrCdtTrf/CdtTrfTxInf/RltdRmtInf,Related Remittance Information
/FIToFICstmrCdtTrf/CdtTrfTxInf/RltdRmtInf/RmtId,Remittance Identification
/FIToFICstmrCdtTrf/CdtTrfTxInf/RltdRmtInf/RmtLctnDtls,Remittance Location Details
/FIToFICstmrCdtTrf/CdtTrfTxInf/RltdRmtInf/RmtLctnDtls/Mtd,Method
/FIToFICstmrCdtTrf/CdtTrfTxInf/RltdRmtInf/RmtLctnDtls/Mtd,Fax
/FIToFICstmrCdtTrf/CdtTrfTxInf/RltdRmtInf/RmtLctnDtls/Mtd,Electronic Data Interchange
/FIToFICstmrCdtTrf/CdtTrfTxInf/RltdRmtInf/RmtLctnDtls/Mtd,Uniform Resource Identifier
/FIToFICstmrCdtTrf/CdtTrfTxInf/RltdRmtInf/RmtLctnDtls/Mtd,E Mail
/FIToFICstmrCdtTrf/CdtTrfTxInf/RltdRmtInf/RmtLctnDtls/Mtd,Post
/FIToFICstmrCdtTrf/CdtTrfTxInf/RltdRmtInf/RmtLctnDtls/Mtd,SMS
/FIToFICstmrCdtTrf/CdtTrfTxInf/RltdRmtInf/RmtLctnDtls/ElctrncAdr,Electronic Address
/FIToFICstmrCdtTrf/CdtTrfTxInf/RltdRmtInf/RmtLctnDtls/PstlAdr,Postal Address
/FIToFICstmrCdtTrf/CdtTrfTxInf/RltdRmtInf/RmtLctnDtls/PstlAdr/Nm,Name
/FIToFICstmrCdtTrf/CdtTrfTxInf/RltdRmtInf/RmtLctnDtls/PstlAdr/Adr,Address
/FIToFICstmrCdtTrf/CdtTrfTxInf/RltdRmtInf/RmtLctnDtls/PstlAdr/Adr/AdrTp,Address Type
/FIToFICstmrCdtTrf/CdtTrfTxInf/RltdRmtInf/RmtLctnDtls/PstlAdr/Adr/Dept,Department
/FIToFICstmrCdtTrf/CdtTrfTxInf/RltdRmtInf/RmtLctnDtls/PstlAdr/Adr/SubDept,Sub Department
/FIToFICstmrCdtTrf/CdtTrfTxInf/RltdRmtInf/RmtLctnDtls/PstlAdr/Adr/StrtNm,Street Name
/FIToFICstmrCdtTrf/CdtTrfTxInf/RltdRmtInf/RmtLctnDtls/PstlAdr/Adr/BldgNb,Building Number
/FIToFICstmrCdtTrf/CdtTrfTxInf/RltdRmtInf/RmtLctnDtls/PstlAdr/Adr/BldgNm,Building Name
/FIToFICstmrCdtTrf/CdtTrfTxInf/RltdRmtInf/RmtLctnDtls/PstlAdr/Adr/Flr,Floor
/FIToFICstmrCdtTrf/CdtTrfTxInf/RltdRmtInf/RmtLctnDtls/PstlAdr/Adr/PstBx,Post Box
/FIToFICstmrCdtTrf/CdtTrfTxInf/RltdRmtInf/RmtLctnDtls/PstlAdr/Adr/Room,Room
/FIToFICstmrCdtTrf/CdtTrfTxInf/RltdRmtInf/RmtLctnDtls/PstlAdr/Adr/PstCd,Post Code
/FIToFICstmrCdtTrf/CdtTrfTxInf/RltdRmtInf/RmtLctnDtls/PstlAdr/Adr/TwnNm,Town Name
/FIToFICstmrCdtTrf/CdtTrfTxInf/RltdRmtInf/RmtLctnDtls/PstlAdr/Adr/TwnLctnNm,Town Location Name
/FIToFICstmrCdtTrf/CdtTrfTxInf/RltdRmtInf/RmtLctnDtls/PstlAdr/Adr/DstrctNm,District Name
/FIToFICstmrCdtTrf/CdtTrfTxInf/RltdRmtInf/RmtLctnDtls/PstlAdr/Adr/CtrySubDvsn,Country Sub Division
/FIToFICstmrCdtTrf/CdtTrfTxInf/RltdRmtInf/RmtLctnDtls/PstlAdr/Adr/Ctry,Country
/FIToFICstmrCdtTrf/CdtTrfTxInf/RltdRmtInf/RmtLctnDtls/PstlAdr/Adr/AdrLine,Address Line
/FIToFICstmrCdtTrf/CdtTrfTxInf/RmtInf,Remittance Information
/FIToFICstmrCdtTrf/CdtTrfTxInf/RmtInf/Ustrd,Unstructured
/FIToFICstmrCdtTrf/CdtTrfTxInf/RmtInf/Strd,Structured
/FIToFICstmrCdtTrf/CdtTrfTxInf/RmtInf/Strd/RfrdDocInf,Referred Document Information
/FIToFICstmrCdtTrf/CdtTrfTxInf/RmtInf/Strd/RfrdDocInf/Tp,Type
/FIToFICstmrCdtTrf/CdtTrfTxInf/RmtInf/Strd/RfrdDocInf/Tp/CdOrPrtry,Code Or Proprietary
/FIToFICstmrCdtTrf/CdtTrfTxInf/RmtInf/Strd/RfrdDocInf/Tp/CdOrPrtry/Cd,Code
/FIToFICstmrCdtTrf/CdtTrfTxInf/RmtInf/Strd/RfrdDocInf/Tp/CdOrPrtry/Cd,Metered Service Invoice
/FIToFICstmrCdtTrf/CdtTrfTxInf/RmtInf/Strd/RfrdDocInf/Tp/CdOrPrtry/Cd,Credit Note Related To Financial Adjustment
/FIToFICstmrCdtTrf/CdtTrfTxInf/RmtInf/Strd/RfrdDocInf/Tp/CdOrPrtry/Cd,Debit Note Related To Financial Adjustment
/FIToFICstmrCdtTrf/CdtTrfTxInf/RmtInf/Strd/RfrdDocInf/Tp/CdOrPrtry/Cd,Commercial Invoice
/FIToFICstmrCdtTrf/CdtTrfTxInf/RmtInf/Strd/RfrdDocInf/Tp/CdOrPrtry/Cd,Credit Note
/FIToFICstmrCdtTrf/CdtTrfTxInf/RmtInf/Strd/RfrdDocInf/Tp/CdOrPrtry/Cd,Debit Note
/FIToFICstmrCdtTrf/CdtTrfTxInf/RmtInf/Strd/RfrdDocInf/Tp/CdOrPrtry/Cd,Hire Invoice
/FIToFICstmrCdtTrf/CdtTrfTxInf/RmtInf/Strd/RfrdDocInf/Tp/CdOrPrtry/Cd,Self Billed Invoice
/FIToFICstmrCdtTrf/CdtTrfTxInf/RmtInf/Strd/RfrdDocInf/Tp/CdOrPrtry/Cd,Commercial Contract
/FIToFICstmrCdtTrf/CdtTrfTxInf/RmtInf/Strd/RfrdDocInf/Tp/CdOrPrtry/Cd,Statement Of Account
/FIToFICstmrCdtTrf/CdtTrfTxInf/RmtInf/Strd/RfrdDocInf/Tp/CdOrPrtry/Cd,Dispatch Advice
/FIToFICstmrCdtTrf/CdtTrfTxInf/RmtInf/Strd/RfrdDocInf/Tp/CdOrPrtry/Cd,Bill Of Lading
/FIToFICstmrCdtTrf/CdtTrfTxInf/RmtInf/Strd/RfrdDocInf/Tp/CdOrPrtry/Cd,Voucher
/FIToFICstmrCdtTrf/CdtTrfTxInf/RmtInf/Strd/RfrdDocInf/Tp/CdOrPrtry/Cd,Account Receivable Open Item
/FIToFICstmrCdtTrf/CdtTrfTxInf/RmtInf/Strd/RfrdDocInf/Tp/CdOrPrtry/Cd,Trade Services Utility Transaction
/FIToFICstmrCdtTrf/CdtTrfTxInf/RmtInf/Strd/RfrdDocInf/Tp/CdOrPrtry/Cd,Purchase Order
/FIToFICstmrCdtTrf/CdtTrfTxInf/RmtInf/Strd/RfrdDocInf/Tp/CdOrPrtry/Prtry,Proprietary
/FIToFICstmrCdtTrf/CdtTrfTxInf/RmtInf/Strd/RfrdDocInf/Tp/Issr,Issuer
/FIToFICstmrCdtTrf/CdtTrfTxInf/RmtInf/Strd/RfrdDocInf/Nb,Number
/FIToFICstmrCdtTrf/CdtTrfTxInf/RmtInf/Strd/RfrdDocInf/RltdDt,Related Date
/FIToFICstmrCdtTrf/CdtTrfTxInf/RmtInf/Strd/RfrdDocInf/LineDtls,Line Details
/FIToFICstmrCdtTrf/CdtTrfTxInf/RmtInf/Strd/RfrdDocInf/LineDtls/Id,Identification
/FIToFICstmrCdtTrf/CdtTrfTxInf/RmtInf/Strd/RfrdDocInf/LineDtls/Id/Tp,Type
/FIToFICstmrCdtTrf/CdtTrfTxInf/RmtInf/Strd/RfrdDocInf/LineDtls/Id/Tp/CdOrPrtry,Code Or Proprietary
/FIToFICstmrCdtTrf/CdtTrfTxInf/RmtInf/Strd/RfrdDocInf/LineDtls/Id/Tp/CdOrPrtry/Cd,Code
/FIToFICstmrCdtTrf/CdtTrfTxInf/RmtInf/Strd/RfrdDocInf/LineDtls/Id/Tp/CdOrPrtry/Prtry,Proprietary
/FIToFICstmrCdtTrf/CdtTrfTxInf/RmtInf/Strd/RfrdDocInf/LineDtls/Id/Tp/Issr,Issuer
/FIToFICstmrCdtTrf/CdtTrfTxInf/RmtInf/Strd/RfrdDocInf/LineDtls/Id/Nb,Number
/FIToFICstmrCdtTrf/CdtTrfTxInf/RmtInf/Strd/RfrdDocInf/LineDtls/Id/RltdDt,Related Date
/FIToFICstmrCdtTrf/CdtTrfTxInf/RmtInf/Strd/RfrdDocInf/LineDtls/Desc,Description
/FIToFICstmrCdtTrf/CdtTrfTxInf/RmtInf/Strd/RfrdDocInf/LineDtls/Amt,Amount
/FIToFICstmrCdtTrf/CdtTrfTxInf/RmtInf/Strd/RfrdDocInf/LineDtls/Amt/DuePyblAmt,Due Payable Amount
/FIToFICstmrCdtTrf/CdtTrfTxInf/RmtInf/Strd/RfrdDocInf/LineDtls/Amt/DuePyblAmt/Ccy,Xml Attribute Currency
/FIToFICstmrCdtTrf/CdtTrfTxInf/RmtInf/Strd/RfrdDocInf/LineDtls/Amt/DscntApldAmt,Discount Applied Amount
/FIToFICstmrCdtTrf/CdtTrfTxInf/RmtInf/Strd/RfrdDocInf/LineDtls/Amt/DscntApldAmt/Tp,Type
/FIToFICstmrCdtTrf/CdtTrfTxInf/RmtInf/Strd/RfrdDocInf/LineDtls/Amt/DscntApldAmt/Tp/Cd,Code
/FIToFICstmrCdtTrf/CdtTrfTxInf/RmtInf/Strd/RfrdDocInf/LineDtls/Amt/DscntApldAmt/Tp/Prtry,Proprietary
/FIToFICstmrCdtTrf/CdtTrfTxInf/RmtInf/Strd/RfrdDocInf/LineDtls/Amt/DscntApldAmt/Amt,Amount
/FIToFICstmrCdtTrf/CdtTrfTxInf/RmtInf/Strd/RfrdDocInf/LineDtls/Amt/DscntApldAmt/Amt/Ccy,Xml Attribute Currency
/FIToFICstmrCdtTrf/CdtTrfTxInf/RmtInf/Strd/RfrdDocInf/LineDtls/Amt/CdtNoteAmt,Credit Note Amount
/FIToFICstmrCdtTrf/CdtTrfTxInf/RmtInf/Strd/RfrdDocInf/LineDtls/Amt/CdtNoteAmt/Ccy,Xml Attribute Currency
/FIToFICstmrCdtTrf/CdtTrfTxInf/RmtInf/Strd/RfrdDocInf/LineDtls/Amt/TaxAmt,Tax Amount
/FIToFICstmrCdtTrf/CdtTrfTxInf/RmtInf/Strd/RfrdDocInf/LineDtls/Amt/TaxAmt/Tp,Type
/FIToFICstmrCdtTrf/CdtTrfTxInf/RmtInf/Strd/RfrdDocInf/LineDtls/Amt/TaxAmt/Tp/Cd,Code
/FIToFICstmrCdtTrf/CdtTrfTxInf/RmtInf/Strd/RfrdDocInf/LineDtls/Amt/TaxAmt/Tp/Prtry,Proprietary
/FIToFICstmrCdtTrf/CdtTrfTxInf/RmtInf/Strd/RfrdDocInf/LineDtls/Amt/TaxAmt/Amt,Amount
/FIToFICstmrCdtTrf/CdtTrfTxInf/RmtInf/Strd/RfrdDocInf/LineDtls/Amt/TaxAmt/Amt/Ccy,Xml Attribute Currency
/FIToFICstmrCdtTrf/CdtTrfTxInf/RmtInf/Strd/RfrdDocInf/LineDtls/Amt/AdjstmntAmtAndRsn,Adjustment Amount And Reason
/FIToFICstmrCdtTrf/CdtTrfTxInf/RmtInf/Strd/RfrdDocInf/LineDtls/Amt/AdjstmntAmtAndRsn/Amt,Amount
/FIToFICstmrCdtTrf/CdtTrfTxInf/RmtInf/Strd/RfrdDocInf/LineDtls/Amt/AdjstmntAmtAndRsn/Amt/Ccy,Xml Attribute Currency
/FIToFICstmrCdtTrf/CdtTrfTxInf/RmtInf/Strd/RfrdDocInf/LineDtls/Amt/AdjstmntAmtAndRsn/CdtDbtInd,Credit Debit Indicator
/FIToFICstmrCdtTrf/CdtTrfTxInf/RmtInf/Strd/RfrdDocInf/LineDtls/Amt/AdjstmntAmtAndRsn/CdtDbtInd,Credit
/FIToFICstmrCdtTrf/CdtTrfTxInf/RmtInf/Strd/RfrdDocInf/LineDtls/Amt/AdjstmntAmtAndRsn/CdtDbtInd,Debit
/FIToFICstmrCdtTrf/CdtTrfTxInf/RmtInf/Strd/RfrdDocInf/LineDtls/Amt/AdjstmntAmtAndRsn/Rsn,Reason
/FIToFICstmrCdtTrf/CdtTrfTxInf/RmtInf/Strd/RfrdDocInf/LineDtls/Amt/AdjstmntAmtAndRsn/AddtlInf,Additional Information
/FIToFICstmrCdtTrf/CdtTrfTxInf/RmtInf/Strd/RfrdDocInf/LineDtls/Amt/RmtdAmt,Remitted Amount
/FIToFICstmrCdtTrf/CdtTrfTxInf/RmtInf/Strd/RfrdDocInf/LineDtls/Amt/RmtdAmt/Ccy,Xml Attribute Currency
/FIToFICstmrCdtTrf/CdtTrfTxInf/RmtInf/Strd/RfrdDocAmt,Referred Document Amount
/FIToFICstmrCdtTrf/CdtTrfTxInf/RmtInf/Strd/RfrdDocAmt/DuePyblAmt,Due Payable Amount
/FIToFICstmrCdtTrf/CdtTrfTxInf/RmtInf/Strd/RfrdDocAmt/DuePyblAmt/Ccy,Xml Attribute Currency
/FIToFICstmrCdtTrf/CdtTrfTxInf/RmtInf/Strd/RfrdDocAmt/DscntApldAmt,Discount Applied Amount
/FIToFICstmrCdtTrf/CdtTrfTxInf/RmtInf/Strd/RfrdDocAmt/DscntApldAmt/Tp,Type
/FIToFICstmrCdtTrf/CdtTrfTxInf/RmtInf/Strd/RfrdDocAmt/DscntApldAmt/Tp/Cd,Code
/FIToFICstmrCdtTrf/CdtTrfTxInf/RmtInf/Strd/RfrdDocAmt/DscntApldAmt/Tp/Prtry,Proprietary
/FIToFICstmrCdtTrf/CdtTrfTxInf/RmtInf/Strd/RfrdDocAmt/DscntApldAmt/Amt,Amount
/FIToFICstmrCdtTrf/CdtTrfTxInf/RmtInf/Strd/RfrdDocAmt/DscntApldAmt/Amt/Ccy,Xml Attribute Currency
/FIToFICstmrCdtTrf/CdtTrfTxInf/RmtInf/Strd/RfrdDocAmt/CdtNoteAmt,Credit Note Amount
/FIToFICstmrCdtTrf/CdtTrfTxInf/RmtInf/Strd/RfrdDocAmt/CdtNoteAmt/Ccy,Xml Attribute Currency
/FIToFICstmrCdtTrf/CdtTrfTxInf/RmtInf/Strd/RfrdDocAmt/TaxAmt,Tax Amount
/FIToFICstmrCdtTrf/CdtTrfTxInf/RmtInf/Strd/RfrdDocAmt/TaxAmt/Tp,Type
/FIToFICstmrCdtTrf/CdtTrfTxInf/RmtInf/Strd/RfrdDocAmt/TaxAmt/Tp/Cd,Code
/FIToFICstmrCdtTrf/CdtTrfTxInf/RmtInf/Strd/RfrdDocAmt/TaxAmt/Tp/Prtry,Proprietary
/FIToFICstmrCdtTrf/CdtTrfTxInf/RmtInf/Strd/RfrdDocAmt/TaxAmt/Amt,Amount
/FIToFICstmrCdtTrf/CdtTrfTxInf/RmtInf/Strd/RfrdDocAmt/TaxAmt/Amt/Ccy,Xml Attribute Currency
/FIToFICstmrCdtTrf/CdtTrfTxInf/RmtInf/Strd/RfrdDocAmt/AdjstmntAmtAndRsn,Adjustment Amount And Reason
/FIToFICstmrCdtTrf/CdtTrfTxInf/RmtInf/Strd/RfrdDocAmt/AdjstmntAmtAndRsn/Amt,Amount
/FIToFICstmrCdtTrf/CdtTrfTxInf/RmtInf/Strd/RfrdDocAmt/AdjstmntAmtAndRsn/Amt/Ccy,Xml Attribute Currency
/FIToFICstmrCdtTrf/CdtTrfTxInf/RmtInf/Strd/RfrdDocAmt/AdjstmntAmtAndRsn/CdtDbtInd,Credit Debit Indicator
/FIToFICstmrCdtTrf/CdtTrfTxInf/RmtInf/Strd/RfrdDocAmt/AdjstmntAmtAndRsn/CdtDbtInd,Credit
/FIToFICstmrCdtTrf/CdtTrfTxInf/RmtInf/Strd/RfrdDocAmt/AdjstmntAmtAndRsn/CdtDbtInd,Debit
/FIToFICstmrCdtTrf/CdtTrfTxInf/RmtInf/Strd/RfrdDocAmt/AdjstmntAmtAndRsn/Rsn,Reason
/FIToFICstmrCdtTrf/CdtTrfTxInf/RmtInf/Strd/RfrdDocAmt/AdjstmntAmtAndRsn/AddtlInf,Additional Information
/FIToFICstmrCdtTrf/CdtTrfTxInf/RmtInf/Strd/RfrdDocAmt/RmtdAmt,Remitted Amount
/FIToFICstmrCdtTrf/CdtTrfTxInf/RmtInf/Strd/RfrdDocAmt/RmtdAmt/Ccy,Xml Attribute Currency
/FIToFICstmrCdtTrf/CdtTrfTxInf/RmtInf/Strd/CdtrRefInf,Creditor Reference Information
/FIToFICstmrCdtTrf/CdtTrfTxInf/RmtInf/Strd/CdtrRefInf/Tp,Type
/FIToFICstmrCdtTrf/CdtTrfTxInf/RmtInf/Strd/CdtrRefInf/Tp/CdOrPrtry,Code Or Proprietary
/FIToFICstmrCdtTrf/CdtTrfTxInf/RmtInf/Strd/CdtrRefInf/Tp/CdOrPrtry/Cd,Code
/FIToFICstmrCdtTrf/CdtTrfTxInf/RmtInf/Strd/CdtrRefInf/Tp/CdOrPrtry/Cd,Remittance Advice Message
/FIToFICstmrCdtTrf/CdtTrfTxInf/RmtInf/Strd/CdtrRefInf/Tp/CdOrPrtry/Cd,Related Payment Instruction
/FIToFICstmrCdtTrf/CdtTrfTxInf/RmtInf/Strd/CdtrRefInf/Tp/CdOrPrtry/Cd,Foreign Exchange Deal Reference
/FIToFICstmrCdtTrf/CdtTrfTxInf/RmtInf/Strd/CdtrRefInf/Tp/CdOrPrtry/Cd,Dispatch Advice
/FIToFICstmrCdtTrf/CdtTrfTxInf/RmtInf/Strd/CdtrRefInf/Tp/CdOrPrtry/Cd,Purchase Order
/FIToFICstmrCdtTrf/CdtTrfTxInf/RmtInf/Strd/CdtrRefInf/Tp/CdOrPrtry/Cd,Structured Communication Reference
/FIToFICstmrCdtTrf/CdtTrfTxInf/RmtInf/Strd/CdtrRefInf/Tp/CdOrPrtry/Prtry,Proprietary
/FIToFICstmrCdtTrf/CdtTrfTxInf/RmtInf/Strd/CdtrRefInf/Tp/Issr,Issuer
/FIToFICstmrCdtTrf/CdtTrfTxInf/RmtInf/Strd/CdtrRefInf/Ref,Reference
/FIToFICstmrCdtTrf/CdtTrfTxInf/RmtInf/Strd/Invcr,Invoicer
/FIToFICstmrCdtTrf/CdtTrfTxInf/RmtInf/Strd/Invcr/Nm,Name
/FIToFICstmrCdtTrf/CdtTrfTxInf/RmtInf/Strd/Invcr/PstlAdr,Postal Address
/FIToFICstmrCdtTrf/CdtTrfTxInf/RmtInf/Strd/Invcr/PstlAdr/AdrTp,Address Type
/FIToFICstmrCdtTrf/CdtTrfTxInf/RmtInf/Strd/Invcr/PstlAdr/Dept,Department
/FIToFICstmrCdtTrf/CdtTrfTxInf/RmtInf/Strd/Invcr/PstlAdr/SubDept,Sub Department
/FIToFICstmrCdtTrf/CdtTrfTxInf/RmtInf/Strd/Invcr/PstlAdr/StrtNm,Street Name
/FIToFICstmrCdtTrf/CdtTrfTxInf/RmtInf/Strd/Invcr/PstlAdr/BldgNb,Building Number
/FIToFICstmrCdtTrf/CdtTrfTxInf/RmtInf/Strd/Invcr/PstlAdr/BldgNm,Building Name
/FIToFICstmrCdtTrf/CdtTrfTxInf/RmtInf/Strd/Invcr/PstlAdr/Flr,Floor
/FIToFICstmrCdtTrf/CdtTrfTxInf/RmtInf/Strd/Invcr/PstlAdr/PstBx,Post Box
/FIToFICstmrCdtTrf/CdtTrfTxInf/RmtInf/Strd/Invcr/PstlAdr/Room,Room
/FIToFICstmrCdtTrf/CdtTrfTxInf/RmtInf/Strd/Invcr/PstlAdr/PstCd,Post Code
/FIToFICstmrCdtTrf/CdtTrfTxInf/RmtInf/Strd/Invcr/PstlAdr/TwnNm,Town Name
/FIToFICstmrCdtTrf/CdtTrfTxInf/RmtInf/Strd/Invcr/PstlAdr/TwnLctnNm,Town Location Name
/FIToFICstmrCdtTrf/CdtTrfTxInf/RmtInf/Strd/Invcr/PstlAdr/DstrctNm,District Name
/FIToFICstmrCdtTrf/CdtTrfTxInf/RmtInf/Strd/Invcr/PstlAdr/CtrySubDvsn,Country Sub Division
/FIToFICstmrCdtTrf/CdtTrfTxInf/RmtInf/Strd/Invcr/PstlAdr/Ctry,Country
/FIToFICstmrCdtTrf/CdtTrfTxInf/RmtInf/Strd/Invcr/PstlAdr/AdrLine,Address Line
/FIToFICstmrCdtTrf/CdtTrfTxInf/RmtInf/Strd/Invcr/Id,Identification
/FIToFICstmrCdtTrf/CdtTrfTxInf/RmtInf/Strd/Invcr/Id/OrgId,Organisation Identification
/FIToFICstmrCdtTrf/CdtTrfTxInf/RmtInf/Strd/Invcr/Id/OrgId/AnyBIC,Any BIC
/FIToFICstmrCdtTrf/CdtTrfTxInf/RmtInf/Strd/Invcr/Id/OrgId/LEI,LEI
/FIToFICstmrCdtTrf/CdtTrfTxInf/RmtInf/Strd/Invcr/Id/OrgId/Othr,Other
/FIToFICstmrCdtTrf/CdtTrfTxInf/RmtInf/Strd/Invcr/Id/OrgId/Othr/Id,Identification
/FIToFICstmrCdtTrf/CdtTrfTxInf/RmtInf/Strd/Invcr/Id/OrgId/Othr/SchmeNm,Scheme Name
/FIToFICstmrCdtTrf/CdtTrfTxInf/RmtInf/Strd/Invcr/Id/OrgId/Othr/SchmeNm/Cd,Code
/FIToFICstmrCdtTrf/CdtTrfTxInf/RmtInf/Strd/Invcr/Id/OrgId/Othr/SchmeNm/Prtry,Proprietary
/FIToFICstmrCdtTrf/CdtTrfTxInf/RmtInf/Strd/Invcr/Id/OrgId/Othr/Issr,Issuer
/FIToFICstmrCdtTrf/CdtTrfTxInf/RmtInf/Strd/Invcr/Id/PrvtId,Private Identification
/FIToFICstmrCdtTrf/CdtTrfTxInf/RmtInf/Strd/Invcr/Id/PrvtId/DtAndPlcOfBirth,Date And Place Of Birth
/FIToFICstmrCdtTrf/CdtTrfTxInf/RmtInf/Strd/Invcr/Id/PrvtId/DtAndPlcOfBirth/BirthDt,Birth Date
/FIToFICstmrCdtTrf/CdtTrfTxInf/RmtInf/Strd/Invcr/Id/PrvtId/DtAndPlcOfBirth/PrvcOfBirth,Province Of Birth
/FIToFICstmrCdtTrf/CdtTrfTxInf/RmtInf/Strd/Invcr/Id/PrvtId/DtAndPlcOfBirth/CityOfBirth,City Of Birth
/FIToFICstmrCdtTrf/CdtTrfTxInf/RmtInf/Strd/Invcr/Id/PrvtId/DtAndPlcOfBirth/CtryOfBirth,Country Of Birth
/FIToFICstmrCdtTrf/CdtTrfTxInf/RmtInf/Strd/Invcr/Id/PrvtId/Othr,Other
/FIToFICstmrCdtTrf/CdtTrfTxInf/RmtInf/Strd/Invcr/Id/PrvtId/Othr/Id,Identification
/FIToFICstmrCdtTrf/CdtTrfTxInf/RmtInf/Strd/Invcr/Id/PrvtId/Othr/SchmeNm,Scheme Name
/FIToFICstmrCdtTrf/CdtTrfTxInf/RmtInf/Strd/Invcr/Id/PrvtId/Othr/SchmeNm/Cd,Code
/FIToFICstmrCdtTrf/CdtTrfTxInf/RmtInf/Strd/Invcr/Id/PrvtId/Othr/SchmeNm/Prtry,Proprietary
/FIToFICstmrCdtTrf/CdtTrfTxInf/RmtInf/Strd/Invcr/Id/PrvtId/Othr/Issr,Issuer
/FIToFICstmrCdtTrf/CdtTrfTxInf/RmtInf/Strd/Invcr/CtryOfRes,Country Of Residence
/FIToFICstmrCdtTrf/CdtTrfTxInf/RmtInf/Strd/Invcr/CtctDtls,Contact Details
/FIToFICstmrCdtTrf/CdtTrfTxInf/RmtInf/Strd/Invcee,Invoicee
/FIToFICstmrCdtTrf/CdtTrfTxInf/RmtInf/Strd/Invcee/Nm,Name
/FIToFICstmrCdtTrf/CdtTrfTxInf/RmtInf/Strd/Invcee/PstlAdr,Postal Address
/FIToFICstmrCdtTrf/CdtTrfTxInf/RmtInf/Strd/Invcee/PstlAdr/AdrTp,Address Type
/FIToFICstmrCdtTrf/CdtTrfTxInf/RmtInf/Strd/Invcee/PstlAdr/Dept,Department
/FIToFICstmrCdtTrf/CdtTrfTxInf/RmtInf/Strd/Invcee/PstlAdr/SubDept,Sub Department
/FIToFICstmrCdtTrf/CdtTrfTxInf/RmtInf/Strd/Invcee/PstlAdr/StrtNm,Street Name
/FIToFICstmrCdtTrf/CdtTrfTxInf/RmtInf/Strd/Invcee/PstlAdr/BldgNb,Building Number
/FIToFICstmrCdtTrf/CdtTrfTxInf/RmtInf/Strd/Invcee/PstlAdr/BldgNm,Building Name
/FIToFICstmrCdtTrf/CdtTrfTxInf/RmtInf/Strd/Invcee/PstlAdr/Flr,Floor
/FIToFICstmrCdtTrf/CdtTrfTxInf/RmtInf/Strd/Invcee/PstlAdr/PstBx,Post Box
/FIToFICstmrCdtTrf/CdtTrfTxInf/RmtInf/Strd/Invcee/PstlAdr/Room,Room
/FIToFICstmrCdtTrf/CdtTrfTxInf/RmtInf/Strd/Invcee/PstlAdr/PstCd,Post Code
/FIToFICstmrCdtTrf/CdtTrfTxInf/RmtInf/Strd/Invcee/PstlAdr/TwnNm,Town Name
/FIToFICstmrCdtTrf/CdtTrfTxInf/RmtInf/Strd/Invcee/PstlAdr/TwnLctnNm,Town Location Name
/FIToFICstmrCdtTrf/CdtTrfTxInf/RmtInf/Strd/Invcee/PstlAdr/DstrctNm,District Name
/FIToFICstmrCdtTrf/CdtTrfTxInf/RmtInf/Strd/Invcee/PstlAdr/CtrySubDvsn,Country Sub Division
/FIToFICstmrCdtTrf/CdtTrfTxInf/RmtInf/Strd/Invcee/PstlAdr/Ctry,Country
/FIToFICstmrCdtTrf/CdtTrfTxInf/RmtInf/Strd/Invcee/PstlAdr/AdrLine,Address Line
/FIToFICstmrCdtTrf/CdtTrfTxInf/RmtInf/Strd/Invcee/Id,Identification
/FIToFICstmrCdtTrf/CdtTrfTxInf/RmtInf/Strd/Invcee/Id/OrgId,Organisation Identification
/FIToFICstmrCdtTrf/CdtTrfTxInf/RmtInf/Strd/Invcee/Id/OrgId/AnyBIC,Any BIC
/FIToFICstmrCdtTrf/CdtTrfTxInf/RmtInf/Strd/Invcee/Id/OrgId/LEI,LEI
/FIToFICstmrCdtTrf/CdtTrfTxInf/RmtInf/Strd/Invcee/Id/OrgId/Othr,Other
/FIToFICstmrCdtTrf/CdtTrfTxInf/RmtInf/Strd/Invcee/Id/OrgId/Othr/Id,Identification
/FIToFICstmrCdtTrf/CdtTrfTxInf/RmtInf/Strd/Invcee/Id/OrgId/Othr/SchmeNm,Scheme Name
/FIToFICstmrCdtTrf/CdtTrfTxInf/RmtInf/Strd/Invcee/Id/OrgId/Othr/SchmeNm/Cd,Code
/FIToFICstmrCdtTrf/CdtTrfTxInf/RmtInf/Strd/Invcee/Id/OrgId/Othr/SchmeNm/Prtry,Proprietary
/FIToFICstmrCdtTrf/CdtTrfTxInf/RmtInf/Strd/Invcee/Id/OrgId/Othr/Issr,Issuer
/FIToFICstmrCdtTrf/CdtTrfTxInf/RmtInf/Strd/Invcee/Id/PrvtId,Private Identification
/FIToFICstmrCdtTrf/CdtTrfTxInf/RmtInf/Strd/Invcee/Id/PrvtId/DtAndPlcOfBirth,Date And Place Of Birth
/FIToFICstmrCdtTrf/CdtTrfTxInf/RmtInf/Strd/Invcee/Id/PrvtId/DtAndPlcOfBirth/BirthDt,Birth Date
/FIToFICstmrCdtTrf/CdtTrfTxInf/RmtInf/Strd/Invcee/Id/PrvtId/DtAndPlcOfBirth/PrvcOfBirth,Province Of Birth
/FIToFICstmrCdtTrf/CdtTrfTxInf/RmtInf/Strd/Invcee/Id/PrvtId/DtAndPlcOfBirth/CityOfBirth,City Of Birth
/FIToFICstmrCdtTrf/CdtTrfTxInf/RmtInf/Strd/Invcee/Id/PrvtId/DtAndPlcOfBirth/CtryOfBirth,Country Of Birth
/FIToFICstmrCdtTrf/CdtTrfTxInf/RmtInf/Strd/Invcee/Id/PrvtId/Othr,Other
/FIToFICstmrCdtTrf/CdtTrfTxInf/RmtInf/Strd/Invcee/Id/PrvtId/Othr/Id,Identification
/FIToFICstmrCdtTrf/CdtTrfTxInf/RmtInf/Strd/Invcee/Id/PrvtId/Othr/SchmeNm,Scheme Name
/FIToFICstmrCdtTrf/CdtTrfTxInf/RmtInf/Strd/Invcee/Id/PrvtId/Othr/SchmeNm/Cd,Code
/FIToFICstmrCdtTrf/CdtTrfTxInf/RmtInf/Strd/Invcee/Id/PrvtId/Othr/SchmeNm/Prtry,Proprietary
/FIToFICstmrCdtTrf/CdtTrfTxInf/RmtInf/Strd/Invcee/Id/PrvtId/Othr/Issr,Issuer
/FIToFICstmrCdtTrf/CdtTrfTxInf/RmtInf/Strd/Invcee/CtryOfRes,Country Of Residence
/FIToFICstmrCdtTrf/CdtTrfTxInf/RmtInf/Strd/Invcee/CtctDtls,Contact Details
/FIToFICstmrCdtTrf/CdtTrfTxInf/RmtInf/Strd/TaxRmt,Tax Remittance
/FIToFICstmrCdtTrf/CdtTrfTxInf/RmtInf/Strd/TaxRmt/Cdtr,Creditor
/FIToFICstmrCdtTrf/CdtTrfTxInf/RmtInf/Strd/TaxRmt/Cdtr/TaxId,Tax Identification
/FIToFICstmrCdtTrf/CdtTrfTxInf/RmtInf/Strd/TaxRmt/Cdtr/RegnId,Registration Identification
/FIToFICstmrCdtTrf/CdtTrfTxInf/RmtInf/Strd/TaxRmt/Cdtr/TaxTp,Tax Type
/FIToFICstmrCdtTrf/CdtTrfTxInf/RmtInf/Strd/TaxRmt/Dbtr,Debtor
/FIToFICstmrCdtTrf/CdtTrfTxInf/RmtInf/Strd/TaxRmt/Dbtr/TaxId,Tax Identification
/FIToFICstmrCdtTrf/CdtTrfTxInf/RmtInf/Strd/TaxRmt/Dbtr/RegnId,Registration Identification
/FIToFICstmrCdtTrf/CdtTrfTxInf/RmtInf/Strd/TaxRmt/Dbtr/TaxTp,Tax Type
/FIToFICstmrCdtTrf/CdtTrfTxInf/RmtInf/Strd/TaxRmt/Dbtr/Authstn,Authorisation
/FIToFICstmrCdtTrf/CdtTrfTxInf/RmtInf/Strd/TaxRmt/Dbtr/Authstn/Titl,Title
/FIToFICstmrCdtTrf/CdtTrfTxInf/RmtInf/Strd/TaxRmt/Dbtr/Authstn/Nm,Name
/FIToFICstmrCdtTrf/CdtTrfTxInf/RmtInf/Strd/TaxRmt/UltmtDbtr,Ultimate Debtor
/FIToFICstmrCdtTrf/CdtTrfTxInf/RmtInf/Strd/TaxRmt/UltmtDbtr/TaxId,Tax Identification
/FIToFICstmrCdtTrf/CdtTrfTxInf/RmtInf/Strd/TaxRmt/UltmtDbtr/RegnId,Registration Identification
/FIToFICstmrCdtTrf/CdtTrfTxInf/RmtInf/Strd/TaxRmt/UltmtDbtr/TaxTp,Tax Type
/FIToFICstmrCdtTrf/CdtTrfTxInf/RmtInf/Strd/TaxRmt/UltmtDbtr/Authstn,Authorisation
/FIToFICstmrCdtTrf/CdtTrfTxInf/RmtInf/Strd/TaxRmt/UltmtDbtr/Authstn/Titl,Title
/FIToFICstmrCdtTrf/CdtTrfTxInf/RmtInf/Strd/TaxRmt/UltmtDbtr/Authstn/Nm,Name
/FIToFICstmrCdtTrf/CdtTrfTxInf/RmtInf/Strd/TaxRmt/AdmstnZone,Administration Zone
/FIToFICstmrCdtTrf/CdtTrfTxInf/RmtInf/Strd/TaxRmt/RefNb,Reference Number
/FIToFICstmrCdtTrf/CdtTrfTxInf/RmtInf/Strd/TaxRmt/Mtd,Method
/FIToFICstmrCdtTrf/CdtTrfTxInf/RmtInf/Strd/TaxRmt/TtlTaxblBaseAmt,Total Taxable Base Amount
/FIToFICstmrCdtTrf/CdtTrfTxInf/RmtInf/Strd/TaxRmt/TtlTaxblBaseAmt/Ccy,Xml Attribute Currency
/FIToFICstmrCdtTrf/CdtTrfTxInf/RmtInf/Strd/TaxRmt/TtlTaxAmt,Total Tax Amount
/FIToFICstmrCdtTrf/CdtTrfTxInf/RmtInf/Strd/TaxRmt/TtlTaxAmt/Ccy,Xml Attribute Currency
/FIToFICstmrCdtTrf/CdtTrfTxInf/RmtInf/Strd/TaxRmt/Dt,Date
/FIToFICstmrCdtTrf/CdtTrfTxInf/RmtInf/Strd/TaxRmt/SeqNb,Sequence Number
/FIToFICstmrCdtTrf/CdtTrfTxInf/RmtInf/Strd/TaxRmt/Rcrd,Record
/FIToFICstmrCdtTrf/CdtTrfTxInf/RmtInf/Strd/TaxRmt/Rcrd/Tp,Type
/FIToFICstmrCdtTrf/CdtTrfTxInf/RmtInf/Strd/TaxRmt/Rcrd/Ctgy,Category
/FIToFICstmrCdtTrf/CdtTrfTxInf/RmtInf/Strd/TaxRmt/Rcrd/CtgyDtls,Category Details
/FIToFICstmrCdtTrf/CdtTrfTxInf/RmtInf/Strd/TaxRmt/Rcrd/DbtrSts,Debtor Status
/FIToFICstmrCdtTrf/CdtTrfTxInf/RmtInf/Strd/TaxRmt/Rcrd/CertId,Certificate Identification
/FIToFICstmrCdtTrf/CdtTrfTxInf/RmtInf/Strd/TaxRmt/Rcrd/FrmsCd,Forms Code
/FIToFICstmrCdtTrf/CdtTrfTxInf/RmtInf/Strd/TaxRmt/Rcrd/Prd,Period
/FIToFICstmrCdtTrf/CdtTrfTxInf/RmtInf/Strd/TaxRmt/Rcrd/Prd/Yr,Year
/FIToFICstmrCdtTrf/CdtTrfTxInf/RmtInf/Strd/TaxRmt/Rcrd/Prd/Tp,Type
/FIToFICstmrCdtTrf/CdtTrfTxInf/RmtInf/Strd/TaxRmt/Rcrd/Prd/Tp,First Month
/FIToFICstmrCdtTrf/CdtTrfTxInf/RmtInf/Strd/TaxRmt/Rcrd/Prd/Tp,Second Month
/FIToFICstmrCdtTrf/CdtTrfTxInf/RmtInf/Strd/TaxRmt/Rcrd/Prd/Tp,Third Month
/FIToFICstmrCdtTrf/CdtTrfTxInf/RmtInf/Strd/TaxRmt/Rcrd/Prd/Tp,Fourth Month
/FIToFICstmrCdtTrf/CdtTrfTxInf/RmtInf/Strd/TaxRmt/Rcrd/Prd/Tp,Fifth Month
/FIToFICstmrCdtTrf/CdtTrfTxInf/RmtInf/Strd/TaxRmt/Rcrd/Prd/Tp,Sixth Month
/FIToFICstmrCdtTrf/CdtTrfTxInf/RmtInf/Strd/TaxRmt/Rcrd/Prd/Tp,Seventh Month
/FIToFICstmrCdtTrf/CdtTrfTxInf/RmtInf/Strd/TaxRmt/Rcrd/Prd/Tp,Eighth Month
/FIToFICstmrCdtTrf/CdtTrfTxInf/RmtInf/Strd/TaxRmt/Rcrd/Prd/Tp,Ninth Month
/FIToFICstmrCdtTrf/CdtTrfTxInf/RmtInf/Strd/TaxRmt/Rcrd/Prd/Tp,Tenth Month
/FIToFICstmrCdtTrf/CdtTrfTxInf/RmtInf/Strd/TaxRmt/Rcrd/Prd/Tp,Eleventh Month
/FIToFICstmrCdtTrf/CdtTrfTxInf/RmtInf/Strd/TaxRmt/Rcrd/Prd/Tp,Twelfth Month
/FIToFICstmrCdtTrf/CdtTrfTxInf/RmtInf/Strd/TaxRmt/Rcrd/Prd/Tp,First Quarter
/FIToFICstmrCdtTrf/CdtTrfTxInf/RmtInf/Strd/TaxRmt/Rcrd/Prd/Tp,Second Quarter
/FIToFICstmrCdtTrf/CdtTrfTxInf/RmtInf/Strd/TaxRmt/Rcrd/Prd/Tp,Third Quarter
/FIToFICstmrCdtTrf/CdtTrfTxInf/RmtInf/Strd/TaxRmt/Rcrd/Prd/Tp,Fourth Quarter
/FIToFICstmrCdtTrf/CdtTrfTxInf/RmtInf/Strd/TaxRmt/Rcrd/Prd/Tp,First Half
/FIToFICstmrCdtTrf/CdtTrfTxInf/RmtInf/Strd/TaxRmt/Rcrd/Prd/Tp,Second Half
/FIToFICstmrCdtTrf/CdtTrfTxInf/RmtInf/Strd/TaxRmt/Rcrd/Prd/FrToDt,From To Date
/FIToFICstmrCdtTrf/CdtTrfTxInf/RmtInf/Strd/TaxRmt/Rcrd/Prd/FrToDt/FrDt,From Date
/FIToFICstmrCdtTrf/CdtTrfTxInf/RmtInf/Strd/TaxRmt/Rcrd/Prd/FrToDt/ToDt,To Date
/FIToFICstmrCdtTrf/CdtTrfTxInf/RmtInf/Strd/TaxRmt/Rcrd/TaxAmt,Tax Amount
/FIToFICstmrCdtTrf/CdtTrfTxInf/RmtInf/Strd/TaxRmt/Rcrd/TaxAmt/Rate,Rate
/FIToFICstmrCdtTrf/CdtTrfTxInf/RmtInf/Strd/TaxRmt/Rcrd/TaxAmt/TaxblBaseAmt,Taxable Base Amount
/FIToFICstmrCdtTrf/CdtTrfTxInf/RmtInf/Strd/TaxRmt/Rcrd/TaxAmt/TaxblBaseAmt/Ccy,Xml Attribute Currency
/FIToFICstmrCdtTrf/CdtTrfTxInf/RmtInf/Strd/TaxRmt/Rcrd/TaxAmt/TtlAmt,Total Amount
/FIToFICstmrCdtTrf/CdtTrfTxInf/RmtInf/Strd/TaxRmt/Rcrd/TaxAmt/TtlAmt/Ccy,Xml Attribute Currency
/FIToFICstmrCdtTrf/CdtTrfTxInf/RmtInf/Strd/TaxRmt/Rcrd/TaxAmt/Dtls,Details
/FIToFICstmrCdtTrf/CdtTrfTxInf/RmtInf/Strd/TaxRmt/Rcrd/TaxAmt/Dtls/Prd,Period
/FIToFICstmrCdtTrf/CdtTrfTxInf/RmtInf/Strd/TaxRmt/Rcrd/TaxAmt/Dtls/Prd/Yr,Year
/FIToFICstmrCdtTrf/CdtTrfTxInf/RmtInf/Strd/TaxRmt/Rcrd/TaxAmt/Dtls/Prd/Tp,Type
/FIToFICstmrCdtTrf/CdtTrfTxInf/RmtInf/Strd/TaxRmt/Rcrd/TaxAmt/Dtls/Prd/Tp,First Month
/FIToFICstmrCdtTrf/CdtTrfTxInf/RmtInf/Strd/TaxRmt/Rcrd/TaxAmt/Dtls/Prd/Tp,Second Month
/FIToFICstmrCdtTrf/CdtTrfTxInf/RmtInf/Strd/TaxRmt/Rcrd/TaxAmt/Dtls/Prd/Tp,Third Month
/FIToFICstmrCdtTrf/CdtTrfTxInf/RmtInf/Strd/TaxRmt/Rcrd/TaxAmt/Dtls/Prd/Tp,Fourth Month
/FIToFICstmrCdtTrf/CdtTrfTxInf/RmtInf/Strd/TaxRmt/Rcrd/TaxAmt/Dtls/Prd/Tp,Fifth Month
/FIToFICstmrCdtTrf/CdtTrfTxInf/RmtInf/Strd/TaxRmt/Rcrd/TaxAmt/Dtls/Prd/Tp,Sixth Month
/FIToFICstmrCdtTrf/CdtTrfTxInf/RmtInf/Strd/TaxRmt/Rcrd/TaxAmt/Dtls/Prd/Tp,Seventh Month
/FIToFICstmrCdtTrf/CdtTrfTxInf/RmtInf/Strd/TaxRmt/Rcrd/TaxAmt/Dtls/Prd/Tp,Eighth Month
/FIToFICstmrCdtTrf/CdtTrfTxInf/RmtInf/Strd/TaxRmt/Rcrd/TaxAmt/Dtls/Prd/Tp,Ninth Month
/FIToFICstmrCdtTrf/CdtTrfTxInf/RmtInf/Strd/TaxRmt/Rcrd/TaxAmt/Dtls/Prd/Tp,Tenth Month
/FIToFICstmrCdtTrf/CdtTrfTxInf/RmtInf/Strd/TaxRmt/Rcrd/TaxAmt/Dtls/Prd/Tp,Eleventh Month
/FIToFICstmrCdtTrf/CdtTrfTxInf/RmtInf/Strd/TaxRmt/Rcrd/TaxAmt/Dtls/Prd/Tp,Twelfth Month
/FIToFICstmrCdtTrf/CdtTrfTxInf/RmtInf/Strd/TaxRmt/Rcrd/TaxAmt/Dtls/Prd/Tp,First Quarter
/FIToFICstmrCdtTrf/CdtTrfTxInf/RmtInf/Strd/TaxRmt/Rcrd/TaxAmt/Dtls/Prd/Tp,Second Quarter
/FIToFICstmrCdtTrf/CdtTrfTxInf/RmtInf/Strd/TaxRmt/Rcrd/TaxAmt/Dtls/Prd/Tp,Third Quarter
/FIToFICstmrCdtTrf/CdtTrfTxInf/RmtInf/Strd/TaxRmt/Rcrd/TaxAmt/Dtls/Prd/Tp,Fourth Quarter
/FIToFICstmrCdtTrf/CdtTrfTxInf/RmtInf/Strd/TaxRmt/Rcrd/TaxAmt/Dtls/Prd/Tp,First Half
/FIToFICstmrCdtTrf/CdtTrfTxInf/RmtInf/Strd/TaxRmt/Rcrd/TaxAmt/Dtls/Prd/Tp,Second Half
/FIToFICstmrCdtTrf/CdtTrfTxInf/RmtInf/Strd/TaxRmt/Rcrd/TaxAmt/Dtls/Prd/FrToDt,From To Date
/FIToFICstmrCdtTrf/CdtTrfTxInf/RmtInf/Strd/TaxRmt/Rcrd/TaxAmt/Dtls/Prd/FrToDt/FrDt,From Date
/FIToFICstmrCdtTrf/CdtTrfTxInf/RmtInf/Strd/TaxRmt/Rcrd/TaxAmt/Dtls/Prd/FrToDt/ToDt,To Date
/FIToFICstmrCdtTrf/CdtTrfTxInf/RmtInf/Strd/TaxRmt/Rcrd/TaxAmt/Dtls/Amt,Amount
/FIToFICstmrCdtTrf/CdtTrfTxInf/RmtInf/Strd/TaxRmt/Rcrd/TaxAmt/Dtls/Amt/Ccy,Xml Attribute Currency
/FIToFICstmrCdtTrf/CdtTrfTxInf/RmtInf/Strd/TaxRmt/Rcrd/AddtlInf,Additional Information
/FIToFICstmrCdtTrf/CdtTrfTxInf/RmtInf/Strd/GrnshmtRmt,Garnishment Remittance
/FIToFICstmrCdtTrf/CdtTrfTxInf/RmtInf/Strd/GrnshmtRmt/Tp,Type
/FIToFICstmrCdtTrf/CdtTrfTxInf/RmtInf/Strd/GrnshmtRmt/Tp/CdOrPrtry,Code Or Proprietary
/FIToFICstmrCdtTrf/CdtTrfTxInf/RmtInf/Strd/GrnshmtRmt/Tp/CdOrPrtry/Cd,Code
/FIToFICstmrCdtTrf/CdtTrfTxInf/RmtInf/Strd/GrnshmtRmt/Tp/CdOrPrtry/Prtry,Proprietary
/FIToFICstmrCdtTrf/CdtTrfTxInf/RmtInf/Strd/GrnshmtRmt/Tp/Issr,Issuer
/FIToFICstmrCdtTrf/CdtTrfTxInf/RmtInf/Strd/GrnshmtRmt/Grnshee,Garnishee
/FIToFICstmrCdtTrf/CdtTrfTxInf/RmtInf/Strd/GrnshmtRmt/Grnshee/Nm,Name
/FIToFICstmrCdtTrf/CdtTrfTxInf/RmtInf/Strd/GrnshmtRmt/Grnshee/PstlAdr,Postal Address
/FIToFICstmrCdtTrf/CdtTrfTxInf/RmtInf/Strd/GrnshmtRmt/Grnshee/PstlAdr/AdrTp,Address Type
/FIToFICstmrCdtTrf/CdtTrfTxInf/RmtInf/Strd/GrnshmtRmt/Grnshee/PstlAdr/Dept,Department
/FIToFICstmrCdtTrf/CdtTrfTxInf/RmtInf/Strd/GrnshmtRmt/Grnshee/PstlAdr/SubDept,Sub Department
/FIToFICstmrCdtTrf/CdtTrfTxInf/RmtInf/Strd/GrnshmtRmt/Grnshee/PstlAdr/StrtNm,Street Name
/FIToFICstmrCdtTrf/CdtTrfTxInf/RmtInf/Strd/GrnshmtRmt/Grnshee/PstlAdr/BldgNb,Building Number
/FIToFICstmrCdtTrf/CdtTrfTxInf/RmtInf/Strd/GrnshmtRmt/Grnshee/PstlAdr/BldgNm,Building Name
/FIToFICstmrCdtTrf/CdtTrfTxInf/RmtInf/Strd/GrnshmtRmt/Grnshee/PstlAdr/Flr,Floor
/FIToFICstmrCdtTrf/CdtTrfTxInf/RmtInf/Strd/GrnshmtRmt/Grnshee/PstlAdr/PstBx,Post Box
/FIToFICstmrCdtTrf/CdtTrfTxInf/RmtInf/Strd/GrnshmtRmt/Grnshee/PstlAdr/Room,Room
/FIToFICstmrCdtTrf/CdtTrfTxInf/RmtInf/Strd/GrnshmtRmt/Grnshee/PstlAdr/PstCd,Post Code
/FIToFICstmrCdtTrf/CdtTrfTxInf/RmtInf/Strd/GrnshmtRmt/Grnshee/PstlAdr/TwnNm,Town Name
/FIToFICstmrCdtTrf/CdtTrfTxInf/RmtInf/Strd/GrnshmtRmt/Grnshee/PstlAdr/TwnLctnNm,Town Location Name
/FIToFICstmrCdtTrf/CdtTrfTxInf/RmtInf/Strd/GrnshmtRmt/Grnshee/PstlAdr/DstrctNm,District Name
/FIToFICstmrCdtTrf/CdtTrfTxInf/RmtInf/Strd/GrnshmtRmt/Grnshee/PstlAdr/CtrySubDvsn,Country Sub Division
/FIToFICstmrCdtTrf/CdtTrfTxInf/RmtInf/Strd/GrnshmtRmt/Grnshee/PstlAdr/Ctry,Country
/FIToFICstmrCdtTrf/CdtTrfTxInf/RmtInf/Strd/GrnshmtRmt/Grnshee/PstlAdr/AdrLine,Address Line
/FIToFICstmrCdtTrf/CdtTrfTxInf/RmtInf/Strd/GrnshmtRmt/Grnshee/Id,Identification
/FIToFICstmrCdtTrf/CdtTrfTxInf/RmtInf/Strd/GrnshmtRmt/Grnshee/Id/OrgId,Organisation Identification
/FIToFICstmrCdtTrf/CdtTrfTxInf/RmtInf/Strd/GrnshmtRmt/Grnshee/Id/OrgId/AnyBIC,Any BIC
/FIToFICstmrCdtTrf/CdtTrfTxInf/RmtInf/Strd/GrnshmtRmt/Grnshee/Id/OrgId/LEI,LEI
/FIToFICstmrCdtTrf/CdtTrfTxInf/RmtInf/Strd/GrnshmtRmt/Grnshee/Id/OrgId/Othr,Other
/FIToFICstmrCdtTrf/CdtTrfTxInf/RmtInf/Strd/GrnshmtRmt/Grnshee/Id/OrgId/Othr/Id,Identification
/FIToFICstmrCdtTrf/CdtTrfTxInf/RmtInf/Strd/GrnshmtRmt/Grnshee/Id/OrgId/Othr/SchmeNm,Scheme Name
/FIToFICstmrCdtTrf/CdtTrfTxInf/RmtInf/Strd/GrnshmtRmt/Grnshee/Id/OrgId/Othr/SchmeNm/Cd,Code
/FIToFICstmrCdtTrf/CdtTrfTxInf/RmtInf/Strd/GrnshmtRmt/Grnshee/Id/OrgId/Othr/SchmeNm/Prtry,Proprietary
/FIToFICstmrCdtTrf/CdtTrfTxInf/RmtInf/Strd/GrnshmtRmt/Grnshee/Id/OrgId/Othr/Issr,Issuer
/FIToFICstmrCdtTrf/CdtTrfTxInf/RmtInf/Strd/GrnshmtRmt/Grnshee/Id/PrvtId,Private Identification
/FIToFICstmrCdtTrf/CdtTrfTxInf/RmtInf/Strd/GrnshmtRmt/Grnshee/Id/PrvtId/DtAndPlcOfBirth,Date And Place Of Birth
/FIToFICstmrCdtTrf/CdtTrfTxInf/RmtInf/Strd/GrnshmtRmt/Grnshee/Id/PrvtId/DtAndPlcOfBirth/BirthDt,Birth Date
/FIToFICstmrCdtTrf/CdtTrfTxInf/RmtInf/Strd/GrnshmtRmt/Grnshee/Id/PrvtId/DtAndPlcOfBirth/PrvcOfBirth,Province Of Birth
/FIToFICstmrCdtTrf/CdtTrfTxInf/RmtInf/Strd/GrnshmtRmt/Grnshee/Id/PrvtId/DtAndPlcOfBirth/CityOfBirth,City Of Birth
/FIToFICstmrCdtTrf/CdtTrfTxInf/RmtInf/Strd/GrnshmtRmt/Grnshee/Id/PrvtId/DtAndPlcOfBirth/CtryOfBirth,Country Of Birth
/FIToFICstmrCdtTrf/CdtTrfTxInf/RmtInf/Strd/GrnshmtRmt/Grnshee/Id/PrvtId/Othr,Other
/FIToFICstmrCdtTrf/CdtTrfTxInf/RmtInf/Strd/GrnshmtRmt/Grnshee/Id/PrvtId/Othr/Id,Identification
/FIToFICstmrCdtTrf/CdtTrfTxInf/RmtInf/Strd/GrnshmtRmt/Grnshee/Id/PrvtId/Othr/SchmeNm,Scheme Name
/FIToFICstmrCdtTrf/CdtTrfTxInf/RmtInf/Strd/GrnshmtRmt/Grnshee/Id/PrvtId/Othr/SchmeNm/Cd,Code
/FIToFICstmrCdtTrf/CdtTrfTxInf/RmtInf/Strd/GrnshmtRmt/Grnshee/Id/PrvtId/Othr/SchmeNm/Prtry,Proprietary
/FIToFICstmrCdtTrf/CdtTrfTxInf/RmtInf/Strd/GrnshmtRmt/Grnshee/Id/PrvtId/Othr/Issr,Issuer
/FIToFICstmrCdtTrf/CdtTrfTxInf/RmtInf/Strd/GrnshmtRmt/Grnshee/CtryOfRes,Country Of Residence
/FIToFICstmrCdtTrf/CdtTrfTxInf/RmtInf/Strd/GrnshmtRmt/Grnshee/CtctDtls,Contact Details
/FIToFICstmrCdtTrf/CdtTrfTxInf/RmtInf/Strd/GrnshmtRmt/GrnshmtAdmstr,Garnishment Administrator
/FIToFICstmrCdtTrf/CdtTrfTxInf/RmtInf/Strd/GrnshmtRmt/GrnshmtAdmstr/Nm,Name
/FIToFICstmrCdtTrf/CdtTrfTxInf/RmtInf/Strd/GrnshmtRmt/GrnshmtAdmstr/PstlAdr,Postal Address
/FIToFICstmrCdtTrf/CdtTrfTxInf/RmtInf/Strd/GrnshmtRmt/GrnshmtAdmstr/PstlAdr/AdrTp,Address Type
/FIToFICstmrCdtTrf/CdtTrfTxInf/RmtInf/Strd/GrnshmtRmt/GrnshmtAdmstr/PstlAdr/Dept,Department
/FIToFICstmrCdtTrf/CdtTrfTxInf/RmtInf/Strd/GrnshmtRmt/GrnshmtAdmstr/PstlAdr/SubDept,Sub Department
/FIToFICstmrCdtTrf/CdtTrfTxInf/RmtInf/Strd/GrnshmtRmt/GrnshmtAdmstr/PstlAdr/StrtNm,Street Name
/FIToFICstmrCdtTrf/CdtTrfTxInf/RmtInf/Strd/GrnshmtRmt/GrnshmtAdmstr/PstlAdr/BldgNb,Building Number
/FIToFICstmrCdtTrf/CdtTrfTxInf/RmtInf/Strd/GrnshmtRmt/GrnshmtAdmstr/PstlAdr/BldgNm,Building Name
/FIToFICstmrCdtTrf/CdtTrfTxInf/RmtInf/Strd/GrnshmtRmt/GrnshmtAdmstr/PstlAdr/Flr,Floor
/FIToFICstmrCdtTrf/CdtTrfTxInf/RmtInf/Strd/GrnshmtRmt/GrnshmtAdmstr/PstlAdr/PstBx,Post Box
/FIToFICstmrCdtTrf/CdtTrfTxInf/RmtInf/Strd/GrnshmtRmt/GrnshmtAdmstr/PstlAdr/Room,Room
/FIToFICstmrCdtTrf/CdtTrfTxInf/RmtInf/Strd/GrnshmtRmt/GrnshmtAdmstr/PstlAdr/PstCd,Post Code
/FIToFICstmrCdtTrf/CdtTrfTxInf/RmtInf/Strd/GrnshmtRmt/GrnshmtAdmstr/PstlAdr/TwnNm,Town Name
/FIToFICstmrCdtTrf/CdtTrfTxInf/RmtInf/Strd/GrnshmtRmt/GrnshmtAdmstr/PstlAdr/TwnLctnNm,Town Location Name
/FIToFICstmrCdtTrf/CdtTrfTxInf/RmtInf/Strd/GrnshmtRmt/GrnshmtAdmstr/PstlAdr/DstrctNm,District Name
/FIToFICstmrCdtTrf/CdtTrfTxInf/RmtInf/Strd/GrnshmtRmt/GrnshmtAdmstr/PstlAdr/CtrySubDvsn,Country Sub Division
/FIToFICstmrCdtTrf/CdtTrfTxInf/RmtInf/Strd/GrnshmtRmt/GrnshmtAdmstr/PstlAdr/Ctry,Country
/FIToFICstmrCdtTrf/CdtTrfTxInf/RmtInf/Strd/GrnshmtRmt/GrnshmtAdmstr/PstlAdr/AdrLine,Address Line
/FIToFICstmrCdtTrf/CdtTrfTxInf/RmtInf/Strd/GrnshmtRmt/GrnshmtAdmstr/Id,Identification
/FIToFICstmrCdtTrf/CdtTrfTxInf/RmtInf/Strd/GrnshmtRmt/GrnshmtAdmstr/Id/OrgId,Organisation Identification
/FIToFICstmrCdtTrf/CdtTrfTxInf/RmtInf/Strd/GrnshmtRmt/GrnshmtAdmstr/Id/OrgId/AnyBIC,Any BIC
/FIToFICstmrCdtTrf/CdtTrfTxInf/RmtInf/Strd/GrnshmtRmt/GrnshmtAdmstr/Id/OrgId/LEI,LEI
/FIToFICstmrCdtTrf/CdtTrfTxInf/RmtInf/Strd/GrnshmtRmt/GrnshmtAdmstr/Id/OrgId/Othr,Other
/FIToFICstmrCdtTrf/CdtTrfTxInf/RmtInf/Strd/GrnshmtRmt/GrnshmtAdmstr/Id/OrgId/Othr/Id,Identification
/FIToFICstmrCdtTrf/CdtTrfTxInf/RmtInf/Strd/GrnshmtRmt/GrnshmtAdmstr/Id/OrgId/Othr/SchmeNm,Scheme Name
/FIToFICstmrCdtTrf/CdtTrfTxInf/RmtInf/Strd/GrnshmtRmt/GrnshmtAdmstr/Id/OrgId/Othr/SchmeNm/Cd,Code
/FIToFICstmrCdtTrf/CdtTrfTxInf/RmtInf/Strd/GrnshmtRmt/GrnshmtAdmstr/Id/OrgId/Othr/SchmeNm/Prtry,Proprietary
/FIToFICstmrCdtTrf/CdtTrfTxInf/RmtInf/Strd/GrnshmtRmt/GrnshmtAdmstr/Id/OrgId/Othr/Issr,Issuer
/FIToFICstmrCdtTrf/CdtTrfTxInf/RmtInf/Strd/GrnshmtRmt/GrnshmtAdmstr/Id/PrvtId,Private Identification
/FIToFICstmrCdtTrf/CdtTrfTxInf/RmtInf/Strd/GrnshmtRmt/GrnshmtAdmstr/Id/PrvtId/DtAndPlcOfBirth,Date And Place Of Birth
/FIToFICstmrCdtTrf/CdtTrfTxInf/RmtInf/Strd/GrnshmtRmt/GrnshmtAdmstr/Id/PrvtId/DtAndPlcOfBirth/BirthDt,Birth Date
/FIToFICstmrCdtTrf/CdtTrfTxInf/RmtInf/Strd/GrnshmtRmt/GrnshmtAdmstr/Id/PrvtId/DtAndPlcOfBirth/PrvcOfBirth,Province Of Birth
/FIToFICstmrCdtTrf/CdtTrfTxInf/RmtInf/Strd/GrnshmtRmt/GrnshmtAdmstr/Id/PrvtId/DtAndPlcOfBirth/CityOfBirth,City Of Birth
/FIToFICstmrCdtTrf/CdtTrfTxInf/RmtInf/Strd/GrnshmtRmt/GrnshmtAdmstr/Id/PrvtId/DtAndPlcOfBirth/CtryOfBirth,Country Of Birth
/FIToFICstmrCdtTrf/CdtTrfTxInf/RmtInf/Strd/GrnshmtRmt/GrnshmtAdmstr/Id/PrvtId/Othr,Other
/FIToFICstmrCdtTrf/CdtTrfTxInf/RmtInf/Strd/GrnshmtRmt/GrnshmtAdmstr/Id/PrvtId/Othr/Id,Identification
/FIToFICstmrCdtTrf/CdtTrfTxInf/RmtInf/Strd/GrnshmtRmt/GrnshmtAdmstr/Id/PrvtId/Othr/SchmeNm,Scheme Name
/FIToFICstmrCdtTrf/CdtTrfTxInf/RmtInf/Strd/GrnshmtRmt/GrnshmtAdmstr/Id/PrvtId/Othr/SchmeNm/Cd,Code
/FIToFICstmrCdtTrf/CdtTrfTxInf/RmtInf/Strd/GrnshmtRmt/GrnshmtAdmstr/Id/PrvtId/Othr/SchmeNm/Prtry,Proprietary
/FIToFICstmrCdtTrf/CdtTrfTxInf/RmtInf/Strd/GrnshmtRmt/GrnshmtAdmstr/Id/PrvtId/Othr/Issr,Issuer
/FIToFICstmrCdtTrf/CdtTrfTxInf/RmtInf/Strd/GrnshmtRmt/GrnshmtAdmstr/CtryOfRes,Country Of Residence
/FIToFICstmrCdtTrf/CdtTrfTxInf/RmtInf/Strd/GrnshmtRmt/GrnshmtAdmstr/CtctDtls,Contact Details
/FIToFICstmrCdtTrf/CdtTrfTxInf/RmtInf/Strd/GrnshmtRmt/RefNb,Reference Number
/FIToFICstmrCdtTrf/CdtTrfTxInf/RmtInf/Strd/GrnshmtRmt/Dt,Date
/FIToFICstmrCdtTrf/CdtTrfTxInf/RmtInf/Strd/GrnshmtRmt/RmtdAmt,Remitted Amount
/FIToFICstmrCdtTrf/CdtTrfTxInf/RmtInf/Strd/GrnshmtRmt/RmtdAmt/Ccy,Xml Attribute Currency
/FIToFICstmrCdtTrf/CdtTrfTxInf/RmtInf/Strd/GrnshmtRmt/FmlyMdclInsrncInd,Family Medical Insurance Indicator
/FIToFICstmrCdtTrf/CdtTrfTxInf/RmtInf/Strd/GrnshmtRmt/MplyeeTermntnInd,Employee Termination Indicator
/FIToFICstmrCdtTrf/CdtTrfTxInf/RmtInf/Strd/AddtlRmtInf,Additional Remittance Information
/FIToFICstmrCdtTrf/CdtTrfTxInf/SplmtryData,Supplementary Data
/FIToFICstmrCdtTrf/SplmtryData,Supplementary Data
