1,/AppHdr
2,/AppHdr/CharSet
3,/AppHdr/Fr
4,/AppHdr/Fr/OrgId
5,/AppHdr/Fr/OrgId/Nm
6,/AppHdr/Fr/OrgId/PstlAdr
7,/AppHdr/Fr/OrgId/CtryOfRes
8,/AppHdr/Fr/OrgId/CtctDtls
9,/AppHdr/Fr/FIId
10,/AppHdr/Fr/FIId/FinInstnId
11,/AppHdr/Fr/FIId/FinInstnId/BICFI
12,/AppHdr/Fr/FIId/FinInstnId/ClrSysMmbId
13,/AppHdr/Fr/FIId/FinInstnId/ClrSysMmbId/ClrSysId
14,/AppHdr/Fr/FIId/FinInstnId/ClrSysMmbId/ClrSysId/Cd
15,/AppHdr/Fr/FIId/FinInstnId/ClrSysMmbId/ClrSysId/Prtry
16,/AppHdr/Fr/FIId/FinInstnId/ClrSysMmbId/MmbId
17,/AppHdr/Fr/FIId/FinInstnId/LEI
18,/AppHdr/Fr/FIId/FinInstnId/Nm
19,/AppHdr/Fr/FIId/FinInstnId/PstlAdr
20,/AppHdr/Fr/FIId/FinInstnId/Othr
21,/AppHdr/Fr/FIId/BrnchId
22,/AppHdr/To
23,/AppHdr/To/OrgId
24,/AppHdr/To/OrgId/Nm
25,/AppHdr/To/OrgId/PstlAdr
26,/AppHdr/To/OrgId/Id
27,/AppHdr/To/OrgId/Id/PrvtId
28,/AppHdr/To/OrgId/CtryOfRes
29,/AppHdr/To/OrgId/CtctDtls
30,/AppHdr/To/FIId
31,/AppHdr/To/FIId/FinInstnId
32,/AppHdr/To/FIId/FinInstnId/BICFI
33,/AppHdr/To/FIId/FinInstnId/ClrSysMmbId
34,/AppHdr/To/FIId/FinInstnId/ClrSysMmbId/ClrSysId
35,/AppHdr/To/FIId/FinInstnId/ClrSysMmbId/ClrSysId/Cd
36,/AppHdr/To/FIId/FinInstnId/ClrSysMmbId/ClrSysId/Prtry
37,/AppHdr/To/FIId/FinInstnId/ClrSysMmbId/MmbId
38,/AppHdr/To/FIId/FinInstnId/LEI
39,/AppHdr/To/FIId/FinInstnId/Nm
40,/AppHdr/To/FIId/FinInstnId/PstlAdr
41,/AppHdr/To/FIId/FinInstnId/Othr
42,/AppHdr/To/FIId/BrnchId
43,/AppHdr/BizMsgIdr
44,/AppHdr/MsgDefIdr
45,/AppHdr/BizSvc
46,/AppHdr/MktPrctc
47,/AppHdr/MktPrctc/Regy
48,/AppHdr/MktPrctc/Id
49,/AppHdr/CreDt
50,/AppHdr/BizPrcgDt
51,/AppHdr/CpyDplct
52,/AppHdr/CpyDplct
53,/AppHdr/CpyDplct
54,/AppHdr/CpyDplct
55,/AppHdr/PssblDplct
56,/AppHdr/Prty
57,/AppHdr/Prty
58,/AppHdr/Prty
59,/AppHdr/Sgntr
60,/AppHdr/Rltd
61,/AppHdr/Rltd/CharSet
62,/AppHdr/Rltd/Fr
63,/AppHdr/Rltd/Fr/OrgId
64,/AppHdr/Rltd/Fr/OrgId/Nm
65,/AppHdr/Rltd/Fr/OrgId/PstlAdr
66,/AppHdr/Rltd/Fr/OrgId/Id
67,/AppHdr/Rltd/Fr/OrgId/Id/PrvtId
68,/AppHdr/Rltd/Fr/OrgId/CtryOfRes
69,/AppHdr/Rltd/Fr/OrgId/CtctDtls
70,/AppHdr/Rltd/Fr/FIId
71,/AppHdr/Rltd/Fr/FIId/FinInstnId
72,/AppHdr/Rltd/Fr/FIId/FinInstnId/BICFI
73,/AppHdr/Rltd/Fr/FIId/FinInstnId/ClrSysMmbId
74,/AppHdr/Rltd/Fr/FIId/FinInstnId/ClrSysMmbId/ClrSysId
75,/AppHdr/Rltd/Fr/FIId/FinInstnId/ClrSysMmbId/ClrSysId/Cd
76,/AppHdr/Rltd/Fr/FIId/FinInstnId/ClrSysMmbId/ClrSysId/Prtry
77,/AppHdr/Rltd/Fr/FIId/FinInstnId/ClrSysMmbId/MmbId
78,/AppHdr/Rltd/Fr/FIId/FinInstnId/LEI
79,/AppHdr/Rltd/Fr/FIId/FinInstnId/Nm
80,/AppHdr/Rltd/Fr/FIId/FinInstnId/PstlAdr
81,/AppHdr/Rltd/Fr/FIId/FinInstnId/Othr
82,/AppHdr/Rltd/Fr/FIId/BrnchId
83,/AppHdr/Rltd/To
84,/AppHdr/Rltd/To/OrgId
85,/AppHdr/Rltd/To/OrgId/Nm
86,/AppHdr/Rltd/To/OrgId/PstlAdr
87,/AppHdr/Rltd/To/OrgId/Id
88,/AppHdr/Rltd/To/OrgId/Id/PrvtId
89,/AppHdr/Rltd/To/OrgId/CtryOfRes
90,/AppHdr/Rltd/To/OrgId/CtctDtls
91,/AppHdr/Rltd/To/FIId
92,/AppHdr/Rltd/To/FIId/FinInstnId
93,/AppHdr/Rltd/To/FIId/FinInstnId/BICFI
94,/AppHdr/Rltd/To/FIId/FinInstnId/ClrSysMmbId
95,/AppHdr/Rltd/To/FIId/FinInstnId/ClrSysMmbId/ClrSysId
96,/AppHdr/Rltd/To/FIId/FinInstnId/ClrSysMmbId/ClrSysId/Cd
97,/AppHdr/Rltd/To/FIId/FinInstnId/ClrSysMmbId/ClrSysId/Prtry
98,/AppHdr/Rltd/To/FIId/FinInstnId/ClrSysMmbId/MmbId
99,/AppHdr/Rltd/To/FIId/FinInstnId/LEI
100,/AppHdr/Rltd/To/FIId/FinInstnId/Nm
101,/AppHdr/Rltd/To/FIId/FinInstnId/PstlAdr
102,/AppHdr/Rltd/To/FIId/FinInstnId/Othr
103,/AppHdr/Rltd/To/FIId/BrnchId
104,/AppHdr/Rltd/BizMsgIdr
105,/AppHdr/Rltd/MsgDefIdr
106,/AppHdr/Rltd/BizSvc
107,/AppHdr/Rltd/CreDt
108,/AppHdr/Rltd/CpyDplct
109,/AppHdr/Rltd/CpyDplct
110,/AppHdr/Rltd/CpyDplct
111,/AppHdr/Rltd/CpyDplct
112,/AppHdr/Rltd/PssblDplct
113,/AppHdr/Rltd/Prty
114,/AppHdr/Rltd/Sgntr
115,
116,/PmtRtr
117,/PmtRtr/GrpHdr
118,/PmtRtr/GrpHdr/MsgId
119,/PmtRtr/GrpHdr/CreDtTm
120,/PmtRtr/GrpHdr/Authstn
121,/PmtRtr/GrpHdr/BtchBookg
122,/PmtRtr/GrpHdr/NbOfTxs
123,/PmtRtr/GrpHdr/CtrlSum
124,/PmtRtr/GrpHdr/GrpRtr
125,/PmtRtr/GrpHdr/TtlRtrdIntrBkSttlmAmt
126,/PmtRtr/GrpHdr/IntrBkSttlmDt
127,/PmtRtr/GrpHdr/SttlmInf
128,/PmtRtr/GrpHdr/SttlmInf/SttlmMtd
129,/PmtRtr/GrpHdr/SttlmInf/SttlmMtd
130,/PmtRtr/GrpHdr/SttlmInf/SttlmMtd
131,/PmtRtr/GrpHdr/SttlmInf/SttlmMtd
132,/PmtRtr/GrpHdr/SttlmInf/SttlmMtd
133,/PmtRtr/GrpHdr/SttlmInf/SttlmAcct
134,/PmtRtr/GrpHdr/SttlmInf/SttlmAcct/Id
135,/PmtRtr/GrpHdr/SttlmInf/SttlmAcct/Id/IBAN
136,/PmtRtr/GrpHdr/SttlmInf/SttlmAcct/Id/Othr
137,/PmtRtr/GrpHdr/SttlmInf/SttlmAcct/Id/Othr/Id
138,/PmtRtr/GrpHdr/SttlmInf/SttlmAcct/Id/Othr/SchmeNm
139,/PmtRtr/GrpHdr/SttlmInf/SttlmAcct/Id/Othr/SchmeNm/Cd
140,/PmtRtr/GrpHdr/SttlmInf/SttlmAcct/Id/Othr/SchmeNm/Prtry
141,/PmtRtr/GrpHdr/SttlmInf/SttlmAcct/Id/Othr/Issr
142,/PmtRtr/GrpHdr/SttlmInf/SttlmAcct/Tp
143,/PmtRtr/GrpHdr/SttlmInf/SttlmAcct/Tp/Cd
144,/PmtRtr/GrpHdr/SttlmInf/SttlmAcct/Tp/Prtry
145,/PmtRtr/GrpHdr/SttlmInf/SttlmAcct/Ccy
146,/PmtRtr/GrpHdr/SttlmInf/SttlmAcct/Nm
147,/PmtRtr/GrpHdr/SttlmInf/SttlmAcct/Prxy
148,/PmtRtr/GrpHdr/SttlmInf/SttlmAcct/Prxy/Tp
149,/PmtRtr/GrpHdr/SttlmInf/SttlmAcct/Prxy/Tp/Cd
150,/PmtRtr/GrpHdr/SttlmInf/SttlmAcct/Prxy/Tp/Prtry
151,/PmtRtr/GrpHdr/SttlmInf/SttlmAcct/Prxy/Id
152,/PmtRtr/GrpHdr/SttlmInf/ClrSys
153,/PmtRtr/GrpHdr/SttlmInf/InstgRmbrsmntAgt
154,/PmtRtr/GrpHdr/SttlmInf/InstgRmbrsmntAgt/BrnchId
155,/PmtRtr/GrpHdr/SttlmInf/InstgRmbrsmntAgtAcct
156,/PmtRtr/GrpHdr/SttlmInf/InstdRmbrsmntAgt
157,/PmtRtr/GrpHdr/SttlmInf/InstdRmbrsmntAgt/BrnchId
158,/PmtRtr/GrpHdr/SttlmInf/InstdRmbrsmntAgtAcct
159,/PmtRtr/GrpHdr/SttlmInf/ThrdRmbrsmntAgt
160,/PmtRtr/GrpHdr/SttlmInf/ThrdRmbrsmntAgt/BrnchId
161,/PmtRtr/GrpHdr/SttlmInf/ThrdRmbrsmntAgtAcct
162,/PmtRtr/GrpHdr/InstgAgt
163,/PmtRtr/GrpHdr/InstdAgt
164,/PmtRtr/OrgnlGrpInf
165,/PmtRtr/TxInf
166,/PmtRtr/TxInf/RtrId
167,/PmtRtr/TxInf/OrgnlGrpInf
168,/PmtRtr/TxInf/OrgnlGrpInf/OrgnlMsgId
169,/PmtRtr/TxInf/OrgnlGrpInf/OrgnlMsgNmId
170,/PmtRtr/TxInf/OrgnlGrpInf/OrgnlCreDtTm
171,/PmtRtr/TxInf/OrgnlInstrId
172,/PmtRtr/TxInf/OrgnlEndToEndId
173,/PmtRtr/TxInf/OrgnlTxId
174,/PmtRtr/TxInf/OrgnlUETR
175,/PmtRtr/TxInf/OrgnlClrSysRef
176,/PmtRtr/TxInf/OrgnlIntrBkSttlmAmt
177,/PmtRtr/TxInf/OrgnlIntrBkSttlmAmt/Ccy
178,/PmtRtr/TxInf/OrgnlIntrBkSttlmDt
179,/PmtRtr/TxInf/RtrdIntrBkSttlmAmt
180,/PmtRtr/TxInf/RtrdIntrBkSttlmAmt/Ccy
181,/PmtRtr/TxInf/IntrBkSttlmDt
182,/PmtRtr/TxInf/SttlmPrty
183,/PmtRtr/TxInf/SttlmPrty
184,/PmtRtr/TxInf/SttlmPrty
185,/PmtRtr/TxInf/SttlmPrty
186,/PmtRtr/TxInf/SttlmTmIndctn
187,/PmtRtr/TxInf/SttlmTmIndctn/DbtDtTm
188,/PmtRtr/TxInf/SttlmTmIndctn/CdtDtTm
189,/PmtRtr/TxInf/RtrdInstdAmt
190,/PmtRtr/TxInf/RtrdInstdAmt/Ccy
191,/PmtRtr/TxInf/XchgRate
192,/PmtRtr/TxInf/CompstnAmt
193,/PmtRtr/TxInf/ChrgBr
194,/PmtRtr/TxInf/ChrgBr
195,/PmtRtr/TxInf/ChrgBr
196,/PmtRtr/TxInf/ChrgBr
197,/PmtRtr/TxInf/ChrgBr
198,/PmtRtr/TxInf/ChrgsInf
199,/PmtRtr/TxInf/ChrgsInf/Amt
200,/PmtRtr/TxInf/ChrgsInf/Amt/Ccy
201,/PmtRtr/TxInf/ChrgsInf/Agt
202,/PmtRtr/TxInf/ChrgsInf/Agt/FinInstnId
203,/PmtRtr/TxInf/ChrgsInf/Agt/FinInstnId/BICFI
204,/PmtRtr/TxInf/ChrgsInf/Agt/FinInstnId/ClrSysMmbId
205,/PmtRtr/TxInf/ChrgsInf/Agt/FinInstnId/ClrSysMmbId/ClrSysId
206,/PmtRtr/TxInf/ChrgsInf/Agt/FinInstnId/ClrSysMmbId/ClrSysId/Cd
207,/PmtRtr/TxInf/ChrgsInf/Agt/FinInstnId/ClrSysMmbId/ClrSysId/Prtry
208,/PmtRtr/TxInf/ChrgsInf/Agt/FinInstnId/ClrSysMmbId/MmbId
209,/PmtRtr/TxInf/ChrgsInf/Agt/FinInstnId/LEI
210,/PmtRtr/TxInf/ChrgsInf/Agt/FinInstnId/Nm
211,/PmtRtr/TxInf/ChrgsInf/Agt/FinInstnId/PstlAdr
212,/PmtRtr/TxInf/ChrgsInf/Agt/FinInstnId/PstlAdr/AdrTp
213,/PmtRtr/TxInf/ChrgsInf/Agt/FinInstnId/PstlAdr/Dept
214,/PmtRtr/TxInf/ChrgsInf/Agt/FinInstnId/PstlAdr/SubDept
215,/PmtRtr/TxInf/ChrgsInf/Agt/FinInstnId/PstlAdr/StrtNm
216,/PmtRtr/TxInf/ChrgsInf/Agt/FinInstnId/PstlAdr/BldgNb
217,/PmtRtr/TxInf/ChrgsInf/Agt/FinInstnId/PstlAdr/BldgNm
218,/PmtRtr/TxInf/ChrgsInf/Agt/FinInstnId/PstlAdr/Flr
219,/PmtRtr/TxInf/ChrgsInf/Agt/FinInstnId/PstlAdr/PstBx
220,/PmtRtr/TxInf/ChrgsInf/Agt/FinInstnId/PstlAdr/Room
221,/PmtRtr/TxInf/ChrgsInf/Agt/FinInstnId/PstlAdr/PstCd
222,/PmtRtr/TxInf/ChrgsInf/Agt/FinInstnId/PstlAdr/TwnNm
223,/PmtRtr/TxInf/ChrgsInf/Agt/FinInstnId/PstlAdr/TwnLctnNm
224,/PmtRtr/TxInf/ChrgsInf/Agt/FinInstnId/PstlAdr/DstrctNm
225,/PmtRtr/TxInf/ChrgsInf/Agt/FinInstnId/PstlAdr/CtrySubDvsn
226,/PmtRtr/TxInf/ChrgsInf/Agt/FinInstnId/PstlAdr/Ctry
227,/PmtRtr/TxInf/ChrgsInf/Agt/FinInstnId/PstlAdr/AdrLine
228,/PmtRtr/TxInf/ChrgsInf/Agt/FinInstnId/Othr
229,/PmtRtr/TxInf/ChrgsInf/Agt/BrnchId
230,/PmtRtr/TxInf/ClrSysRef
231,/PmtRtr/TxInf/InstgAgt
232,/PmtRtr/TxInf/InstgAgt/FinInstnId
233,/PmtRtr/TxInf/InstgAgt/FinInstnId/BICFI
234,/PmtRtr/TxInf/InstgAgt/FinInstnId/ClrSysMmbId
235,/PmtRtr/TxInf/InstgAgt/FinInstnId/ClrSysMmbId/ClrSysId
236,/PmtRtr/TxInf/InstgAgt/FinInstnId/ClrSysMmbId/ClrSysId/Cd
237,/PmtRtr/TxInf/InstgAgt/FinInstnId/ClrSysMmbId/ClrSysId/Prtry
238,/PmtRtr/TxInf/InstgAgt/FinInstnId/ClrSysMmbId/MmbId
239,/PmtRtr/TxInf/InstgAgt/FinInstnId/LEI
240,/PmtRtr/TxInf/InstgAgt/FinInstnId/Nm
241,/PmtRtr/TxInf/InstgAgt/FinInstnId/PstlAdr
242,/PmtRtr/TxInf/InstgAgt/FinInstnId/Othr
243,/PmtRtr/TxInf/InstgAgt/BrnchId
244,/PmtRtr/TxInf/InstdAgt
245,/PmtRtr/TxInf/InstdAgt/FinInstnId
246,/PmtRtr/TxInf/InstdAgt/FinInstnId/BICFI
247,/PmtRtr/TxInf/InstdAgt/FinInstnId/ClrSysMmbId
248,/PmtRtr/TxInf/InstdAgt/FinInstnId/ClrSysMmbId/ClrSysId
249,/PmtRtr/TxInf/InstdAgt/FinInstnId/ClrSysMmbId/ClrSysId/Cd
250,/PmtRtr/TxInf/InstdAgt/FinInstnId/ClrSysMmbId/ClrSysId/Prtry
251,/PmtRtr/TxInf/InstdAgt/FinInstnId/ClrSysMmbId/MmbId
252,/PmtRtr/TxInf/InstdAgt/FinInstnId/LEI
253,/PmtRtr/TxInf/InstdAgt/FinInstnId/Nm
254,/PmtRtr/TxInf/InstdAgt/FinInstnId/PstlAdr
255,/PmtRtr/TxInf/InstdAgt/FinInstnId/Othr
256,/PmtRtr/TxInf/InstdAgt/BrnchId
257,/PmtRtr/TxInf/RtrChain
258,/PmtRtr/TxInf/RtrChain/UltmtDbtr
259,/PmtRtr/TxInf/RtrChain/UltmtDbtr/Pty
260,/PmtRtr/TxInf/RtrChain/UltmtDbtr/Pty/Nm
261,/PmtRtr/TxInf/RtrChain/UltmtDbtr/Pty/PstlAdr
262,/PmtRtr/TxInf/RtrChain/UltmtDbtr/Pty/PstlAdr/AdrTp
263,/PmtRtr/TxInf/RtrChain/UltmtDbtr/Pty/PstlAdr/Dept
264,/PmtRtr/TxInf/RtrChain/UltmtDbtr/Pty/PstlAdr/SubDept
265,/PmtRtr/TxInf/RtrChain/UltmtDbtr/Pty/PstlAdr/StrtNm
266,/PmtRtr/TxInf/RtrChain/UltmtDbtr/Pty/PstlAdr/BldgNb
267,/PmtRtr/TxInf/RtrChain/UltmtDbtr/Pty/PstlAdr/BldgNm
268,/PmtRtr/TxInf/RtrChain/UltmtDbtr/Pty/PstlAdr/Flr
269,/PmtRtr/TxInf/RtrChain/UltmtDbtr/Pty/PstlAdr/PstBx
270,/PmtRtr/TxInf/RtrChain/UltmtDbtr/Pty/PstlAdr/Room
271,/PmtRtr/TxInf/RtrChain/UltmtDbtr/Pty/PstlAdr/PstCd
272,/PmtRtr/TxInf/RtrChain/UltmtDbtr/Pty/PstlAdr/TwnNm
273,/PmtRtr/TxInf/RtrChain/UltmtDbtr/Pty/PstlAdr/TwnLctnNm
274,/PmtRtr/TxInf/RtrChain/UltmtDbtr/Pty/PstlAdr/DstrctNm
275,/PmtRtr/TxInf/RtrChain/UltmtDbtr/Pty/PstlAdr/CtrySubDvsn
276,/PmtRtr/TxInf/RtrChain/UltmtDbtr/Pty/PstlAdr/Ctry
277,/PmtRtr/TxInf/RtrChain/UltmtDbtr/Pty/PstlAdr/AdrLine
278,/PmtRtr/TxInf/RtrChain/UltmtDbtr/Pty/Id
279,/PmtRtr/TxInf/RtrChain/UltmtDbtr/Pty/Id/OrgId
280,/PmtRtr/TxInf/RtrChain/UltmtDbtr/Pty/Id/OrgId/AnyBIC
281,/PmtRtr/TxInf/RtrChain/UltmtDbtr/Pty/Id/OrgId/LEI
282,/PmtRtr/TxInf/RtrChain/UltmtDbtr/Pty/Id/OrgId/Othr
283,/PmtRtr/TxInf/RtrChain/UltmtDbtr/Pty/Id/OrgId/Othr/Id
284,/PmtRtr/TxInf/RtrChain/UltmtDbtr/Pty/Id/OrgId/Othr/SchmeNm
285,/PmtRtr/TxInf/RtrChain/UltmtDbtr/Pty/Id/OrgId/Othr/SchmeNm/Cd
286,/PmtRtr/TxInf/RtrChain/UltmtDbtr/Pty/Id/OrgId/Othr/SchmeNm/Prtry
287,/PmtRtr/TxInf/RtrChain/UltmtDbtr/Pty/Id/OrgId/Othr/Issr
288,/PmtRtr/TxInf/RtrChain/UltmtDbtr/Pty/Id/PrvtId
289,/PmtRtr/TxInf/RtrChain/UltmtDbtr/Pty/Id/PrvtId/DtAndPlcOfBirth
290,/PmtRtr/TxInf/RtrChain/UltmtDbtr/Pty/Id/PrvtId/DtAndPlcOfBirth/BirthDt
291,/PmtRtr/TxInf/RtrChain/UltmtDbtr/Pty/Id/PrvtId/DtAndPlcOfBirth/PrvcOfBirth
292,/PmtRtr/TxInf/RtrChain/UltmtDbtr/Pty/Id/PrvtId/DtAndPlcOfBirth/CityOfBirth
293,/PmtRtr/TxInf/RtrChain/UltmtDbtr/Pty/Id/PrvtId/DtAndPlcOfBirth/CtryOfBirth
294,/PmtRtr/TxInf/RtrChain/UltmtDbtr/Pty/Id/PrvtId/Othr
295,/PmtRtr/TxInf/RtrChain/UltmtDbtr/Pty/Id/PrvtId/Othr/Id
296,/PmtRtr/TxInf/RtrChain/UltmtDbtr/Pty/Id/PrvtId/Othr/SchmeNm
297,/PmtRtr/TxInf/RtrChain/UltmtDbtr/Pty/Id/PrvtId/Othr/SchmeNm/Cd
298,/PmtRtr/TxInf/RtrChain/UltmtDbtr/Pty/Id/PrvtId/Othr/SchmeNm/Prtry
299,/PmtRtr/TxInf/RtrChain/UltmtDbtr/Pty/Id/PrvtId/Othr/Issr
300,/PmtRtr/TxInf/RtrChain/UltmtDbtr/Pty/CtryOfRes
301,/PmtRtr/TxInf/RtrChain/UltmtDbtr/Pty/CtctDtls
302,/PmtRtr/TxInf/RtrChain/UltmtDbtr/Agt
303,/PmtRtr/TxInf/RtrChain/UltmtDbtr/Agt/BrnchId
304,/PmtRtr/TxInf/RtrChain/Dbtr
305,/PmtRtr/TxInf/RtrChain/Dbtr/Pty
306,/PmtRtr/TxInf/RtrChain/Dbtr/Pty/Nm
307,/PmtRtr/TxInf/RtrChain/Dbtr/Pty/PstlAdr
308,/PmtRtr/TxInf/RtrChain/Dbtr/Pty/PstlAdr/AdrTp
309,/PmtRtr/TxInf/RtrChain/Dbtr/Pty/PstlAdr/Dept
310,/PmtRtr/TxInf/RtrChain/Dbtr/Pty/PstlAdr/SubDept
311,/PmtRtr/TxInf/RtrChain/Dbtr/Pty/PstlAdr/StrtNm
312,/PmtRtr/TxInf/RtrChain/Dbtr/Pty/PstlAdr/BldgNb
313,/PmtRtr/TxInf/RtrChain/Dbtr/Pty/PstlAdr/BldgNm
314,/PmtRtr/TxInf/RtrChain/Dbtr/Pty/PstlAdr/Flr
315,/PmtRtr/TxInf/RtrChain/Dbtr/Pty/PstlAdr/PstBx
316,/PmtRtr/TxInf/RtrChain/Dbtr/Pty/PstlAdr/Room
317,/PmtRtr/TxInf/RtrChain/Dbtr/Pty/PstlAdr/PstCd
318,/PmtRtr/TxInf/RtrChain/Dbtr/Pty/PstlAdr/TwnNm
319,/PmtRtr/TxInf/RtrChain/Dbtr/Pty/PstlAdr/TwnLctnNm
320,/PmtRtr/TxInf/RtrChain/Dbtr/Pty/PstlAdr/DstrctNm
321,/PmtRtr/TxInf/RtrChain/Dbtr/Pty/PstlAdr/CtrySubDvsn
322,/PmtRtr/TxInf/RtrChain/Dbtr/Pty/PstlAdr/Ctry
323,/PmtRtr/TxInf/RtrChain/Dbtr/Pty/PstlAdr/AdrLine
324,/PmtRtr/TxInf/RtrChain/Dbtr/Pty/Id
325,/PmtRtr/TxInf/RtrChain/Dbtr/Pty/Id/OrgId
326,/PmtRtr/TxInf/RtrChain/Dbtr/Pty/Id/OrgId/AnyBIC
327,/PmtRtr/TxInf/RtrChain/Dbtr/Pty/Id/OrgId/LEI
328,/PmtRtr/TxInf/RtrChain/Dbtr/Pty/Id/OrgId/Othr
329,/PmtRtr/TxInf/RtrChain/Dbtr/Pty/Id/OrgId/Othr/Id
330,/PmtRtr/TxInf/RtrChain/Dbtr/Pty/Id/OrgId/Othr/SchmeNm
331,/PmtRtr/TxInf/RtrChain/Dbtr/Pty/Id/OrgId/Othr/SchmeNm/Cd
332,/PmtRtr/TxInf/RtrChain/Dbtr/Pty/Id/OrgId/Othr/SchmeNm/Prtry
333,/PmtRtr/TxInf/RtrChain/Dbtr/Pty/Id/OrgId/Othr/Issr
334,/PmtRtr/TxInf/RtrChain/Dbtr/Pty/Id/PrvtId
335,/PmtRtr/TxInf/RtrChain/Dbtr/Pty/Id/PrvtId/DtAndPlcOfBirth
336,/PmtRtr/TxInf/RtrChain/Dbtr/Pty/Id/PrvtId/DtAndPlcOfBirth/BirthDt
337,/PmtRtr/TxInf/RtrChain/Dbtr/Pty/Id/PrvtId/DtAndPlcOfBirth/PrvcOfBirth
338,/PmtRtr/TxInf/RtrChain/Dbtr/Pty/Id/PrvtId/DtAndPlcOfBirth/CityOfBirth
339,/PmtRtr/TxInf/RtrChain/Dbtr/Pty/Id/PrvtId/DtAndPlcOfBirth/CtryOfBirth
340,/PmtRtr/TxInf/RtrChain/Dbtr/Pty/Id/PrvtId/Othr
341,/PmtRtr/TxInf/RtrChain/Dbtr/Pty/Id/PrvtId/Othr/Id
342,/PmtRtr/TxInf/RtrChain/Dbtr/Pty/Id/PrvtId/Othr/SchmeNm
343,/PmtRtr/TxInf/RtrChain/Dbtr/Pty/Id/PrvtId/Othr/SchmeNm/Cd
344,/PmtRtr/TxInf/RtrChain/Dbtr/Pty/Id/PrvtId/Othr/SchmeNm/Prtry
345,/PmtRtr/TxInf/RtrChain/Dbtr/Pty/Id/PrvtId/Othr/Issr
346,/PmtRtr/TxInf/RtrChain/Dbtr/Pty/CtryOfRes
347,/PmtRtr/TxInf/RtrChain/Dbtr/Pty/CtctDtls
348,/PmtRtr/TxInf/RtrChain/Dbtr/Agt
349,/PmtRtr/TxInf/RtrChain/Dbtr/Agt/FinInstnId
350,/PmtRtr/TxInf/RtrChain/Dbtr/Agt/FinInstnId/BICFI
351,/PmtRtr/TxInf/RtrChain/Dbtr/Agt/FinInstnId/ClrSysMmbId
352,/PmtRtr/TxInf/RtrChain/Dbtr/Agt/FinInstnId/ClrSysMmbId/ClrSysId
353,/PmtRtr/TxInf/RtrChain/Dbtr/Agt/FinInstnId/ClrSysMmbId/ClrSysId/Cd
354,/PmtRtr/TxInf/RtrChain/Dbtr/Agt/FinInstnId/ClrSysMmbId/ClrSysId/Prtry
355,/PmtRtr/TxInf/RtrChain/Dbtr/Agt/FinInstnId/ClrSysMmbId/MmbId
356,/PmtRtr/TxInf/RtrChain/Dbtr/Agt/FinInstnId/LEI
357,/PmtRtr/TxInf/RtrChain/Dbtr/Agt/FinInstnId/Nm
358,/PmtRtr/TxInf/RtrChain/Dbtr/Agt/FinInstnId/PstlAdr
359,/PmtRtr/TxInf/RtrChain/Dbtr/Agt/FinInstnId/PstlAdr/AdrTp
360,/PmtRtr/TxInf/RtrChain/Dbtr/Agt/FinInstnId/PstlAdr/Dept
361,/PmtRtr/TxInf/RtrChain/Dbtr/Agt/FinInstnId/PstlAdr/SubDept
362,/PmtRtr/TxInf/RtrChain/Dbtr/Agt/FinInstnId/PstlAdr/StrtNm
363,/PmtRtr/TxInf/RtrChain/Dbtr/Agt/FinInstnId/PstlAdr/BldgNb
364,/PmtRtr/TxInf/RtrChain/Dbtr/Agt/FinInstnId/PstlAdr/BldgNm
365,/PmtRtr/TxInf/RtrChain/Dbtr/Agt/FinInstnId/PstlAdr/Flr
366,/PmtRtr/TxInf/RtrChain/Dbtr/Agt/FinInstnId/PstlAdr/PstBx
367,/PmtRtr/TxInf/RtrChain/Dbtr/Agt/FinInstnId/PstlAdr/Room
368,/PmtRtr/TxInf/RtrChain/Dbtr/Agt/FinInstnId/PstlAdr/PstCd
369,/PmtRtr/TxInf/RtrChain/Dbtr/Agt/FinInstnId/PstlAdr/TwnNm
370,/PmtRtr/TxInf/RtrChain/Dbtr/Agt/FinInstnId/PstlAdr/TwnLctnNm
371,/PmtRtr/TxInf/RtrChain/Dbtr/Agt/FinInstnId/PstlAdr/DstrctNm
372,/PmtRtr/TxInf/RtrChain/Dbtr/Agt/FinInstnId/PstlAdr/CtrySubDvsn
373,/PmtRtr/TxInf/RtrChain/Dbtr/Agt/FinInstnId/PstlAdr/Ctry
374,/PmtRtr/TxInf/RtrChain/Dbtr/Agt/FinInstnId/PstlAdr/AdrLine
375,/PmtRtr/TxInf/RtrChain/Dbtr/Agt/FinInstnId/Othr
376,/PmtRtr/TxInf/RtrChain/Dbtr/Agt/BrnchId
377,/PmtRtr/TxInf/RtrChain/InitgPty
378,/PmtRtr/TxInf/RtrChain/InitgPty/Pty
379,/PmtRtr/TxInf/RtrChain/InitgPty/Pty/Nm
380,/PmtRtr/TxInf/RtrChain/InitgPty/Pty/PstlAdr
381,/PmtRtr/TxInf/RtrChain/InitgPty/Pty/PstlAdr/AdrTp
382,/PmtRtr/TxInf/RtrChain/InitgPty/Pty/PstlAdr/Dept
383,/PmtRtr/TxInf/RtrChain/InitgPty/Pty/PstlAdr/SubDept
384,/PmtRtr/TxInf/RtrChain/InitgPty/Pty/PstlAdr/StrtNm
385,/PmtRtr/TxInf/RtrChain/InitgPty/Pty/PstlAdr/BldgNb
386,/PmtRtr/TxInf/RtrChain/InitgPty/Pty/PstlAdr/BldgNm
387,/PmtRtr/TxInf/RtrChain/InitgPty/Pty/PstlAdr/Flr
388,/PmtRtr/TxInf/RtrChain/InitgPty/Pty/PstlAdr/PstBx
389,/PmtRtr/TxInf/RtrChain/InitgPty/Pty/PstlAdr/Room
390,/PmtRtr/TxInf/RtrChain/InitgPty/Pty/PstlAdr/PstCd
391,/PmtRtr/TxInf/RtrChain/InitgPty/Pty/PstlAdr/TwnNm
392,/PmtRtr/TxInf/RtrChain/InitgPty/Pty/PstlAdr/TwnLctnNm
393,/PmtRtr/TxInf/RtrChain/InitgPty/Pty/PstlAdr/DstrctNm
394,/PmtRtr/TxInf/RtrChain/InitgPty/Pty/PstlAdr/CtrySubDvsn
395,/PmtRtr/TxInf/RtrChain/InitgPty/Pty/PstlAdr/Ctry
396,/PmtRtr/TxInf/RtrChain/InitgPty/Pty/PstlAdr/AdrLine
397,/PmtRtr/TxInf/RtrChain/InitgPty/Pty/Id
398,/PmtRtr/TxInf/RtrChain/InitgPty/Pty/Id/OrgId
399,/PmtRtr/TxInf/RtrChain/InitgPty/Pty/Id/OrgId/AnyBIC
400,/PmtRtr/TxInf/RtrChain/InitgPty/Pty/Id/OrgId/LEI
401,/PmtRtr/TxInf/RtrChain/InitgPty/Pty/Id/OrgId/Othr
402,/PmtRtr/TxInf/RtrChain/InitgPty/Pty/Id/OrgId/Othr/Id
403,/PmtRtr/TxInf/RtrChain/InitgPty/Pty/Id/OrgId/Othr/SchmeNm
404,/PmtRtr/TxInf/RtrChain/InitgPty/Pty/Id/OrgId/Othr/SchmeNm/Cd
405,/PmtRtr/TxInf/RtrChain/InitgPty/Pty/Id/OrgId/Othr/SchmeNm/Prtry
406,/PmtRtr/TxInf/RtrChain/InitgPty/Pty/Id/OrgId/Othr/Issr
407,/PmtRtr/TxInf/RtrChain/InitgPty/Pty/Id/PrvtId
408,/PmtRtr/TxInf/RtrChain/InitgPty/Pty/Id/PrvtId/DtAndPlcOfBirth
409,/PmtRtr/TxInf/RtrChain/InitgPty/Pty/Id/PrvtId/DtAndPlcOfBirth/BirthDt
410,/PmtRtr/TxInf/RtrChain/InitgPty/Pty/Id/PrvtId/DtAndPlcOfBirth/PrvcOfBirth
411,/PmtRtr/TxInf/RtrChain/InitgPty/Pty/Id/PrvtId/DtAndPlcOfBirth/CityOfBirth
412,/PmtRtr/TxInf/RtrChain/InitgPty/Pty/Id/PrvtId/DtAndPlcOfBirth/CtryOfBirth
413,/PmtRtr/TxInf/RtrChain/InitgPty/Pty/Id/PrvtId/Othr
414,/PmtRtr/TxInf/RtrChain/InitgPty/Pty/Id/PrvtId/Othr/Id
415,/PmtRtr/TxInf/RtrChain/InitgPty/Pty/Id/PrvtId/Othr/SchmeNm
416,/PmtRtr/TxInf/RtrChain/InitgPty/Pty/Id/PrvtId/Othr/SchmeNm/Cd
417,/PmtRtr/TxInf/RtrChain/InitgPty/Pty/Id/PrvtId/Othr/SchmeNm/Prtry
418,/PmtRtr/TxInf/RtrChain/InitgPty/Pty/Id/PrvtId/Othr/Issr
419,/PmtRtr/TxInf/RtrChain/InitgPty/Pty/CtryOfRes
420,/PmtRtr/TxInf/RtrChain/InitgPty/Pty/CtctDtls
421,/PmtRtr/TxInf/RtrChain/InitgPty/Agt
422,/PmtRtr/TxInf/RtrChain/DbtrAgt
423,/PmtRtr/TxInf/RtrChain/DbtrAgt/FinInstnId
424,/PmtRtr/TxInf/RtrChain/DbtrAgt/FinInstnId/BICFI
425,/PmtRtr/TxInf/RtrChain/DbtrAgt/FinInstnId/ClrSysMmbId
426,/PmtRtr/TxInf/RtrChain/DbtrAgt/FinInstnId/ClrSysMmbId/ClrSysId
427,/PmtRtr/TxInf/RtrChain/DbtrAgt/FinInstnId/ClrSysMmbId/ClrSysId/Cd
428,/PmtRtr/TxInf/RtrChain/DbtrAgt/FinInstnId/ClrSysMmbId/ClrSysId/Prtry
429,/PmtRtr/TxInf/RtrChain/DbtrAgt/FinInstnId/ClrSysMmbId/MmbId
430,/PmtRtr/TxInf/RtrChain/DbtrAgt/FinInstnId/LEI
431,/PmtRtr/TxInf/RtrChain/DbtrAgt/FinInstnId/Nm
432,/PmtRtr/TxInf/RtrChain/DbtrAgt/FinInstnId/PstlAdr
433,/PmtRtr/TxInf/RtrChain/DbtrAgt/FinInstnId/PstlAdr/AdrTp
434,/PmtRtr/TxInf/RtrChain/DbtrAgt/FinInstnId/PstlAdr/Dept
435,/PmtRtr/TxInf/RtrChain/DbtrAgt/FinInstnId/PstlAdr/SubDept
436,/PmtRtr/TxInf/RtrChain/DbtrAgt/FinInstnId/PstlAdr/StrtNm
437,/PmtRtr/TxInf/RtrChain/DbtrAgt/FinInstnId/PstlAdr/BldgNb
438,/PmtRtr/TxInf/RtrChain/DbtrAgt/FinInstnId/PstlAdr/BldgNm
439,/PmtRtr/TxInf/RtrChain/DbtrAgt/FinInstnId/PstlAdr/Flr
440,/PmtRtr/TxInf/RtrChain/DbtrAgt/FinInstnId/PstlAdr/PstBx
441,/PmtRtr/TxInf/RtrChain/DbtrAgt/FinInstnId/PstlAdr/Room
442,/PmtRtr/TxInf/RtrChain/DbtrAgt/FinInstnId/PstlAdr/PstCd
443,/PmtRtr/TxInf/RtrChain/DbtrAgt/FinInstnId/PstlAdr/TwnNm
444,/PmtRtr/TxInf/RtrChain/DbtrAgt/FinInstnId/PstlAdr/TwnLctnNm
445,/PmtRtr/TxInf/RtrChain/DbtrAgt/FinInstnId/PstlAdr/DstrctNm
446,/PmtRtr/TxInf/RtrChain/DbtrAgt/FinInstnId/PstlAdr/CtrySubDvsn
447,/PmtRtr/TxInf/RtrChain/DbtrAgt/FinInstnId/PstlAdr/Ctry
448,/PmtRtr/TxInf/RtrChain/DbtrAgt/FinInstnId/PstlAdr/AdrLine
449,/PmtRtr/TxInf/RtrChain/DbtrAgt/FinInstnId/Othr
450,/PmtRtr/TxInf/RtrChain/DbtrAgt/BrnchId
451,/PmtRtr/TxInf/RtrChain/PrvsInstgAgt1
452,/PmtRtr/TxInf/RtrChain/PrvsInstgAgt1/FinInstnId
453,/PmtRtr/TxInf/RtrChain/PrvsInstgAgt1/FinInstnId/BICFI
454,/PmtRtr/TxInf/RtrChain/PrvsInstgAgt1/FinInstnId/ClrSysMmbId
455,/PmtRtr/TxInf/RtrChain/PrvsInstgAgt1/FinInstnId/ClrSysMmbId/ClrSysId
456,/PmtRtr/TxInf/RtrChain/PrvsInstgAgt1/FinInstnId/ClrSysMmbId/ClrSysId/Cd
457,/PmtRtr/TxInf/RtrChain/PrvsInstgAgt1/FinInstnId/ClrSysMmbId/ClrSysId/Prtry
458,/PmtRtr/TxInf/RtrChain/PrvsInstgAgt1/FinInstnId/ClrSysMmbId/MmbId
459,/PmtRtr/TxInf/RtrChain/PrvsInstgAgt1/FinInstnId/LEI
460,/PmtRtr/TxInf/RtrChain/PrvsInstgAgt1/FinInstnId/Nm
461,/PmtRtr/TxInf/RtrChain/PrvsInstgAgt1/FinInstnId/PstlAdr
462,/PmtRtr/TxInf/RtrChain/PrvsInstgAgt1/FinInstnId/PstlAdr/AdrTp
463,/PmtRtr/TxInf/RtrChain/PrvsInstgAgt1/FinInstnId/PstlAdr/Dept
464,/PmtRtr/TxInf/RtrChain/PrvsInstgAgt1/FinInstnId/PstlAdr/SubDept
465,/PmtRtr/TxInf/RtrChain/PrvsInstgAgt1/FinInstnId/PstlAdr/StrtNm
466,/PmtRtr/TxInf/RtrChain/PrvsInstgAgt1/FinInstnId/PstlAdr/BldgNb
467,/PmtRtr/TxInf/RtrChain/PrvsInstgAgt1/FinInstnId/PstlAdr/BldgNm
468,/PmtRtr/TxInf/RtrChain/PrvsInstgAgt1/FinInstnId/PstlAdr/Flr
469,/PmtRtr/TxInf/RtrChain/PrvsInstgAgt1/FinInstnId/PstlAdr/PstBx
470,/PmtRtr/TxInf/RtrChain/PrvsInstgAgt1/FinInstnId/PstlAdr/Room
471,/PmtRtr/TxInf/RtrChain/PrvsInstgAgt1/FinInstnId/PstlAdr/PstCd
472,/PmtRtr/TxInf/RtrChain/PrvsInstgAgt1/FinInstnId/PstlAdr/TwnNm
473,/PmtRtr/TxInf/RtrChain/PrvsInstgAgt1/FinInstnId/PstlAdr/TwnLctnNm
474,/PmtRtr/TxInf/RtrChain/PrvsInstgAgt1/FinInstnId/PstlAdr/DstrctNm
475,/PmtRtr/TxInf/RtrChain/PrvsInstgAgt1/FinInstnId/PstlAdr/CtrySubDvsn
476,/PmtRtr/TxInf/RtrChain/PrvsInstgAgt1/FinInstnId/PstlAdr/Ctry
477,/PmtRtr/TxInf/RtrChain/PrvsInstgAgt1/FinInstnId/PstlAdr/AdrLine
478,/PmtRtr/TxInf/RtrChain/PrvsInstgAgt1/FinInstnId/Othr
479,/PmtRtr/TxInf/RtrChain/PrvsInstgAgt1/BrnchId
480,/PmtRtr/TxInf/RtrChain/PrvsInstgAgt2
481,/PmtRtr/TxInf/RtrChain/PrvsInstgAgt2/FinInstnId
482,/PmtRtr/TxInf/RtrChain/PrvsInstgAgt2/FinInstnId/BICFI
483,/PmtRtr/TxInf/RtrChain/PrvsInstgAgt2/FinInstnId/ClrSysMmbId
484,/PmtRtr/TxInf/RtrChain/PrvsInstgAgt2/FinInstnId/ClrSysMmbId/ClrSysId
485,/PmtRtr/TxInf/RtrChain/PrvsInstgAgt2/FinInstnId/ClrSysMmbId/ClrSysId/Cd
486,/PmtRtr/TxInf/RtrChain/PrvsInstgAgt2/FinInstnId/ClrSysMmbId/ClrSysId/Prtry
487,/PmtRtr/TxInf/RtrChain/PrvsInstgAgt2/FinInstnId/ClrSysMmbId/MmbId
488,/PmtRtr/TxInf/RtrChain/PrvsInstgAgt2/FinInstnId/LEI
489,/PmtRtr/TxInf/RtrChain/PrvsInstgAgt2/FinInstnId/Nm
490,/PmtRtr/TxInf/RtrChain/PrvsInstgAgt2/FinInstnId/PstlAdr
491,/PmtRtr/TxInf/RtrChain/PrvsInstgAgt2/FinInstnId/PstlAdr/AdrTp
492,/PmtRtr/TxInf/RtrChain/PrvsInstgAgt2/FinInstnId/PstlAdr/Dept
493,/PmtRtr/TxInf/RtrChain/PrvsInstgAgt2/FinInstnId/PstlAdr/SubDept
494,/PmtRtr/TxInf/RtrChain/PrvsInstgAgt2/FinInstnId/PstlAdr/StrtNm
495,/PmtRtr/TxInf/RtrChain/PrvsInstgAgt2/FinInstnId/PstlAdr/BldgNb
496,/PmtRtr/TxInf/RtrChain/PrvsInstgAgt2/FinInstnId/PstlAdr/BldgNm
497,/PmtRtr/TxInf/RtrChain/PrvsInstgAgt2/FinInstnId/PstlAdr/Flr
498,/PmtRtr/TxInf/RtrChain/PrvsInstgAgt2/FinInstnId/PstlAdr/PstBx
499,/PmtRtr/TxInf/RtrChain/PrvsInstgAgt2/FinInstnId/PstlAdr/Room
500,/PmtRtr/TxInf/RtrChain/PrvsInstgAgt2/FinInstnId/PstlAdr/PstCd
501,/PmtRtr/TxInf/RtrChain/PrvsInstgAgt2/FinInstnId/PstlAdr/TwnNm
502,/PmtRtr/TxInf/RtrChain/PrvsInstgAgt2/FinInstnId/PstlAdr/TwnLctnNm
503,/PmtRtr/TxInf/RtrChain/PrvsInstgAgt2/FinInstnId/PstlAdr/DstrctNm
504,/PmtRtr/TxInf/RtrChain/PrvsInstgAgt2/FinInstnId/PstlAdr/CtrySubDvsn
505,/PmtRtr/TxInf/RtrChain/PrvsInstgAgt2/FinInstnId/PstlAdr/Ctry
506,/PmtRtr/TxInf/RtrChain/PrvsInstgAgt2/FinInstnId/PstlAdr/AdrLine
507,/PmtRtr/TxInf/RtrChain/PrvsInstgAgt2/FinInstnId/Othr
508,/PmtRtr/TxInf/RtrChain/PrvsInstgAgt2/BrnchId
509,/PmtRtr/TxInf/RtrChain/PrvsInstgAgt3
510,/PmtRtr/TxInf/RtrChain/PrvsInstgAgt3/FinInstnId
511,/PmtRtr/TxInf/RtrChain/PrvsInstgAgt3/FinInstnId/BICFI
512,/PmtRtr/TxInf/RtrChain/PrvsInstgAgt3/FinInstnId/ClrSysMmbId
513,/PmtRtr/TxInf/RtrChain/PrvsInstgAgt3/FinInstnId/ClrSysMmbId/ClrSysId
514,/PmtRtr/TxInf/RtrChain/PrvsInstgAgt3/FinInstnId/ClrSysMmbId/ClrSysId/Cd
515,/PmtRtr/TxInf/RtrChain/PrvsInstgAgt3/FinInstnId/ClrSysMmbId/ClrSysId/Prtry
516,/PmtRtr/TxInf/RtrChain/PrvsInstgAgt3/FinInstnId/ClrSysMmbId/MmbId
517,/PmtRtr/TxInf/RtrChain/PrvsInstgAgt3/FinInstnId/LEI
518,/PmtRtr/TxInf/RtrChain/PrvsInstgAgt3/FinInstnId/Nm
519,/PmtRtr/TxInf/RtrChain/PrvsInstgAgt3/FinInstnId/PstlAdr
520,/PmtRtr/TxInf/RtrChain/PrvsInstgAgt3/FinInstnId/PstlAdr/AdrTp
521,/PmtRtr/TxInf/RtrChain/PrvsInstgAgt3/FinInstnId/PstlAdr/Dept
522,/PmtRtr/TxInf/RtrChain/PrvsInstgAgt3/FinInstnId/PstlAdr/SubDept
523,/PmtRtr/TxInf/RtrChain/PrvsInstgAgt3/FinInstnId/PstlAdr/StrtNm
524,/PmtRtr/TxInf/RtrChain/PrvsInstgAgt3/FinInstnId/PstlAdr/BldgNb
525,/PmtRtr/TxInf/RtrChain/PrvsInstgAgt3/FinInstnId/PstlAdr/BldgNm
526,/PmtRtr/TxInf/RtrChain/PrvsInstgAgt3/FinInstnId/PstlAdr/Flr
527,/PmtRtr/TxInf/RtrChain/PrvsInstgAgt3/FinInstnId/PstlAdr/PstBx
528,/PmtRtr/TxInf/RtrChain/PrvsInstgAgt3/FinInstnId/PstlAdr/Room
529,/PmtRtr/TxInf/RtrChain/PrvsInstgAgt3/FinInstnId/PstlAdr/PstCd
530,/PmtRtr/TxInf/RtrChain/PrvsInstgAgt3/FinInstnId/PstlAdr/TwnNm
531,/PmtRtr/TxInf/RtrChain/PrvsInstgAgt3/FinInstnId/PstlAdr/TwnLctnNm
532,/PmtRtr/TxInf/RtrChain/PrvsInstgAgt3/FinInstnId/PstlAdr/DstrctNm
533,/PmtRtr/TxInf/RtrChain/PrvsInstgAgt3/FinInstnId/PstlAdr/CtrySubDvsn
534,/PmtRtr/TxInf/RtrChain/PrvsInstgAgt3/FinInstnId/PstlAdr/Ctry
535,/PmtRtr/TxInf/RtrChain/PrvsInstgAgt3/FinInstnId/PstlAdr/AdrLine
536,/PmtRtr/TxInf/RtrChain/PrvsInstgAgt3/FinInstnId/Othr
537,/PmtRtr/TxInf/RtrChain/PrvsInstgAgt3/BrnchId
538,/PmtRtr/TxInf/RtrChain/IntrmyAgt1
539,/PmtRtr/TxInf/RtrChain/IntrmyAgt1/FinInstnId
540,/PmtRtr/TxInf/RtrChain/IntrmyAgt1/FinInstnId/BICFI
541,/PmtRtr/TxInf/RtrChain/IntrmyAgt1/FinInstnId/ClrSysMmbId
542,/PmtRtr/TxInf/RtrChain/IntrmyAgt1/FinInstnId/ClrSysMmbId/ClrSysId
543,/PmtRtr/TxInf/RtrChain/IntrmyAgt1/FinInstnId/ClrSysMmbId/ClrSysId/Cd
544,/PmtRtr/TxInf/RtrChain/IntrmyAgt1/FinInstnId/ClrSysMmbId/ClrSysId/Prtry
545,/PmtRtr/TxInf/RtrChain/IntrmyAgt1/FinInstnId/ClrSysMmbId/MmbId
546,/PmtRtr/TxInf/RtrChain/IntrmyAgt1/FinInstnId/LEI
547,/PmtRtr/TxInf/RtrChain/IntrmyAgt1/FinInstnId/Nm
548,/PmtRtr/TxInf/RtrChain/IntrmyAgt1/FinInstnId/PstlAdr
549,/PmtRtr/TxInf/RtrChain/IntrmyAgt1/FinInstnId/PstlAdr/AdrTp
550,/PmtRtr/TxInf/RtrChain/IntrmyAgt1/FinInstnId/PstlAdr/Dept
551,/PmtRtr/TxInf/RtrChain/IntrmyAgt1/FinInstnId/PstlAdr/SubDept
552,/PmtRtr/TxInf/RtrChain/IntrmyAgt1/FinInstnId/PstlAdr/StrtNm
553,/PmtRtr/TxInf/RtrChain/IntrmyAgt1/FinInstnId/PstlAdr/BldgNb
554,/PmtRtr/TxInf/RtrChain/IntrmyAgt1/FinInstnId/PstlAdr/BldgNm
555,/PmtRtr/TxInf/RtrChain/IntrmyAgt1/FinInstnId/PstlAdr/Flr
556,/PmtRtr/TxInf/RtrChain/IntrmyAgt1/FinInstnId/PstlAdr/PstBx
557,/PmtRtr/TxInf/RtrChain/IntrmyAgt1/FinInstnId/PstlAdr/Room
558,/PmtRtr/TxInf/RtrChain/IntrmyAgt1/FinInstnId/PstlAdr/PstCd
559,/PmtRtr/TxInf/RtrChain/IntrmyAgt1/FinInstnId/PstlAdr/TwnNm
560,/PmtRtr/TxInf/RtrChain/IntrmyAgt1/FinInstnId/PstlAdr/TwnLctnNm
561,/PmtRtr/TxInf/RtrChain/IntrmyAgt1/FinInstnId/PstlAdr/DstrctNm
562,/PmtRtr/TxInf/RtrChain/IntrmyAgt1/FinInstnId/PstlAdr/CtrySubDvsn
563,/PmtRtr/TxInf/RtrChain/IntrmyAgt1/FinInstnId/PstlAdr/Ctry
564,/PmtRtr/TxInf/RtrChain/IntrmyAgt1/FinInstnId/PstlAdr/AdrLine
565,/PmtRtr/TxInf/RtrChain/IntrmyAgt1/FinInstnId/Othr
566,/PmtRtr/TxInf/RtrChain/IntrmyAgt1/BrnchId
567,/PmtRtr/TxInf/RtrChain/IntrmyAgt2
568,/PmtRtr/TxInf/RtrChain/IntrmyAgt2/FinInstnId
569,/PmtRtr/TxInf/RtrChain/IntrmyAgt2/FinInstnId/BICFI
570,/PmtRtr/TxInf/RtrChain/IntrmyAgt2/FinInstnId/ClrSysMmbId
571,/PmtRtr/TxInf/RtrChain/IntrmyAgt2/FinInstnId/ClrSysMmbId/ClrSysId
572,/PmtRtr/TxInf/RtrChain/IntrmyAgt2/FinInstnId/ClrSysMmbId/ClrSysId/Cd
573,/PmtRtr/TxInf/RtrChain/IntrmyAgt2/FinInstnId/ClrSysMmbId/ClrSysId/Prtry
574,/PmtRtr/TxInf/RtrChain/IntrmyAgt2/FinInstnId/ClrSysMmbId/MmbId
575,/PmtRtr/TxInf/RtrChain/IntrmyAgt2/FinInstnId/LEI
576,/PmtRtr/TxInf/RtrChain/IntrmyAgt2/FinInstnId/Nm
577,/PmtRtr/TxInf/RtrChain/IntrmyAgt2/FinInstnId/PstlAdr
578,/PmtRtr/TxInf/RtrChain/IntrmyAgt2/FinInstnId/PstlAdr/AdrTp
579,/PmtRtr/TxInf/RtrChain/IntrmyAgt2/FinInstnId/PstlAdr/Dept
580,/PmtRtr/TxInf/RtrChain/IntrmyAgt2/FinInstnId/PstlAdr/SubDept
581,/PmtRtr/TxInf/RtrChain/IntrmyAgt2/FinInstnId/PstlAdr/StrtNm
582,/PmtRtr/TxInf/RtrChain/IntrmyAgt2/FinInstnId/PstlAdr/BldgNb
583,/PmtRtr/TxInf/RtrChain/IntrmyAgt2/FinInstnId/PstlAdr/BldgNm
584,/PmtRtr/TxInf/RtrChain/IntrmyAgt2/FinInstnId/PstlAdr/Flr
585,/PmtRtr/TxInf/RtrChain/IntrmyAgt2/FinInstnId/PstlAdr/PstBx
586,/PmtRtr/TxInf/RtrChain/IntrmyAgt2/FinInstnId/PstlAdr/Room
587,/PmtRtr/TxInf/RtrChain/IntrmyAgt2/FinInstnId/PstlAdr/PstCd
588,/PmtRtr/TxInf/RtrChain/IntrmyAgt2/FinInstnId/PstlAdr/TwnNm
589,/PmtRtr/TxInf/RtrChain/IntrmyAgt2/FinInstnId/PstlAdr/TwnLctnNm
590,/PmtRtr/TxInf/RtrChain/IntrmyAgt2/FinInstnId/PstlAdr/DstrctNm
591,/PmtRtr/TxInf/RtrChain/IntrmyAgt2/FinInstnId/PstlAdr/CtrySubDvsn
592,/PmtRtr/TxInf/RtrChain/IntrmyAgt2/FinInstnId/PstlAdr/Ctry
593,/PmtRtr/TxInf/RtrChain/IntrmyAgt2/FinInstnId/PstlAdr/AdrLine
594,/PmtRtr/TxInf/RtrChain/IntrmyAgt2/FinInstnId/Othr
595,/PmtRtr/TxInf/RtrChain/IntrmyAgt2/BrnchId
596,/PmtRtr/TxInf/RtrChain/IntrmyAgt3
597,/PmtRtr/TxInf/RtrChain/IntrmyAgt3/FinInstnId
598,/PmtRtr/TxInf/RtrChain/IntrmyAgt3/FinInstnId/BICFI
599,/PmtRtr/TxInf/RtrChain/IntrmyAgt3/FinInstnId/ClrSysMmbId
600,/PmtRtr/TxInf/RtrChain/IntrmyAgt3/FinInstnId/ClrSysMmbId/ClrSysId
601,/PmtRtr/TxInf/RtrChain/IntrmyAgt3/FinInstnId/ClrSysMmbId/ClrSysId/Cd
602,/PmtRtr/TxInf/RtrChain/IntrmyAgt3/FinInstnId/ClrSysMmbId/ClrSysId/Prtry
603,/PmtRtr/TxInf/RtrChain/IntrmyAgt3/FinInstnId/ClrSysMmbId/MmbId
604,/PmtRtr/TxInf/RtrChain/IntrmyAgt3/FinInstnId/LEI
605,/PmtRtr/TxInf/RtrChain/IntrmyAgt3/FinInstnId/Nm
606,/PmtRtr/TxInf/RtrChain/IntrmyAgt3/FinInstnId/PstlAdr
607,/PmtRtr/TxInf/RtrChain/IntrmyAgt3/FinInstnId/PstlAdr/AdrTp
608,/PmtRtr/TxInf/RtrChain/IntrmyAgt3/FinInstnId/PstlAdr/Dept
609,/PmtRtr/TxInf/RtrChain/IntrmyAgt3/FinInstnId/PstlAdr/SubDept
610,/PmtRtr/TxInf/RtrChain/IntrmyAgt3/FinInstnId/PstlAdr/StrtNm
611,/PmtRtr/TxInf/RtrChain/IntrmyAgt3/FinInstnId/PstlAdr/BldgNb
612,/PmtRtr/TxInf/RtrChain/IntrmyAgt3/FinInstnId/PstlAdr/BldgNm
613,/PmtRtr/TxInf/RtrChain/IntrmyAgt3/FinInstnId/PstlAdr/Flr
614,/PmtRtr/TxInf/RtrChain/IntrmyAgt3/FinInstnId/PstlAdr/PstBx
615,/PmtRtr/TxInf/RtrChain/IntrmyAgt3/FinInstnId/PstlAdr/Room
616,/PmtRtr/TxInf/RtrChain/IntrmyAgt3/FinInstnId/PstlAdr/PstCd
617,/PmtRtr/TxInf/RtrChain/IntrmyAgt3/FinInstnId/PstlAdr/TwnNm
618,/PmtRtr/TxInf/RtrChain/IntrmyAgt3/FinInstnId/PstlAdr/TwnLctnNm
619,/PmtRtr/TxInf/RtrChain/IntrmyAgt3/FinInstnId/PstlAdr/DstrctNm
620,/PmtRtr/TxInf/RtrChain/IntrmyAgt3/FinInstnId/PstlAdr/CtrySubDvsn
621,/PmtRtr/TxInf/RtrChain/IntrmyAgt3/FinInstnId/PstlAdr/Ctry
622,/PmtRtr/TxInf/RtrChain/IntrmyAgt3/FinInstnId/PstlAdr/AdrLine
623,/PmtRtr/TxInf/RtrChain/IntrmyAgt3/FinInstnId/Othr
624,/PmtRtr/TxInf/RtrChain/IntrmyAgt3/BrnchId
625,/PmtRtr/TxInf/RtrChain/CdtrAgt
626,/PmtRtr/TxInf/RtrChain/CdtrAgt/FinInstnId
627,/PmtRtr/TxInf/RtrChain/CdtrAgt/FinInstnId/BICFI
628,/PmtRtr/TxInf/RtrChain/CdtrAgt/FinInstnId/ClrSysMmbId
629,/PmtRtr/TxInf/RtrChain/CdtrAgt/FinInstnId/ClrSysMmbId/ClrSysId
630,/PmtRtr/TxInf/RtrChain/CdtrAgt/FinInstnId/ClrSysMmbId/ClrSysId/Cd
631,/PmtRtr/TxInf/RtrChain/CdtrAgt/FinInstnId/ClrSysMmbId/ClrSysId/Prtry
632,/PmtRtr/TxInf/RtrChain/CdtrAgt/FinInstnId/ClrSysMmbId/MmbId
633,/PmtRtr/TxInf/RtrChain/CdtrAgt/FinInstnId/LEI
634,/PmtRtr/TxInf/RtrChain/CdtrAgt/FinInstnId/Nm
635,/PmtRtr/TxInf/RtrChain/CdtrAgt/FinInstnId/PstlAdr
636,/PmtRtr/TxInf/RtrChain/CdtrAgt/FinInstnId/PstlAdr/AdrTp
637,/PmtRtr/TxInf/RtrChain/CdtrAgt/FinInstnId/PstlAdr/Dept
638,/PmtRtr/TxInf/RtrChain/CdtrAgt/FinInstnId/PstlAdr/SubDept
639,/PmtRtr/TxInf/RtrChain/CdtrAgt/FinInstnId/PstlAdr/StrtNm
640,/PmtRtr/TxInf/RtrChain/CdtrAgt/FinInstnId/PstlAdr/BldgNb
641,/PmtRtr/TxInf/RtrChain/CdtrAgt/FinInstnId/PstlAdr/BldgNm
642,/PmtRtr/TxInf/RtrChain/CdtrAgt/FinInstnId/PstlAdr/Flr
643,/PmtRtr/TxInf/RtrChain/CdtrAgt/FinInstnId/PstlAdr/PstBx
644,/PmtRtr/TxInf/RtrChain/CdtrAgt/FinInstnId/PstlAdr/Room
645,/PmtRtr/TxInf/RtrChain/CdtrAgt/FinInstnId/PstlAdr/PstCd
646,/PmtRtr/TxInf/RtrChain/CdtrAgt/FinInstnId/PstlAdr/TwnNm
647,/PmtRtr/TxInf/RtrChain/CdtrAgt/FinInstnId/PstlAdr/TwnLctnNm
648,/PmtRtr/TxInf/RtrChain/CdtrAgt/FinInstnId/PstlAdr/DstrctNm
649,/PmtRtr/TxInf/RtrChain/CdtrAgt/FinInstnId/PstlAdr/CtrySubDvsn
650,/PmtRtr/TxInf/RtrChain/CdtrAgt/FinInstnId/PstlAdr/Ctry
651,/PmtRtr/TxInf/RtrChain/CdtrAgt/FinInstnId/PstlAdr/AdrLine
652,/PmtRtr/TxInf/RtrChain/CdtrAgt/FinInstnId/Othr
653,/PmtRtr/TxInf/RtrChain/CdtrAgt/BrnchId
654,/PmtRtr/TxInf/RtrChain/CdtrAgt/BrnchId/Id
655,/PmtRtr/TxInf/RtrChain/CdtrAgt/BrnchId/LEI
656,/PmtRtr/TxInf/RtrChain/CdtrAgt/BrnchId/Nm
657,/PmtRtr/TxInf/RtrChain/CdtrAgt/BrnchId/PstlAdr
658,/PmtRtr/TxInf/RtrChain/Cdtr
659,/PmtRtr/TxInf/RtrChain/Cdtr/Pty
660,/PmtRtr/TxInf/RtrChain/Cdtr/Pty/Nm
661,/PmtRtr/TxInf/RtrChain/Cdtr/Pty/PstlAdr
662,/PmtRtr/TxInf/RtrChain/Cdtr/Pty/PstlAdr/AdrTp
663,/PmtRtr/TxInf/RtrChain/Cdtr/Pty/PstlAdr/Dept
664,/PmtRtr/TxInf/RtrChain/Cdtr/Pty/PstlAdr/SubDept
665,/PmtRtr/TxInf/RtrChain/Cdtr/Pty/PstlAdr/StrtNm
666,/PmtRtr/TxInf/RtrChain/Cdtr/Pty/PstlAdr/BldgNb
667,/PmtRtr/TxInf/RtrChain/Cdtr/Pty/PstlAdr/BldgNm
668,/PmtRtr/TxInf/RtrChain/Cdtr/Pty/PstlAdr/Flr
669,/PmtRtr/TxInf/RtrChain/Cdtr/Pty/PstlAdr/PstBx
670,/PmtRtr/TxInf/RtrChain/Cdtr/Pty/PstlAdr/Room
671,/PmtRtr/TxInf/RtrChain/Cdtr/Pty/PstlAdr/PstCd
672,/PmtRtr/TxInf/RtrChain/Cdtr/Pty/PstlAdr/TwnNm
673,/PmtRtr/TxInf/RtrChain/Cdtr/Pty/PstlAdr/TwnLctnNm
674,/PmtRtr/TxInf/RtrChain/Cdtr/Pty/PstlAdr/DstrctNm
675,/PmtRtr/TxInf/RtrChain/Cdtr/Pty/PstlAdr/CtrySubDvsn
676,/PmtRtr/TxInf/RtrChain/Cdtr/Pty/PstlAdr/Ctry
677,/PmtRtr/TxInf/RtrChain/Cdtr/Pty/PstlAdr/AdrLine
678,/PmtRtr/TxInf/RtrChain/Cdtr/Pty/Id
679,/PmtRtr/TxInf/RtrChain/Cdtr/Pty/Id/OrgId
680,/PmtRtr/TxInf/RtrChain/Cdtr/Pty/Id/OrgId/AnyBIC
681,/PmtRtr/TxInf/RtrChain/Cdtr/Pty/Id/OrgId/LEI
682,/PmtRtr/TxInf/RtrChain/Cdtr/Pty/Id/OrgId/Othr
683,/PmtRtr/TxInf/RtrChain/Cdtr/Pty/Id/OrgId/Othr/Id
684,/PmtRtr/TxInf/RtrChain/Cdtr/Pty/Id/OrgId/Othr/SchmeNm
685,/PmtRtr/TxInf/RtrChain/Cdtr/Pty/Id/OrgId/Othr/SchmeNm/Cd
686,/PmtRtr/TxInf/RtrChain/Cdtr/Pty/Id/OrgId/Othr/SchmeNm/Prtry
687,/PmtRtr/TxInf/RtrChain/Cdtr/Pty/Id/OrgId/Othr/Issr
688,/PmtRtr/TxInf/RtrChain/Cdtr/Pty/Id/PrvtId
689,/PmtRtr/TxInf/RtrChain/Cdtr/Pty/Id/PrvtId/DtAndPlcOfBirth
690,/PmtRtr/TxInf/RtrChain/Cdtr/Pty/Id/PrvtId/DtAndPlcOfBirth/BirthDt
691,/PmtRtr/TxInf/RtrChain/Cdtr/Pty/Id/PrvtId/DtAndPlcOfBirth/PrvcOfBirth
692,/PmtRtr/TxInf/RtrChain/Cdtr/Pty/Id/PrvtId/DtAndPlcOfBirth/CityOfBirth
693,/PmtRtr/TxInf/RtrChain/Cdtr/Pty/Id/PrvtId/DtAndPlcOfBirth/CtryOfBirth
694,/PmtRtr/TxInf/RtrChain/Cdtr/Pty/Id/PrvtId/Othr
695,/PmtRtr/TxInf/RtrChain/Cdtr/Pty/Id/PrvtId/Othr/Id
696,/PmtRtr/TxInf/RtrChain/Cdtr/Pty/Id/PrvtId/Othr/SchmeNm
697,/PmtRtr/TxInf/RtrChain/Cdtr/Pty/Id/PrvtId/Othr/SchmeNm/Cd
698,/PmtRtr/TxInf/RtrChain/Cdtr/Pty/Id/PrvtId/Othr/SchmeNm/Prtry
699,/PmtRtr/TxInf/RtrChain/Cdtr/Pty/Id/PrvtId/Othr/Issr
700,/PmtRtr/TxInf/RtrChain/Cdtr/Pty/CtryOfRes
701,/PmtRtr/TxInf/RtrChain/Cdtr/Pty/CtctDtls
702,/PmtRtr/TxInf/RtrChain/Cdtr/Agt
703,/PmtRtr/TxInf/RtrChain/Cdtr/Agt/FinInstnId
704,/PmtRtr/TxInf/RtrChain/Cdtr/Agt/FinInstnId/BICFI
705,/PmtRtr/TxInf/RtrChain/Cdtr/Agt/FinInstnId/ClrSysMmbId
706,/PmtRtr/TxInf/RtrChain/Cdtr/Agt/FinInstnId/ClrSysMmbId/ClrSysId
707,/PmtRtr/TxInf/RtrChain/Cdtr/Agt/FinInstnId/ClrSysMmbId/ClrSysId/Cd
708,/PmtRtr/TxInf/RtrChain/Cdtr/Agt/FinInstnId/ClrSysMmbId/ClrSysId/Prtry
709,/PmtRtr/TxInf/RtrChain/Cdtr/Agt/FinInstnId/ClrSysMmbId/MmbId
710,/PmtRtr/TxInf/RtrChain/Cdtr/Agt/FinInstnId/LEI
711,/PmtRtr/TxInf/RtrChain/Cdtr/Agt/FinInstnId/Nm
712,/PmtRtr/TxInf/RtrChain/Cdtr/Agt/FinInstnId/PstlAdr
713,/PmtRtr/TxInf/RtrChain/Cdtr/Agt/FinInstnId/PstlAdr/AdrTp
714,/PmtRtr/TxInf/RtrChain/Cdtr/Agt/FinInstnId/PstlAdr/Dept
715,/PmtRtr/TxInf/RtrChain/Cdtr/Agt/FinInstnId/PstlAdr/SubDept
716,/PmtRtr/TxInf/RtrChain/Cdtr/Agt/FinInstnId/PstlAdr/StrtNm
717,/PmtRtr/TxInf/RtrChain/Cdtr/Agt/FinInstnId/PstlAdr/BldgNb
718,/PmtRtr/TxInf/RtrChain/Cdtr/Agt/FinInstnId/PstlAdr/BldgNm
719,/PmtRtr/TxInf/RtrChain/Cdtr/Agt/FinInstnId/PstlAdr/Flr
720,/PmtRtr/TxInf/RtrChain/Cdtr/Agt/FinInstnId/PstlAdr/PstBx
721,/PmtRtr/TxInf/RtrChain/Cdtr/Agt/FinInstnId/PstlAdr/Room
722,/PmtRtr/TxInf/RtrChain/Cdtr/Agt/FinInstnId/PstlAdr/PstCd
723,/PmtRtr/TxInf/RtrChain/Cdtr/Agt/FinInstnId/PstlAdr/TwnNm
724,/PmtRtr/TxInf/RtrChain/Cdtr/Agt/FinInstnId/PstlAdr/TwnLctnNm
725,/PmtRtr/TxInf/RtrChain/Cdtr/Agt/FinInstnId/PstlAdr/DstrctNm
726,/PmtRtr/TxInf/RtrChain/Cdtr/Agt/FinInstnId/PstlAdr/CtrySubDvsn
727,/PmtRtr/TxInf/RtrChain/Cdtr/Agt/FinInstnId/PstlAdr/Ctry
728,/PmtRtr/TxInf/RtrChain/Cdtr/Agt/FinInstnId/PstlAdr/AdrLine
729,/PmtRtr/TxInf/RtrChain/Cdtr/Agt/FinInstnId/Othr
730,/PmtRtr/TxInf/RtrChain/Cdtr/Agt/BrnchId
731,/PmtRtr/TxInf/RtrChain/UltmtCdtr
732,/PmtRtr/TxInf/RtrChain/UltmtCdtr/Pty
733,/PmtRtr/TxInf/RtrChain/UltmtCdtr/Pty/Nm
734,/PmtRtr/TxInf/RtrChain/UltmtCdtr/Pty/PstlAdr
735,/PmtRtr/TxInf/RtrChain/UltmtCdtr/Pty/PstlAdr/AdrTp
736,/PmtRtr/TxInf/RtrChain/UltmtCdtr/Pty/PstlAdr/Dept
737,/PmtRtr/TxInf/RtrChain/UltmtCdtr/Pty/PstlAdr/SubDept
738,/PmtRtr/TxInf/RtrChain/UltmtCdtr/Pty/PstlAdr/StrtNm
739,/PmtRtr/TxInf/RtrChain/UltmtCdtr/Pty/PstlAdr/BldgNb
740,/PmtRtr/TxInf/RtrChain/UltmtCdtr/Pty/PstlAdr/BldgNm
741,/PmtRtr/TxInf/RtrChain/UltmtCdtr/Pty/PstlAdr/Flr
742,/PmtRtr/TxInf/RtrChain/UltmtCdtr/Pty/PstlAdr/PstBx
743,/PmtRtr/TxInf/RtrChain/UltmtCdtr/Pty/PstlAdr/Room
744,/PmtRtr/TxInf/RtrChain/UltmtCdtr/Pty/PstlAdr/PstCd
745,/PmtRtr/TxInf/RtrChain/UltmtCdtr/Pty/PstlAdr/TwnNm
746,/PmtRtr/TxInf/RtrChain/UltmtCdtr/Pty/PstlAdr/TwnLctnNm
747,/PmtRtr/TxInf/RtrChain/UltmtCdtr/Pty/PstlAdr/DstrctNm
748,/PmtRtr/TxInf/RtrChain/UltmtCdtr/Pty/PstlAdr/CtrySubDvsn
749,/PmtRtr/TxInf/RtrChain/UltmtCdtr/Pty/PstlAdr/Ctry
750,/PmtRtr/TxInf/RtrChain/UltmtCdtr/Pty/PstlAdr/AdrLine
751,/PmtRtr/TxInf/RtrChain/UltmtCdtr/Pty/Id
752,/PmtRtr/TxInf/RtrChain/UltmtCdtr/Pty/Id/OrgId
753,/PmtRtr/TxInf/RtrChain/UltmtCdtr/Pty/Id/OrgId/AnyBIC
754,/PmtRtr/TxInf/RtrChain/UltmtCdtr/Pty/Id/OrgId/LEI
755,/PmtRtr/TxInf/RtrChain/UltmtCdtr/Pty/Id/OrgId/Othr
756,/PmtRtr/TxInf/RtrChain/UltmtCdtr/Pty/Id/OrgId/Othr/Id
757,/PmtRtr/TxInf/RtrChain/UltmtCdtr/Pty/Id/OrgId/Othr/SchmeNm
758,/PmtRtr/TxInf/RtrChain/UltmtCdtr/Pty/Id/OrgId/Othr/SchmeNm/Cd
759,/PmtRtr/TxInf/RtrChain/UltmtCdtr/Pty/Id/OrgId/Othr/SchmeNm/Prtry
760,/PmtRtr/TxInf/RtrChain/UltmtCdtr/Pty/Id/OrgId/Othr/Issr
761,/PmtRtr/TxInf/RtrChain/UltmtCdtr/Pty/Id/PrvtId
762,/PmtRtr/TxInf/RtrChain/UltmtCdtr/Pty/Id/PrvtId/DtAndPlcOfBirth
763,/PmtRtr/TxInf/RtrChain/UltmtCdtr/Pty/Id/PrvtId/DtAndPlcOfBirth/BirthDt
764,/PmtRtr/TxInf/RtrChain/UltmtCdtr/Pty/Id/PrvtId/DtAndPlcOfBirth/PrvcOfBirth
765,/PmtRtr/TxInf/RtrChain/UltmtCdtr/Pty/Id/PrvtId/DtAndPlcOfBirth/CityOfBirth
766,/PmtRtr/TxInf/RtrChain/UltmtCdtr/Pty/Id/PrvtId/DtAndPlcOfBirth/CtryOfBirth
767,/PmtRtr/TxInf/RtrChain/UltmtCdtr/Pty/Id/PrvtId/Othr
768,/PmtRtr/TxInf/RtrChain/UltmtCdtr/Pty/Id/PrvtId/Othr/Id
769,/PmtRtr/TxInf/RtrChain/UltmtCdtr/Pty/Id/PrvtId/Othr/SchmeNm
770,/PmtRtr/TxInf/RtrChain/UltmtCdtr/Pty/Id/PrvtId/Othr/SchmeNm/Cd
771,/PmtRtr/TxInf/RtrChain/UltmtCdtr/Pty/Id/PrvtId/Othr/SchmeNm/Prtry
772,/PmtRtr/TxInf/RtrChain/UltmtCdtr/Pty/Id/PrvtId/Othr/Issr
773,/PmtRtr/TxInf/RtrChain/UltmtCdtr/Pty/CtryOfRes
774,/PmtRtr/TxInf/RtrChain/UltmtCdtr/Pty/CtctDtls
775,/PmtRtr/TxInf/RtrChain/UltmtCdtr/Agt
776,/PmtRtr/TxInf/RtrChain/UltmtCdtr/Agt/BrnchId
777,/PmtRtr/TxInf/RtrRsnInf
778,/PmtRtr/TxInf/RtrRsnInf/Orgtr
779,/PmtRtr/TxInf/RtrRsnInf/Orgtr/Nm
780,/PmtRtr/TxInf/RtrRsnInf/Orgtr/PstlAdr
781,/PmtRtr/TxInf/RtrRsnInf/Orgtr/PstlAdr/AdrTp
782,/PmtRtr/TxInf/RtrRsnInf/Orgtr/PstlAdr/Dept
783,/PmtRtr/TxInf/RtrRsnInf/Orgtr/PstlAdr/SubDept
784,/PmtRtr/TxInf/RtrRsnInf/Orgtr/PstlAdr/StrtNm
785,/PmtRtr/TxInf/RtrRsnInf/Orgtr/PstlAdr/BldgNb
786,/PmtRtr/TxInf/RtrRsnInf/Orgtr/PstlAdr/BldgNm
787,/PmtRtr/TxInf/RtrRsnInf/Orgtr/PstlAdr/Flr
788,/PmtRtr/TxInf/RtrRsnInf/Orgtr/PstlAdr/PstBx
789,/PmtRtr/TxInf/RtrRsnInf/Orgtr/PstlAdr/Room
790,/PmtRtr/TxInf/RtrRsnInf/Orgtr/PstlAdr/PstCd
791,/PmtRtr/TxInf/RtrRsnInf/Orgtr/PstlAdr/TwnNm
792,/PmtRtr/TxInf/RtrRsnInf/Orgtr/PstlAdr/TwnLctnNm
793,/PmtRtr/TxInf/RtrRsnInf/Orgtr/PstlAdr/DstrctNm
794,/PmtRtr/TxInf/RtrRsnInf/Orgtr/PstlAdr/CtrySubDvsn
795,/PmtRtr/TxInf/RtrRsnInf/Orgtr/PstlAdr/Ctry
796,/PmtRtr/TxInf/RtrRsnInf/Orgtr/PstlAdr/AdrLine
797,/PmtRtr/TxInf/RtrRsnInf/Orgtr/Id
798,/PmtRtr/TxInf/RtrRsnInf/Orgtr/Id/OrgId
799,/PmtRtr/TxInf/RtrRsnInf/Orgtr/Id/OrgId/AnyBIC
800,/PmtRtr/TxInf/RtrRsnInf/Orgtr/Id/OrgId/LEI
801,/PmtRtr/TxInf/RtrRsnInf/Orgtr/Id/OrgId/Othr
802,/PmtRtr/TxInf/RtrRsnInf/Orgtr/Id/OrgId/Othr/Id
803,/PmtRtr/TxInf/RtrRsnInf/Orgtr/Id/OrgId/Othr/SchmeNm
804,/PmtRtr/TxInf/RtrRsnInf/Orgtr/Id/OrgId/Othr/SchmeNm/Cd
805,/PmtRtr/TxInf/RtrRsnInf/Orgtr/Id/OrgId/Othr/SchmeNm/Prtry
806,/PmtRtr/TxInf/RtrRsnInf/Orgtr/Id/OrgId/Othr/Issr
807,/PmtRtr/TxInf/RtrRsnInf/Orgtr/Id/PrvtId
808,/PmtRtr/TxInf/RtrRsnInf/Orgtr/Id/PrvtId/DtAndPlcOfBirth
809,/PmtRtr/TxInf/RtrRsnInf/Orgtr/Id/PrvtId/DtAndPlcOfBirth/BirthDt
810,/PmtRtr/TxInf/RtrRsnInf/Orgtr/Id/PrvtId/DtAndPlcOfBirth/PrvcOfBirth
811,/PmtRtr/TxInf/RtrRsnInf/Orgtr/Id/PrvtId/DtAndPlcOfBirth/CityOfBirth
812,/PmtRtr/TxInf/RtrRsnInf/Orgtr/Id/PrvtId/DtAndPlcOfBirth/CtryOfBirth
813,/PmtRtr/TxInf/RtrRsnInf/Orgtr/Id/PrvtId/Othr
814,/PmtRtr/TxInf/RtrRsnInf/Orgtr/Id/PrvtId/Othr/Id
815,/PmtRtr/TxInf/RtrRsnInf/Orgtr/Id/PrvtId/Othr/SchmeNm
816,/PmtRtr/TxInf/RtrRsnInf/Orgtr/Id/PrvtId/Othr/SchmeNm/Cd
817,/PmtRtr/TxInf/RtrRsnInf/Orgtr/Id/PrvtId/Othr/SchmeNm/Prtry
818,/PmtRtr/TxInf/RtrRsnInf/Orgtr/Id/PrvtId/Othr/Issr
819,/PmtRtr/TxInf/RtrRsnInf/Orgtr/CtryOfRes
820,/PmtRtr/TxInf/RtrRsnInf/Orgtr/CtctDtls
821,/PmtRtr/TxInf/RtrRsnInf/Rsn
822,/PmtRtr/TxInf/RtrRsnInf/Rsn/Cd
823,/PmtRtr/TxInf/RtrRsnInf/Rsn/Prtry
824,/PmtRtr/TxInf/RtrRsnInf/AddtlInf
825,/PmtRtr/TxInf/OrgnlTxRef
826,/PmtRtr/TxInf/OrgnlTxRef/IntrBkSttlmAmt
827,/PmtRtr/TxInf/OrgnlTxRef/IntrBkSttlmAmt/Ccy
828,/PmtRtr/TxInf/OrgnlTxRef/Amt
829,/PmtRtr/TxInf/OrgnlTxRef/Amt/InstdAmt
830,/PmtRtr/TxInf/OrgnlTxRef/Amt/InstdAmt/Ccy
831,/PmtRtr/TxInf/OrgnlTxRef/Amt/EqvtAmt
832,/PmtRtr/TxInf/OrgnlTxRef/Amt/EqvtAmt/Amt
833,/PmtRtr/TxInf/OrgnlTxRef/Amt/EqvtAmt/Amt/Ccy
834,/PmtRtr/TxInf/OrgnlTxRef/Amt/EqvtAmt/CcyOfTrf
835,/PmtRtr/TxInf/OrgnlTxRef/IntrBkSttlmDt
836,/PmtRtr/TxInf/OrgnlTxRef/ReqdColltnDt
837,/PmtRtr/TxInf/OrgnlTxRef/ReqdExctnDt
838,/PmtRtr/TxInf/OrgnlTxRef/ReqdExctnDt/Dt
839,/PmtRtr/TxInf/OrgnlTxRef/ReqdExctnDt/DtTm
840,/PmtRtr/TxInf/OrgnlTxRef/CdtrSchmeId
841,/PmtRtr/TxInf/OrgnlTxRef/CdtrSchmeId/Nm
842,/PmtRtr/TxInf/OrgnlTxRef/CdtrSchmeId/PstlAdr
843,/PmtRtr/TxInf/OrgnlTxRef/CdtrSchmeId/PstlAdr/AdrTp
844,/PmtRtr/TxInf/OrgnlTxRef/CdtrSchmeId/PstlAdr/AdrTp/Cd
845,/PmtRtr/TxInf/OrgnlTxRef/CdtrSchmeId/PstlAdr/AdrTp/Cd
846,/PmtRtr/TxInf/OrgnlTxRef/CdtrSchmeId/PstlAdr/AdrTp/Cd
847,/PmtRtr/TxInf/OrgnlTxRef/CdtrSchmeId/PstlAdr/AdrTp/Cd
848,/PmtRtr/TxInf/OrgnlTxRef/CdtrSchmeId/PstlAdr/AdrTp/Cd
849,/PmtRtr/TxInf/OrgnlTxRef/CdtrSchmeId/PstlAdr/AdrTp/Cd
850,/PmtRtr/TxInf/OrgnlTxRef/CdtrSchmeId/PstlAdr/AdrTp/Cd
851,/PmtRtr/TxInf/OrgnlTxRef/CdtrSchmeId/PstlAdr/AdrTp/Prtry
852,/PmtRtr/TxInf/OrgnlTxRef/CdtrSchmeId/PstlAdr/AdrTp/Prtry/Id
853,/PmtRtr/TxInf/OrgnlTxRef/CdtrSchmeId/PstlAdr/AdrTp/Prtry/Issr
854,/PmtRtr/TxInf/OrgnlTxRef/CdtrSchmeId/PstlAdr/AdrTp/Prtry/SchmeNm
855,/PmtRtr/TxInf/OrgnlTxRef/CdtrSchmeId/PstlAdr/Dept
856,/PmtRtr/TxInf/OrgnlTxRef/CdtrSchmeId/PstlAdr/SubDept
857,/PmtRtr/TxInf/OrgnlTxRef/CdtrSchmeId/PstlAdr/StrtNm
858,/PmtRtr/TxInf/OrgnlTxRef/CdtrSchmeId/PstlAdr/BldgNb
859,/PmtRtr/TxInf/OrgnlTxRef/CdtrSchmeId/PstlAdr/BldgNm
860,/PmtRtr/TxInf/OrgnlTxRef/CdtrSchmeId/PstlAdr/Flr
861,/PmtRtr/TxInf/OrgnlTxRef/CdtrSchmeId/PstlAdr/PstBx
862,/PmtRtr/TxInf/OrgnlTxRef/CdtrSchmeId/PstlAdr/Room
863,/PmtRtr/TxInf/OrgnlTxRef/CdtrSchmeId/PstlAdr/PstCd
864,/PmtRtr/TxInf/OrgnlTxRef/CdtrSchmeId/PstlAdr/TwnNm
865,/PmtRtr/TxInf/OrgnlTxRef/CdtrSchmeId/PstlAdr/TwnLctnNm
866,/PmtRtr/TxInf/OrgnlTxRef/CdtrSchmeId/PstlAdr/DstrctNm
867,/PmtRtr/TxInf/OrgnlTxRef/CdtrSchmeId/PstlAdr/CtrySubDvsn
868,/PmtRtr/TxInf/OrgnlTxRef/CdtrSchmeId/PstlAdr/Ctry
869,/PmtRtr/TxInf/OrgnlTxRef/CdtrSchmeId/PstlAdr/AdrLine
870,/PmtRtr/TxInf/OrgnlTxRef/CdtrSchmeId/Id
871,/PmtRtr/TxInf/OrgnlTxRef/CdtrSchmeId/Id/OrgId
872,/PmtRtr/TxInf/OrgnlTxRef/CdtrSchmeId/Id/OrgId/AnyBIC
873,/PmtRtr/TxInf/OrgnlTxRef/CdtrSchmeId/Id/OrgId/LEI
874,/PmtRtr/TxInf/OrgnlTxRef/CdtrSchmeId/Id/OrgId/Othr
875,/PmtRtr/TxInf/OrgnlTxRef/CdtrSchmeId/Id/OrgId/Othr/Id
876,/PmtRtr/TxInf/OrgnlTxRef/CdtrSchmeId/Id/OrgId/Othr/SchmeNm
877,/PmtRtr/TxInf/OrgnlTxRef/CdtrSchmeId/Id/OrgId/Othr/SchmeNm/Cd
878,/PmtRtr/TxInf/OrgnlTxRef/CdtrSchmeId/Id/OrgId/Othr/SchmeNm/Prtry
879,/PmtRtr/TxInf/OrgnlTxRef/CdtrSchmeId/Id/OrgId/Othr/Issr
880,/PmtRtr/TxInf/OrgnlTxRef/CdtrSchmeId/Id/PrvtId
881,/PmtRtr/TxInf/OrgnlTxRef/CdtrSchmeId/Id/PrvtId/DtAndPlcOfBirth
882,/PmtRtr/TxInf/OrgnlTxRef/CdtrSchmeId/Id/PrvtId/DtAndPlcOfBirth/BirthDt
883,/PmtRtr/TxInf/OrgnlTxRef/CdtrSchmeId/Id/PrvtId/DtAndPlcOfBirth/PrvcOfBirth
884,/PmtRtr/TxInf/OrgnlTxRef/CdtrSchmeId/Id/PrvtId/DtAndPlcOfBirth/CityOfBirth
885,/PmtRtr/TxInf/OrgnlTxRef/CdtrSchmeId/Id/PrvtId/DtAndPlcOfBirth/CtryOfBirth
886,/PmtRtr/TxInf/OrgnlTxRef/CdtrSchmeId/Id/PrvtId/Othr
887,/PmtRtr/TxInf/OrgnlTxRef/CdtrSchmeId/Id/PrvtId/Othr/Id
888,/PmtRtr/TxInf/OrgnlTxRef/CdtrSchmeId/Id/PrvtId/Othr/SchmeNm
889,/PmtRtr/TxInf/OrgnlTxRef/CdtrSchmeId/Id/PrvtId/Othr/SchmeNm/Cd
890,/PmtRtr/TxInf/OrgnlTxRef/CdtrSchmeId/Id/PrvtId/Othr/SchmeNm/Prtry
891,/PmtRtr/TxInf/OrgnlTxRef/CdtrSchmeId/Id/PrvtId/Othr/Issr
892,/PmtRtr/TxInf/OrgnlTxRef/CdtrSchmeId/CtryOfRes
893,/PmtRtr/TxInf/OrgnlTxRef/CdtrSchmeId/CtctDtls
894,/PmtRtr/TxInf/OrgnlTxRef/CdtrSchmeId/CtctDtls/NmPrfx
895,/PmtRtr/TxInf/OrgnlTxRef/CdtrSchmeId/CtctDtls/NmPrfx
896,/PmtRtr/TxInf/OrgnlTxRef/CdtrSchmeId/CtctDtls/NmPrfx
897,/PmtRtr/TxInf/OrgnlTxRef/CdtrSchmeId/CtctDtls/NmPrfx
898,/PmtRtr/TxInf/OrgnlTxRef/CdtrSchmeId/CtctDtls/NmPrfx
899,/PmtRtr/TxInf/OrgnlTxRef/CdtrSchmeId/CtctDtls/NmPrfx
900,/PmtRtr/TxInf/OrgnlTxRef/CdtrSchmeId/CtctDtls/Nm
901,/PmtRtr/TxInf/OrgnlTxRef/CdtrSchmeId/CtctDtls/PhneNb
902,/PmtRtr/TxInf/OrgnlTxRef/CdtrSchmeId/CtctDtls/MobNb
903,/PmtRtr/TxInf/OrgnlTxRef/CdtrSchmeId/CtctDtls/FaxNb
904,/PmtRtr/TxInf/OrgnlTxRef/CdtrSchmeId/CtctDtls/EmailAdr
905,/PmtRtr/TxInf/OrgnlTxRef/CdtrSchmeId/CtctDtls/EmailPurp
906,/PmtRtr/TxInf/OrgnlTxRef/CdtrSchmeId/CtctDtls/JobTitl
907,/PmtRtr/TxInf/OrgnlTxRef/CdtrSchmeId/CtctDtls/Rspnsblty
908,/PmtRtr/TxInf/OrgnlTxRef/CdtrSchmeId/CtctDtls/Dept
909,/PmtRtr/TxInf/OrgnlTxRef/CdtrSchmeId/CtctDtls/Othr
910,/PmtRtr/TxInf/OrgnlTxRef/CdtrSchmeId/CtctDtls/Othr/ChanlTp
911,/PmtRtr/TxInf/OrgnlTxRef/CdtrSchmeId/CtctDtls/Othr/Id
912,/PmtRtr/TxInf/OrgnlTxRef/CdtrSchmeId/CtctDtls/PrefrdMtd
913,/PmtRtr/TxInf/OrgnlTxRef/CdtrSchmeId/CtctDtls/PrefrdMtd
914,/PmtRtr/TxInf/OrgnlTxRef/CdtrSchmeId/CtctDtls/PrefrdMtd
915,/PmtRtr/TxInf/OrgnlTxRef/CdtrSchmeId/CtctDtls/PrefrdMtd
916,/PmtRtr/TxInf/OrgnlTxRef/CdtrSchmeId/CtctDtls/PrefrdMtd
917,/PmtRtr/TxInf/OrgnlTxRef/CdtrSchmeId/CtctDtls/PrefrdMtd
918,/PmtRtr/TxInf/OrgnlTxRef/SttlmInf
919,/PmtRtr/TxInf/OrgnlTxRef/SttlmInf/SttlmMtd
920,/PmtRtr/TxInf/OrgnlTxRef/SttlmInf/SttlmMtd
921,/PmtRtr/TxInf/OrgnlTxRef/SttlmInf/SttlmMtd
922,/PmtRtr/TxInf/OrgnlTxRef/SttlmInf/SttlmMtd
923,/PmtRtr/TxInf/OrgnlTxRef/SttlmInf/SttlmMtd
924,/PmtRtr/TxInf/OrgnlTxRef/SttlmInf/SttlmAcct
925,/PmtRtr/TxInf/OrgnlTxRef/SttlmInf/SttlmAcct/Id
926,/PmtRtr/TxInf/OrgnlTxRef/SttlmInf/SttlmAcct/Id/IBAN
927,/PmtRtr/TxInf/OrgnlTxRef/SttlmInf/SttlmAcct/Id/Othr
928,/PmtRtr/TxInf/OrgnlTxRef/SttlmInf/SttlmAcct/Id/Othr/Id
929,/PmtRtr/TxInf/OrgnlTxRef/SttlmInf/SttlmAcct/Id/Othr/SchmeNm
930,/PmtRtr/TxInf/OrgnlTxRef/SttlmInf/SttlmAcct/Id/Othr/SchmeNm/Cd
931,/PmtRtr/TxInf/OrgnlTxRef/SttlmInf/SttlmAcct/Id/Othr/SchmeNm/Prtry
932,/PmtRtr/TxInf/OrgnlTxRef/SttlmInf/SttlmAcct/Id/Othr/Issr
933,/PmtRtr/TxInf/OrgnlTxRef/SttlmInf/SttlmAcct/Tp
934,/PmtRtr/TxInf/OrgnlTxRef/SttlmInf/SttlmAcct/Tp/Cd
935,/PmtRtr/TxInf/OrgnlTxRef/SttlmInf/SttlmAcct/Tp/Prtry
936,/PmtRtr/TxInf/OrgnlTxRef/SttlmInf/SttlmAcct/Ccy
937,/PmtRtr/TxInf/OrgnlTxRef/SttlmInf/SttlmAcct/Nm
938,/PmtRtr/TxInf/OrgnlTxRef/SttlmInf/SttlmAcct/Prxy
939,/PmtRtr/TxInf/OrgnlTxRef/SttlmInf/SttlmAcct/Prxy/Tp
940,/PmtRtr/TxInf/OrgnlTxRef/SttlmInf/SttlmAcct/Prxy/Tp/Cd
941,/PmtRtr/TxInf/OrgnlTxRef/SttlmInf/SttlmAcct/Prxy/Tp/Prtry
942,/PmtRtr/TxInf/OrgnlTxRef/SttlmInf/SttlmAcct/Prxy/Id
943,/PmtRtr/TxInf/OrgnlTxRef/SttlmInf/ClrSys
944,/PmtRtr/TxInf/OrgnlTxRef/SttlmInf/InstgRmbrsmntAgt
945,/PmtRtr/TxInf/OrgnlTxRef/SttlmInf/InstgRmbrsmntAgt/FinInstnId
946,/PmtRtr/TxInf/OrgnlTxRef/SttlmInf/InstgRmbrsmntAgt/FinInstnId/BICFI
947,/PmtRtr/TxInf/OrgnlTxRef/SttlmInf/InstgRmbrsmntAgt/FinInstnId/ClrSysMmbId
948,/PmtRtr/TxInf/OrgnlTxRef/SttlmInf/InstgRmbrsmntAgt/FinInstnId/ClrSysMmbId/ClrSysId
949,/PmtRtr/TxInf/OrgnlTxRef/SttlmInf/InstgRmbrsmntAgt/FinInstnId/ClrSysMmbId/ClrSysId/Cd
950,/PmtRtr/TxInf/OrgnlTxRef/SttlmInf/InstgRmbrsmntAgt/FinInstnId/ClrSysMmbId/ClrSysId/Prtry
951,/PmtRtr/TxInf/OrgnlTxRef/SttlmInf/InstgRmbrsmntAgt/FinInstnId/ClrSysMmbId/MmbId
952,/PmtRtr/TxInf/OrgnlTxRef/SttlmInf/InstgRmbrsmntAgt/FinInstnId/LEI
953,/PmtRtr/TxInf/OrgnlTxRef/SttlmInf/InstgRmbrsmntAgt/FinInstnId/Nm
954,/PmtRtr/TxInf/OrgnlTxRef/SttlmInf/InstgRmbrsmntAgt/FinInstnId/PstlAdr
955,/PmtRtr/TxInf/OrgnlTxRef/SttlmInf/InstgRmbrsmntAgt/FinInstnId/PstlAdr/AdrTp
956,/PmtRtr/TxInf/OrgnlTxRef/SttlmInf/InstgRmbrsmntAgt/FinInstnId/PstlAdr/Dept
957,/PmtRtr/TxInf/OrgnlTxRef/SttlmInf/InstgRmbrsmntAgt/FinInstnId/PstlAdr/SubDept
958,/PmtRtr/TxInf/OrgnlTxRef/SttlmInf/InstgRmbrsmntAgt/FinInstnId/PstlAdr/StrtNm
959,/PmtRtr/TxInf/OrgnlTxRef/SttlmInf/InstgRmbrsmntAgt/FinInstnId/PstlAdr/BldgNb
960,/PmtRtr/TxInf/OrgnlTxRef/SttlmInf/InstgRmbrsmntAgt/FinInstnId/PstlAdr/BldgNm
961,/PmtRtr/TxInf/OrgnlTxRef/SttlmInf/InstgRmbrsmntAgt/FinInstnId/PstlAdr/Flr
962,/PmtRtr/TxInf/OrgnlTxRef/SttlmInf/InstgRmbrsmntAgt/FinInstnId/PstlAdr/PstBx
963,/PmtRtr/TxInf/OrgnlTxRef/SttlmInf/InstgRmbrsmntAgt/FinInstnId/PstlAdr/Room
964,/PmtRtr/TxInf/OrgnlTxRef/SttlmInf/InstgRmbrsmntAgt/FinInstnId/PstlAdr/PstCd
965,/PmtRtr/TxInf/OrgnlTxRef/SttlmInf/InstgRmbrsmntAgt/FinInstnId/PstlAdr/TwnNm
966,/PmtRtr/TxInf/OrgnlTxRef/SttlmInf/InstgRmbrsmntAgt/FinInstnId/PstlAdr/TwnLctnNm
967,/PmtRtr/TxInf/OrgnlTxRef/SttlmInf/InstgRmbrsmntAgt/FinInstnId/PstlAdr/DstrctNm
968,/PmtRtr/TxInf/OrgnlTxRef/SttlmInf/InstgRmbrsmntAgt/FinInstnId/PstlAdr/CtrySubDvsn
969,/PmtRtr/TxInf/OrgnlTxRef/SttlmInf/InstgRmbrsmntAgt/FinInstnId/PstlAdr/Ctry
970,/PmtRtr/TxInf/OrgnlTxRef/SttlmInf/InstgRmbrsmntAgt/FinInstnId/PstlAdr/AdrLine
971,/PmtRtr/TxInf/OrgnlTxRef/SttlmInf/InstgRmbrsmntAgt/FinInstnId/Othr
972,/PmtRtr/TxInf/OrgnlTxRef/SttlmInf/InstgRmbrsmntAgt/BrnchId
973,/PmtRtr/TxInf/OrgnlTxRef/SttlmInf/InstgRmbrsmntAgtAcct
974,/PmtRtr/TxInf/OrgnlTxRef/SttlmInf/InstgRmbrsmntAgtAcct/Id
975,/PmtRtr/TxInf/OrgnlTxRef/SttlmInf/InstgRmbrsmntAgtAcct/Id/IBAN
976,/PmtRtr/TxInf/OrgnlTxRef/SttlmInf/InstgRmbrsmntAgtAcct/Id/Othr
977,/PmtRtr/TxInf/OrgnlTxRef/SttlmInf/InstgRmbrsmntAgtAcct/Id/Othr/Id
978,/PmtRtr/TxInf/OrgnlTxRef/SttlmInf/InstgRmbrsmntAgtAcct/Id/Othr/SchmeNm
979,/PmtRtr/TxInf/OrgnlTxRef/SttlmInf/InstgRmbrsmntAgtAcct/Id/Othr/SchmeNm/Cd
980,/PmtRtr/TxInf/OrgnlTxRef/SttlmInf/InstgRmbrsmntAgtAcct/Id/Othr/SchmeNm/Prtry
981,/PmtRtr/TxInf/OrgnlTxRef/SttlmInf/InstgRmbrsmntAgtAcct/Id/Othr/Issr
982,/PmtRtr/TxInf/OrgnlTxRef/SttlmInf/InstgRmbrsmntAgtAcct/Tp
983,/PmtRtr/TxInf/OrgnlTxRef/SttlmInf/InstgRmbrsmntAgtAcct/Tp/Cd
984,/PmtRtr/TxInf/OrgnlTxRef/SttlmInf/InstgRmbrsmntAgtAcct/Tp/Prtry
985,/PmtRtr/TxInf/OrgnlTxRef/SttlmInf/InstgRmbrsmntAgtAcct/Ccy
986,/PmtRtr/TxInf/OrgnlTxRef/SttlmInf/InstgRmbrsmntAgtAcct/Nm
987,/PmtRtr/TxInf/OrgnlTxRef/SttlmInf/InstgRmbrsmntAgtAcct/Prxy
988,/PmtRtr/TxInf/OrgnlTxRef/SttlmInf/InstgRmbrsmntAgtAcct/Prxy/Tp
989,/PmtRtr/TxInf/OrgnlTxRef/SttlmInf/InstgRmbrsmntAgtAcct/Prxy/Tp/Cd
990,/PmtRtr/TxInf/OrgnlTxRef/SttlmInf/InstgRmbrsmntAgtAcct/Prxy/Tp/Prtry
991,/PmtRtr/TxInf/OrgnlTxRef/SttlmInf/InstgRmbrsmntAgtAcct/Prxy/Id
992,/PmtRtr/TxInf/OrgnlTxRef/SttlmInf/InstdRmbrsmntAgt
993,/PmtRtr/TxInf/OrgnlTxRef/SttlmInf/InstdRmbrsmntAgt/FinInstnId
994,/PmtRtr/TxInf/OrgnlTxRef/SttlmInf/InstdRmbrsmntAgt/FinInstnId/BICFI
995,/PmtRtr/TxInf/OrgnlTxRef/SttlmInf/InstdRmbrsmntAgt/FinInstnId/ClrSysMmbId
996,/PmtRtr/TxInf/OrgnlTxRef/SttlmInf/InstdRmbrsmntAgt/FinInstnId/ClrSysMmbId/ClrSysId
997,/PmtRtr/TxInf/OrgnlTxRef/SttlmInf/InstdRmbrsmntAgt/FinInstnId/ClrSysMmbId/ClrSysId/Cd
998,/PmtRtr/TxInf/OrgnlTxRef/SttlmInf/InstdRmbrsmntAgt/FinInstnId/ClrSysMmbId/ClrSysId/Prtry
999,/PmtRtr/TxInf/OrgnlTxRef/SttlmInf/InstdRmbrsmntAgt/FinInstnId/ClrSysMmbId/MmbId
1000,/PmtRtr/TxInf/OrgnlTxRef/SttlmInf/InstdRmbrsmntAgt/FinInstnId/LEI
1001,/PmtRtr/TxInf/OrgnlTxRef/SttlmInf/InstdRmbrsmntAgt/FinInstnId/Nm
1002,/PmtRtr/TxInf/OrgnlTxRef/SttlmInf/InstdRmbrsmntAgt/FinInstnId/PstlAdr
1003,/PmtRtr/TxInf/OrgnlTxRef/SttlmInf/InstdRmbrsmntAgt/FinInstnId/PstlAdr/AdrTp
1004,/PmtRtr/TxInf/OrgnlTxRef/SttlmInf/InstdRmbrsmntAgt/FinInstnId/PstlAdr/Dept
1005,/PmtRtr/TxInf/OrgnlTxRef/SttlmInf/InstdRmbrsmntAgt/FinInstnId/PstlAdr/SubDept
1006,/PmtRtr/TxInf/OrgnlTxRef/SttlmInf/InstdRmbrsmntAgt/FinInstnId/PstlAdr/StrtNm
1007,/PmtRtr/TxInf/OrgnlTxRef/SttlmInf/InstdRmbrsmntAgt/FinInstnId/PstlAdr/BldgNb
1008,/PmtRtr/TxInf/OrgnlTxRef/SttlmInf/InstdRmbrsmntAgt/FinInstnId/PstlAdr/BldgNm
1009,/PmtRtr/TxInf/OrgnlTxRef/SttlmInf/InstdRmbrsmntAgt/FinInstnId/PstlAdr/Flr
1010,/PmtRtr/TxInf/OrgnlTxRef/SttlmInf/InstdRmbrsmntAgt/FinInstnId/PstlAdr/PstBx
1011,/PmtRtr/TxInf/OrgnlTxRef/SttlmInf/InstdRmbrsmntAgt/FinInstnId/PstlAdr/Room
1012,/PmtRtr/TxInf/OrgnlTxRef/SttlmInf/InstdRmbrsmntAgt/FinInstnId/PstlAdr/PstCd
1013,/PmtRtr/TxInf/OrgnlTxRef/SttlmInf/InstdRmbrsmntAgt/FinInstnId/PstlAdr/TwnNm
1014,/PmtRtr/TxInf/OrgnlTxRef/SttlmInf/InstdRmbrsmntAgt/FinInstnId/PstlAdr/TwnLctnNm
1015,/PmtRtr/TxInf/OrgnlTxRef/SttlmInf/InstdRmbrsmntAgt/FinInstnId/PstlAdr/DstrctNm
1016,/PmtRtr/TxInf/OrgnlTxRef/SttlmInf/InstdRmbrsmntAgt/FinInstnId/PstlAdr/CtrySubDvsn
1017,/PmtRtr/TxInf/OrgnlTxRef/SttlmInf/InstdRmbrsmntAgt/FinInstnId/PstlAdr/Ctry
1018,/PmtRtr/TxInf/OrgnlTxRef/SttlmInf/InstdRmbrsmntAgt/FinInstnId/PstlAdr/AdrLine
1019,/PmtRtr/TxInf/OrgnlTxRef/SttlmInf/InstdRmbrsmntAgt/FinInstnId/Othr
1020,/PmtRtr/TxInf/OrgnlTxRef/SttlmInf/InstdRmbrsmntAgt/BrnchId
1021,/PmtRtr/TxInf/OrgnlTxRef/SttlmInf/InstdRmbrsmntAgtAcct
1022,/PmtRtr/TxInf/OrgnlTxRef/SttlmInf/InstdRmbrsmntAgtAcct/Id
1023,/PmtRtr/TxInf/OrgnlTxRef/SttlmInf/InstdRmbrsmntAgtAcct/Id/IBAN
1024,/PmtRtr/TxInf/OrgnlTxRef/SttlmInf/InstdRmbrsmntAgtAcct/Id/Othr
1025,/PmtRtr/TxInf/OrgnlTxRef/SttlmInf/InstdRmbrsmntAgtAcct/Id/Othr/Id
1026,/PmtRtr/TxInf/OrgnlTxRef/SttlmInf/InstdRmbrsmntAgtAcct/Id/Othr/SchmeNm
1027,/PmtRtr/TxInf/OrgnlTxRef/SttlmInf/InstdRmbrsmntAgtAcct/Id/Othr/SchmeNm/Cd
1028,/PmtRtr/TxInf/OrgnlTxRef/SttlmInf/InstdRmbrsmntAgtAcct/Id/Othr/SchmeNm/Prtry
1029,/PmtRtr/TxInf/OrgnlTxRef/SttlmInf/InstdRmbrsmntAgtAcct/Id/Othr/Issr
1030,/PmtRtr/TxInf/OrgnlTxRef/SttlmInf/InstdRmbrsmntAgtAcct/Tp
1031,/PmtRtr/TxInf/OrgnlTxRef/SttlmInf/InstdRmbrsmntAgtAcct/Tp/Cd
1032,/PmtRtr/TxInf/OrgnlTxRef/SttlmInf/InstdRmbrsmntAgtAcct/Tp/Prtry
1033,/PmtRtr/TxInf/OrgnlTxRef/SttlmInf/InstdRmbrsmntAgtAcct/Ccy
1034,/PmtRtr/TxInf/OrgnlTxRef/SttlmInf/InstdRmbrsmntAgtAcct/Nm
1035,/PmtRtr/TxInf/OrgnlTxRef/SttlmInf/InstdRmbrsmntAgtAcct/Prxy
1036,/PmtRtr/TxInf/OrgnlTxRef/SttlmInf/InstdRmbrsmntAgtAcct/Prxy/Tp
1037,/PmtRtr/TxInf/OrgnlTxRef/SttlmInf/InstdRmbrsmntAgtAcct/Prxy/Tp/Cd
1038,/PmtRtr/TxInf/OrgnlTxRef/SttlmInf/InstdRmbrsmntAgtAcct/Prxy/Tp/Prtry
1039,/PmtRtr/TxInf/OrgnlTxRef/SttlmInf/InstdRmbrsmntAgtAcct/Prxy/Id
1040,/PmtRtr/TxInf/OrgnlTxRef/SttlmInf/ThrdRmbrsmntAgt
1041,/PmtRtr/TxInf/OrgnlTxRef/SttlmInf/ThrdRmbrsmntAgt/FinInstnId
1042,/PmtRtr/TxInf/OrgnlTxRef/SttlmInf/ThrdRmbrsmntAgt/FinInstnId/BICFI
1043,/PmtRtr/TxInf/OrgnlTxRef/SttlmInf/ThrdRmbrsmntAgt/FinInstnId/ClrSysMmbId
1044,/PmtRtr/TxInf/OrgnlTxRef/SttlmInf/ThrdRmbrsmntAgt/FinInstnId/ClrSysMmbId/ClrSysId
1045,/PmtRtr/TxInf/OrgnlTxRef/SttlmInf/ThrdRmbrsmntAgt/FinInstnId/ClrSysMmbId/ClrSysId/Cd
1046,/PmtRtr/TxInf/OrgnlTxRef/SttlmInf/ThrdRmbrsmntAgt/FinInstnId/ClrSysMmbId/ClrSysId/Prtry
1047,/PmtRtr/TxInf/OrgnlTxRef/SttlmInf/ThrdRmbrsmntAgt/FinInstnId/ClrSysMmbId/MmbId
1048,/PmtRtr/TxInf/OrgnlTxRef/SttlmInf/ThrdRmbrsmntAgt/FinInstnId/LEI
1049,/PmtRtr/TxInf/OrgnlTxRef/SttlmInf/ThrdRmbrsmntAgt/FinInstnId/Nm
1050,/PmtRtr/TxInf/OrgnlTxRef/SttlmInf/ThrdRmbrsmntAgt/FinInstnId/PstlAdr
1051,/PmtRtr/TxInf/OrgnlTxRef/SttlmInf/ThrdRmbrsmntAgt/FinInstnId/PstlAdr/AdrTp
1052,/PmtRtr/TxInf/OrgnlTxRef/SttlmInf/ThrdRmbrsmntAgt/FinInstnId/PstlAdr/Dept
1053,/PmtRtr/TxInf/OrgnlTxRef/SttlmInf/ThrdRmbrsmntAgt/FinInstnId/PstlAdr/SubDept
1054,/PmtRtr/TxInf/OrgnlTxRef/SttlmInf/ThrdRmbrsmntAgt/FinInstnId/PstlAdr/StrtNm
1055,/PmtRtr/TxInf/OrgnlTxRef/SttlmInf/ThrdRmbrsmntAgt/FinInstnId/PstlAdr/BldgNb
1056,/PmtRtr/TxInf/OrgnlTxRef/SttlmInf/ThrdRmbrsmntAgt/FinInstnId/PstlAdr/BldgNm
1057,/PmtRtr/TxInf/OrgnlTxRef/SttlmInf/ThrdRmbrsmntAgt/FinInstnId/PstlAdr/Flr
1058,/PmtRtr/TxInf/OrgnlTxRef/SttlmInf/ThrdRmbrsmntAgt/FinInstnId/PstlAdr/PstBx
1059,/PmtRtr/TxInf/OrgnlTxRef/SttlmInf/ThrdRmbrsmntAgt/FinInstnId/PstlAdr/Room
1060,/PmtRtr/TxInf/OrgnlTxRef/SttlmInf/ThrdRmbrsmntAgt/FinInstnId/PstlAdr/PstCd
1061,/PmtRtr/TxInf/OrgnlTxRef/SttlmInf/ThrdRmbrsmntAgt/FinInstnId/PstlAdr/TwnNm
1062,/PmtRtr/TxInf/OrgnlTxRef/SttlmInf/ThrdRmbrsmntAgt/FinInstnId/PstlAdr/TwnLctnNm
1063,/PmtRtr/TxInf/OrgnlTxRef/SttlmInf/ThrdRmbrsmntAgt/FinInstnId/PstlAdr/DstrctNm
1064,/PmtRtr/TxInf/OrgnlTxRef/SttlmInf/ThrdRmbrsmntAgt/FinInstnId/PstlAdr/CtrySubDvsn
1065,/PmtRtr/TxInf/OrgnlTxRef/SttlmInf/ThrdRmbrsmntAgt/FinInstnId/PstlAdr/Ctry
1066,/PmtRtr/TxInf/OrgnlTxRef/SttlmInf/ThrdRmbrsmntAgt/FinInstnId/PstlAdr/AdrLine
1067,/PmtRtr/TxInf/OrgnlTxRef/SttlmInf/ThrdRmbrsmntAgt/FinInstnId/Othr
1068,/PmtRtr/TxInf/OrgnlTxRef/SttlmInf/ThrdRmbrsmntAgt/BrnchId
1069,/PmtRtr/TxInf/OrgnlTxRef/SttlmInf/ThrdRmbrsmntAgtAcct
1070,/PmtRtr/TxInf/OrgnlTxRef/SttlmInf/ThrdRmbrsmntAgtAcct/Id
1071,/PmtRtr/TxInf/OrgnlTxRef/SttlmInf/ThrdRmbrsmntAgtAcct/Id/IBAN
1072,/PmtRtr/TxInf/OrgnlTxRef/SttlmInf/ThrdRmbrsmntAgtAcct/Id/Othr
1073,/PmtRtr/TxInf/OrgnlTxRef/SttlmInf/ThrdRmbrsmntAgtAcct/Id/Othr/Id
1074,/PmtRtr/TxInf/OrgnlTxRef/SttlmInf/ThrdRmbrsmntAgtAcct/Id/Othr/SchmeNm
1075,/PmtRtr/TxInf/OrgnlTxRef/SttlmInf/ThrdRmbrsmntAgtAcct/Id/Othr/SchmeNm/Cd
1076,/PmtRtr/TxInf/OrgnlTxRef/SttlmInf/ThrdRmbrsmntAgtAcct/Id/Othr/SchmeNm/Prtry
1077,/PmtRtr/TxInf/OrgnlTxRef/SttlmInf/ThrdRmbrsmntAgtAcct/Id/Othr/Issr
1078,/PmtRtr/TxInf/OrgnlTxRef/SttlmInf/ThrdRmbrsmntAgtAcct/Tp
1079,/PmtRtr/TxInf/OrgnlTxRef/SttlmInf/ThrdRmbrsmntAgtAcct/Tp/Cd
1080,/PmtRtr/TxInf/OrgnlTxRef/SttlmInf/ThrdRmbrsmntAgtAcct/Tp/Prtry
1081,/PmtRtr/TxInf/OrgnlTxRef/SttlmInf/ThrdRmbrsmntAgtAcct/Ccy
1082,/PmtRtr/TxInf/OrgnlTxRef/SttlmInf/ThrdRmbrsmntAgtAcct/Nm
1083,/PmtRtr/TxInf/OrgnlTxRef/SttlmInf/ThrdRmbrsmntAgtAcct/Prxy
1084,/PmtRtr/TxInf/OrgnlTxRef/SttlmInf/ThrdRmbrsmntAgtAcct/Prxy/Tp
1085,/PmtRtr/TxInf/OrgnlTxRef/SttlmInf/ThrdRmbrsmntAgtAcct/Prxy/Tp/Cd
1086,/PmtRtr/TxInf/OrgnlTxRef/SttlmInf/ThrdRmbrsmntAgtAcct/Prxy/Tp/Prtry
1087,/PmtRtr/TxInf/OrgnlTxRef/SttlmInf/ThrdRmbrsmntAgtAcct/Prxy/Id
1088,/PmtRtr/TxInf/OrgnlTxRef/PmtTpInf
1089,/PmtRtr/TxInf/OrgnlTxRef/PmtTpInf/InstrPrty
1090,/PmtRtr/TxInf/OrgnlTxRef/PmtTpInf/InstrPrty
1091,/PmtRtr/TxInf/OrgnlTxRef/PmtTpInf/InstrPrty
1092,/PmtRtr/TxInf/OrgnlTxRef/PmtTpInf/ClrChanl
1093,/PmtRtr/TxInf/OrgnlTxRef/PmtTpInf/ClrChanl
1094,/PmtRtr/TxInf/OrgnlTxRef/PmtTpInf/ClrChanl
1095,/PmtRtr/TxInf/OrgnlTxRef/PmtTpInf/ClrChanl
1096,/PmtRtr/TxInf/OrgnlTxRef/PmtTpInf/ClrChanl
1097,/PmtRtr/TxInf/OrgnlTxRef/PmtTpInf/SvcLvl
1098,/PmtRtr/TxInf/OrgnlTxRef/PmtTpInf/SvcLvl/Cd
1099,/PmtRtr/TxInf/OrgnlTxRef/PmtTpInf/SvcLvl/Prtry
1100,/PmtRtr/TxInf/OrgnlTxRef/PmtTpInf/LclInstrm
1101,/PmtRtr/TxInf/OrgnlTxRef/PmtTpInf/LclInstrm/Cd
1102,/PmtRtr/TxInf/OrgnlTxRef/PmtTpInf/LclInstrm/Prtry
1103,/PmtRtr/TxInf/OrgnlTxRef/PmtTpInf/SeqTp
1104,/PmtRtr/TxInf/OrgnlTxRef/PmtTpInf/SeqTp
1105,/PmtRtr/TxInf/OrgnlTxRef/PmtTpInf/SeqTp
1106,/PmtRtr/TxInf/OrgnlTxRef/PmtTpInf/SeqTp
1107,/PmtRtr/TxInf/OrgnlTxRef/PmtTpInf/SeqTp
1108,/PmtRtr/TxInf/OrgnlTxRef/PmtTpInf/SeqTp
1109,/PmtRtr/TxInf/OrgnlTxRef/PmtTpInf/CtgyPurp
1110,/PmtRtr/TxInf/OrgnlTxRef/PmtTpInf/CtgyPurp/Cd
1111,/PmtRtr/TxInf/OrgnlTxRef/PmtTpInf/CtgyPurp/Prtry
1112,/PmtRtr/TxInf/OrgnlTxRef/PmtMtd
1113,/PmtRtr/TxInf/OrgnlTxRef/PmtMtd
1114,/PmtRtr/TxInf/OrgnlTxRef/PmtMtd
1115,/PmtRtr/TxInf/OrgnlTxRef/PmtMtd
1116,/PmtRtr/TxInf/OrgnlTxRef/PmtMtd
1117,/PmtRtr/TxInf/OrgnlTxRef/MndtRltdInf
1118,/PmtRtr/TxInf/OrgnlTxRef/MndtRltdInf/MndtId
1119,/PmtRtr/TxInf/OrgnlTxRef/MndtRltdInf/DtOfSgntr
1120,/PmtRtr/TxInf/OrgnlTxRef/MndtRltdInf/AmdmntInd
1121,/PmtRtr/TxInf/OrgnlTxRef/MndtRltdInf/AmdmntInfDtls
1122,/PmtRtr/TxInf/OrgnlTxRef/MndtRltdInf/AmdmntInfDtls/OrgnlMndtId
1123,/PmtRtr/TxInf/OrgnlTxRef/MndtRltdInf/AmdmntInfDtls/OrgnlCdtrSchmeId
1124,/PmtRtr/TxInf/OrgnlTxRef/MndtRltdInf/AmdmntInfDtls/OrgnlCdtrSchmeId/Nm
1125,/PmtRtr/TxInf/OrgnlTxRef/MndtRltdInf/AmdmntInfDtls/OrgnlCdtrSchmeId/PstlAdr
1126,/PmtRtr/TxInf/OrgnlTxRef/MndtRltdInf/AmdmntInfDtls/OrgnlCdtrSchmeId/PstlAdr/AdrTp
1127,/PmtRtr/TxInf/OrgnlTxRef/MndtRltdInf/AmdmntInfDtls/OrgnlCdtrSchmeId/PstlAdr/AdrTp/Cd
1128,/PmtRtr/TxInf/OrgnlTxRef/MndtRltdInf/AmdmntInfDtls/OrgnlCdtrSchmeId/PstlAdr/AdrTp/Cd
1129,/PmtRtr/TxInf/OrgnlTxRef/MndtRltdInf/AmdmntInfDtls/OrgnlCdtrSchmeId/PstlAdr/AdrTp/Cd
1130,/PmtRtr/TxInf/OrgnlTxRef/MndtRltdInf/AmdmntInfDtls/OrgnlCdtrSchmeId/PstlAdr/AdrTp/Cd
1131,/PmtRtr/TxInf/OrgnlTxRef/MndtRltdInf/AmdmntInfDtls/OrgnlCdtrSchmeId/PstlAdr/AdrTp/Cd
1132,/PmtRtr/TxInf/OrgnlTxRef/MndtRltdInf/AmdmntInfDtls/OrgnlCdtrSchmeId/PstlAdr/AdrTp/Cd
1133,/PmtRtr/TxInf/OrgnlTxRef/MndtRltdInf/AmdmntInfDtls/OrgnlCdtrSchmeId/PstlAdr/AdrTp/Cd
1134,/PmtRtr/TxInf/OrgnlTxRef/MndtRltdInf/AmdmntInfDtls/OrgnlCdtrSchmeId/PstlAdr/AdrTp/Prtry
1135,/PmtRtr/TxInf/OrgnlTxRef/MndtRltdInf/AmdmntInfDtls/OrgnlCdtrSchmeId/PstlAdr/AdrTp/Prtry/Id
1136,/PmtRtr/TxInf/OrgnlTxRef/MndtRltdInf/AmdmntInfDtls/OrgnlCdtrSchmeId/PstlAdr/AdrTp/Prtry/Issr
1137,/PmtRtr/TxInf/OrgnlTxRef/MndtRltdInf/AmdmntInfDtls/OrgnlCdtrSchmeId/PstlAdr/AdrTp/Prtry/SchmeNm
1138,/PmtRtr/TxInf/OrgnlTxRef/MndtRltdInf/AmdmntInfDtls/OrgnlCdtrSchmeId/PstlAdr/Dept
1139,/PmtRtr/TxInf/OrgnlTxRef/MndtRltdInf/AmdmntInfDtls/OrgnlCdtrSchmeId/PstlAdr/SubDept
1140,/PmtRtr/TxInf/OrgnlTxRef/MndtRltdInf/AmdmntInfDtls/OrgnlCdtrSchmeId/PstlAdr/StrtNm
1141,/PmtRtr/TxInf/OrgnlTxRef/MndtRltdInf/AmdmntInfDtls/OrgnlCdtrSchmeId/PstlAdr/BldgNb
1142,/PmtRtr/TxInf/OrgnlTxRef/MndtRltdInf/AmdmntInfDtls/OrgnlCdtrSchmeId/PstlAdr/BldgNm
1143,/PmtRtr/TxInf/OrgnlTxRef/MndtRltdInf/AmdmntInfDtls/OrgnlCdtrSchmeId/PstlAdr/Flr
1144,/PmtRtr/TxInf/OrgnlTxRef/MndtRltdInf/AmdmntInfDtls/OrgnlCdtrSchmeId/PstlAdr/PstBx
1145,/PmtRtr/TxInf/OrgnlTxRef/MndtRltdInf/AmdmntInfDtls/OrgnlCdtrSchmeId/PstlAdr/Room
1146,/PmtRtr/TxInf/OrgnlTxRef/MndtRltdInf/AmdmntInfDtls/OrgnlCdtrSchmeId/PstlAdr/PstCd
1147,/PmtRtr/TxInf/OrgnlTxRef/MndtRltdInf/AmdmntInfDtls/OrgnlCdtrSchmeId/PstlAdr/TwnNm
1148,/PmtRtr/TxInf/OrgnlTxRef/MndtRltdInf/AmdmntInfDtls/OrgnlCdtrSchmeId/PstlAdr/TwnLctnNm
1149,/PmtRtr/TxInf/OrgnlTxRef/MndtRltdInf/AmdmntInfDtls/OrgnlCdtrSchmeId/PstlAdr/DstrctNm
1150,/PmtRtr/TxInf/OrgnlTxRef/MndtRltdInf/AmdmntInfDtls/OrgnlCdtrSchmeId/PstlAdr/CtrySubDvsn
1151,/PmtRtr/TxInf/OrgnlTxRef/MndtRltdInf/AmdmntInfDtls/OrgnlCdtrSchmeId/PstlAdr/Ctry
1152,/PmtRtr/TxInf/OrgnlTxRef/MndtRltdInf/AmdmntInfDtls/OrgnlCdtrSchmeId/PstlAdr/AdrLine
1153,/PmtRtr/TxInf/OrgnlTxRef/MndtRltdInf/AmdmntInfDtls/OrgnlCdtrSchmeId/Id
1154,/PmtRtr/TxInf/OrgnlTxRef/MndtRltdInf/AmdmntInfDtls/OrgnlCdtrSchmeId/Id/OrgId
1155,/PmtRtr/TxInf/OrgnlTxRef/MndtRltdInf/AmdmntInfDtls/OrgnlCdtrSchmeId/Id/OrgId/AnyBIC
1156,/PmtRtr/TxInf/OrgnlTxRef/MndtRltdInf/AmdmntInfDtls/OrgnlCdtrSchmeId/Id/OrgId/LEI
1157,/PmtRtr/TxInf/OrgnlTxRef/MndtRltdInf/AmdmntInfDtls/OrgnlCdtrSchmeId/Id/OrgId/Othr
1158,/PmtRtr/TxInf/OrgnlTxRef/MndtRltdInf/AmdmntInfDtls/OrgnlCdtrSchmeId/Id/OrgId/Othr/Id
1159,/PmtRtr/TxInf/OrgnlTxRef/MndtRltdInf/AmdmntInfDtls/OrgnlCdtrSchmeId/Id/OrgId/Othr/SchmeNm
1160,/PmtRtr/TxInf/OrgnlTxRef/MndtRltdInf/AmdmntInfDtls/OrgnlCdtrSchmeId/Id/OrgId/Othr/SchmeNm/Cd
1161,/PmtRtr/TxInf/OrgnlTxRef/MndtRltdInf/AmdmntInfDtls/OrgnlCdtrSchmeId/Id/OrgId/Othr/SchmeNm/Prtry
1162,/PmtRtr/TxInf/OrgnlTxRef/MndtRltdInf/AmdmntInfDtls/OrgnlCdtrSchmeId/Id/OrgId/Othr/Issr
1163,/PmtRtr/TxInf/OrgnlTxRef/MndtRltdInf/AmdmntInfDtls/OrgnlCdtrSchmeId/Id/PrvtId
1164,/PmtRtr/TxInf/OrgnlTxRef/MndtRltdInf/AmdmntInfDtls/OrgnlCdtrSchmeId/Id/PrvtId/DtAndPlcOfBirth
1165,/PmtRtr/TxInf/OrgnlTxRef/MndtRltdInf/AmdmntInfDtls/OrgnlCdtrSchmeId/Id/PrvtId/DtAndPlcOfBirth/BirthDt
1166,/PmtRtr/TxInf/OrgnlTxRef/MndtRltdInf/AmdmntInfDtls/OrgnlCdtrSchmeId/Id/PrvtId/DtAndPlcOfBirth/PrvcOfBirth
1167,/PmtRtr/TxInf/OrgnlTxRef/MndtRltdInf/AmdmntInfDtls/OrgnlCdtrSchmeId/Id/PrvtId/DtAndPlcOfBirth/CityOfBirth
1168,/PmtRtr/TxInf/OrgnlTxRef/MndtRltdInf/AmdmntInfDtls/OrgnlCdtrSchmeId/Id/PrvtId/DtAndPlcOfBirth/CtryOfBirth
1169,/PmtRtr/TxInf/OrgnlTxRef/MndtRltdInf/AmdmntInfDtls/OrgnlCdtrSchmeId/Id/PrvtId/Othr
1170,/PmtRtr/TxInf/OrgnlTxRef/MndtRltdInf/AmdmntInfDtls/OrgnlCdtrSchmeId/Id/PrvtId/Othr/Id
1171,/PmtRtr/TxInf/OrgnlTxRef/MndtRltdInf/AmdmntInfDtls/OrgnlCdtrSchmeId/Id/PrvtId/Othr/SchmeNm
1172,/PmtRtr/TxInf/OrgnlTxRef/MndtRltdInf/AmdmntInfDtls/OrgnlCdtrSchmeId/Id/PrvtId/Othr/SchmeNm/Cd
1173,/PmtRtr/TxInf/OrgnlTxRef/MndtRltdInf/AmdmntInfDtls/OrgnlCdtrSchmeId/Id/PrvtId/Othr/SchmeNm/Prtry
1174,/PmtRtr/TxInf/OrgnlTxRef/MndtRltdInf/AmdmntInfDtls/OrgnlCdtrSchmeId/Id/PrvtId/Othr/Issr
1175,/PmtRtr/TxInf/OrgnlTxRef/MndtRltdInf/AmdmntInfDtls/OrgnlCdtrSchmeId/CtryOfRes
1176,/PmtRtr/TxInf/OrgnlTxRef/MndtRltdInf/AmdmntInfDtls/OrgnlCdtrSchmeId/CtctDtls
1177,/PmtRtr/TxInf/OrgnlTxRef/MndtRltdInf/AmdmntInfDtls/OrgnlCdtrSchmeId/CtctDtls/NmPrfx
1178,/PmtRtr/TxInf/OrgnlTxRef/MndtRltdInf/AmdmntInfDtls/OrgnlCdtrSchmeId/CtctDtls/NmPrfx
1179,/PmtRtr/TxInf/OrgnlTxRef/MndtRltdInf/AmdmntInfDtls/OrgnlCdtrSchmeId/CtctDtls/NmPrfx
1180,/PmtRtr/TxInf/OrgnlTxRef/MndtRltdInf/AmdmntInfDtls/OrgnlCdtrSchmeId/CtctDtls/NmPrfx
1181,/PmtRtr/TxInf/OrgnlTxRef/MndtRltdInf/AmdmntInfDtls/OrgnlCdtrSchmeId/CtctDtls/NmPrfx
1182,/PmtRtr/TxInf/OrgnlTxRef/MndtRltdInf/AmdmntInfDtls/OrgnlCdtrSchmeId/CtctDtls/NmPrfx
1183,/PmtRtr/TxInf/OrgnlTxRef/MndtRltdInf/AmdmntInfDtls/OrgnlCdtrSchmeId/CtctDtls/Nm
1184,/PmtRtr/TxInf/OrgnlTxRef/MndtRltdInf/AmdmntInfDtls/OrgnlCdtrSchmeId/CtctDtls/PhneNb
1185,/PmtRtr/TxInf/OrgnlTxRef/MndtRltdInf/AmdmntInfDtls/OrgnlCdtrSchmeId/CtctDtls/MobNb
1186,/PmtRtr/TxInf/OrgnlTxRef/MndtRltdInf/AmdmntInfDtls/OrgnlCdtrSchmeId/CtctDtls/FaxNb
1187,/PmtRtr/TxInf/OrgnlTxRef/MndtRltdInf/AmdmntInfDtls/OrgnlCdtrSchmeId/CtctDtls/EmailAdr
1188,/PmtRtr/TxInf/OrgnlTxRef/MndtRltdInf/AmdmntInfDtls/OrgnlCdtrSchmeId/CtctDtls/EmailPurp
1189,/PmtRtr/TxInf/OrgnlTxRef/MndtRltdInf/AmdmntInfDtls/OrgnlCdtrSchmeId/CtctDtls/JobTitl
1190,/PmtRtr/TxInf/OrgnlTxRef/MndtRltdInf/AmdmntInfDtls/OrgnlCdtrSchmeId/CtctDtls/Rspnsblty
1191,/PmtRtr/TxInf/OrgnlTxRef/MndtRltdInf/AmdmntInfDtls/OrgnlCdtrSchmeId/CtctDtls/Dept
1192,/PmtRtr/TxInf/OrgnlTxRef/MndtRltdInf/AmdmntInfDtls/OrgnlCdtrSchmeId/CtctDtls/Othr
1193,/PmtRtr/TxInf/OrgnlTxRef/MndtRltdInf/AmdmntInfDtls/OrgnlCdtrSchmeId/CtctDtls/Othr/ChanlTp
1194,/PmtRtr/TxInf/OrgnlTxRef/MndtRltdInf/AmdmntInfDtls/OrgnlCdtrSchmeId/CtctDtls/Othr/Id
1195,/PmtRtr/TxInf/OrgnlTxRef/MndtRltdInf/AmdmntInfDtls/OrgnlCdtrSchmeId/CtctDtls/PrefrdMtd
1196,/PmtRtr/TxInf/OrgnlTxRef/MndtRltdInf/AmdmntInfDtls/OrgnlCdtrSchmeId/CtctDtls/PrefrdMtd
1197,/PmtRtr/TxInf/OrgnlTxRef/MndtRltdInf/AmdmntInfDtls/OrgnlCdtrSchmeId/CtctDtls/PrefrdMtd
1198,/PmtRtr/TxInf/OrgnlTxRef/MndtRltdInf/AmdmntInfDtls/OrgnlCdtrSchmeId/CtctDtls/PrefrdMtd
1199,/PmtRtr/TxInf/OrgnlTxRef/MndtRltdInf/AmdmntInfDtls/OrgnlCdtrSchmeId/CtctDtls/PrefrdMtd
1200,/PmtRtr/TxInf/OrgnlTxRef/MndtRltdInf/AmdmntInfDtls/OrgnlCdtrSchmeId/CtctDtls/PrefrdMtd
1201,/PmtRtr/TxInf/OrgnlTxRef/MndtRltdInf/AmdmntInfDtls/OrgnlCdtrAgt
1202,/PmtRtr/TxInf/OrgnlTxRef/MndtRltdInf/AmdmntInfDtls/OrgnlCdtrAgt/FinInstnId
1203,/PmtRtr/TxInf/OrgnlTxRef/MndtRltdInf/AmdmntInfDtls/OrgnlCdtrAgt/FinInstnId/BICFI
1204,/PmtRtr/TxInf/OrgnlTxRef/MndtRltdInf/AmdmntInfDtls/OrgnlCdtrAgt/FinInstnId/ClrSysMmbId
1205,/PmtRtr/TxInf/OrgnlTxRef/MndtRltdInf/AmdmntInfDtls/OrgnlCdtrAgt/FinInstnId/ClrSysMmbId/ClrSysId
1206,/PmtRtr/TxInf/OrgnlTxRef/MndtRltdInf/AmdmntInfDtls/OrgnlCdtrAgt/FinInstnId/ClrSysMmbId/ClrSysId/Cd
1207,/PmtRtr/TxInf/OrgnlTxRef/MndtRltdInf/AmdmntInfDtls/OrgnlCdtrAgt/FinInstnId/ClrSysMmbId/ClrSysId/Prtry
1208,/PmtRtr/TxInf/OrgnlTxRef/MndtRltdInf/AmdmntInfDtls/OrgnlCdtrAgt/FinInstnId/ClrSysMmbId/MmbId
1209,/PmtRtr/TxInf/OrgnlTxRef/MndtRltdInf/AmdmntInfDtls/OrgnlCdtrAgt/FinInstnId/LEI
1210,/PmtRtr/TxInf/OrgnlTxRef/MndtRltdInf/AmdmntInfDtls/OrgnlCdtrAgt/FinInstnId/Nm
1211,/PmtRtr/TxInf/OrgnlTxRef/MndtRltdInf/AmdmntInfDtls/OrgnlCdtrAgt/FinInstnId/PstlAdr
1212,/PmtRtr/TxInf/OrgnlTxRef/MndtRltdInf/AmdmntInfDtls/OrgnlCdtrAgt/FinInstnId/PstlAdr/AdrTp
1213,/PmtRtr/TxInf/OrgnlTxRef/MndtRltdInf/AmdmntInfDtls/OrgnlCdtrAgt/FinInstnId/PstlAdr/AdrTp/Cd
1214,/PmtRtr/TxInf/OrgnlTxRef/MndtRltdInf/AmdmntInfDtls/OrgnlCdtrAgt/FinInstnId/PstlAdr/AdrTp/Cd
1215,/PmtRtr/TxInf/OrgnlTxRef/MndtRltdInf/AmdmntInfDtls/OrgnlCdtrAgt/FinInstnId/PstlAdr/AdrTp/Cd
1216,/PmtRtr/TxInf/OrgnlTxRef/MndtRltdInf/AmdmntInfDtls/OrgnlCdtrAgt/FinInstnId/PstlAdr/AdrTp/Cd
1217,/PmtRtr/TxInf/OrgnlTxRef/MndtRltdInf/AmdmntInfDtls/OrgnlCdtrAgt/FinInstnId/PstlAdr/AdrTp/Cd
1218,/PmtRtr/TxInf/OrgnlTxRef/MndtRltdInf/AmdmntInfDtls/OrgnlCdtrAgt/FinInstnId/PstlAdr/AdrTp/Cd
1219,/PmtRtr/TxInf/OrgnlTxRef/MndtRltdInf/AmdmntInfDtls/OrgnlCdtrAgt/FinInstnId/PstlAdr/AdrTp/Cd
1220,/PmtRtr/TxInf/OrgnlTxRef/MndtRltdInf/AmdmntInfDtls/OrgnlCdtrAgt/FinInstnId/PstlAdr/AdrTp/Prtry
1221,/PmtRtr/TxInf/OrgnlTxRef/MndtRltdInf/AmdmntInfDtls/OrgnlCdtrAgt/FinInstnId/PstlAdr/AdrTp/Prtry/Id
1222,/PmtRtr/TxInf/OrgnlTxRef/MndtRltdInf/AmdmntInfDtls/OrgnlCdtrAgt/FinInstnId/PstlAdr/AdrTp/Prtry/Issr
1223,/PmtRtr/TxInf/OrgnlTxRef/MndtRltdInf/AmdmntInfDtls/OrgnlCdtrAgt/FinInstnId/PstlAdr/AdrTp/Prtry/SchmeNm
1224,/PmtRtr/TxInf/OrgnlTxRef/MndtRltdInf/AmdmntInfDtls/OrgnlCdtrAgt/FinInstnId/PstlAdr/Dept
1225,/PmtRtr/TxInf/OrgnlTxRef/MndtRltdInf/AmdmntInfDtls/OrgnlCdtrAgt/FinInstnId/PstlAdr/SubDept
1226,/PmtRtr/TxInf/OrgnlTxRef/MndtRltdInf/AmdmntInfDtls/OrgnlCdtrAgt/FinInstnId/PstlAdr/StrtNm
1227,/PmtRtr/TxInf/OrgnlTxRef/MndtRltdInf/AmdmntInfDtls/OrgnlCdtrAgt/FinInstnId/PstlAdr/BldgNb
1228,/PmtRtr/TxInf/OrgnlTxRef/MndtRltdInf/AmdmntInfDtls/OrgnlCdtrAgt/FinInstnId/PstlAdr/BldgNm
1229,/PmtRtr/TxInf/OrgnlTxRef/MndtRltdInf/AmdmntInfDtls/OrgnlCdtrAgt/FinInstnId/PstlAdr/Flr
1230,/PmtRtr/TxInf/OrgnlTxRef/MndtRltdInf/AmdmntInfDtls/OrgnlCdtrAgt/FinInstnId/PstlAdr/PstBx
1231,/PmtRtr/TxInf/OrgnlTxRef/MndtRltdInf/AmdmntInfDtls/OrgnlCdtrAgt/FinInstnId/PstlAdr/Room
1232,/PmtRtr/TxInf/OrgnlTxRef/MndtRltdInf/AmdmntInfDtls/OrgnlCdtrAgt/FinInstnId/PstlAdr/PstCd
1233,/PmtRtr/TxInf/OrgnlTxRef/MndtRltdInf/AmdmntInfDtls/OrgnlCdtrAgt/FinInstnId/PstlAdr/TwnNm
1234,/PmtRtr/TxInf/OrgnlTxRef/MndtRltdInf/AmdmntInfDtls/OrgnlCdtrAgt/FinInstnId/PstlAdr/TwnLctnNm
1235,/PmtRtr/TxInf/OrgnlTxRef/MndtRltdInf/AmdmntInfDtls/OrgnlCdtrAgt/FinInstnId/PstlAdr/DstrctNm
1236,/PmtRtr/TxInf/OrgnlTxRef/MndtRltdInf/AmdmntInfDtls/OrgnlCdtrAgt/FinInstnId/PstlAdr/CtrySubDvsn
1237,/PmtRtr/TxInf/OrgnlTxRef/MndtRltdInf/AmdmntInfDtls/OrgnlCdtrAgt/FinInstnId/PstlAdr/Ctry
1238,/PmtRtr/TxInf/OrgnlTxRef/MndtRltdInf/AmdmntInfDtls/OrgnlCdtrAgt/FinInstnId/PstlAdr/AdrLine
1239,/PmtRtr/TxInf/OrgnlTxRef/MndtRltdInf/AmdmntInfDtls/OrgnlCdtrAgt/FinInstnId/Othr
1240,/PmtRtr/TxInf/OrgnlTxRef/MndtRltdInf/AmdmntInfDtls/OrgnlCdtrAgt/FinInstnId/Othr/Id
1241,/PmtRtr/TxInf/OrgnlTxRef/MndtRltdInf/AmdmntInfDtls/OrgnlCdtrAgt/FinInstnId/Othr/SchmeNm
1242,/PmtRtr/TxInf/OrgnlTxRef/MndtRltdInf/AmdmntInfDtls/OrgnlCdtrAgt/FinInstnId/Othr/SchmeNm/Cd
1243,/PmtRtr/TxInf/OrgnlTxRef/MndtRltdInf/AmdmntInfDtls/OrgnlCdtrAgt/FinInstnId/Othr/SchmeNm/Prtry
1244,/PmtRtr/TxInf/OrgnlTxRef/MndtRltdInf/AmdmntInfDtls/OrgnlCdtrAgt/FinInstnId/Othr/Issr
1245,/PmtRtr/TxInf/OrgnlTxRef/MndtRltdInf/AmdmntInfDtls/OrgnlCdtrAgt/BrnchId
1246,/PmtRtr/TxInf/OrgnlTxRef/MndtRltdInf/AmdmntInfDtls/OrgnlCdtrAgt/BrnchId/Id
1247,/PmtRtr/TxInf/OrgnlTxRef/MndtRltdInf/AmdmntInfDtls/OrgnlCdtrAgt/BrnchId/LEI
1248,/PmtRtr/TxInf/OrgnlTxRef/MndtRltdInf/AmdmntInfDtls/OrgnlCdtrAgt/BrnchId/Nm
1249,/PmtRtr/TxInf/OrgnlTxRef/MndtRltdInf/AmdmntInfDtls/OrgnlCdtrAgt/BrnchId/PstlAdr
1250,/PmtRtr/TxInf/OrgnlTxRef/MndtRltdInf/AmdmntInfDtls/OrgnlCdtrAgt/BrnchId/PstlAdr/AdrTp
1251,/PmtRtr/TxInf/OrgnlTxRef/MndtRltdInf/AmdmntInfDtls/OrgnlCdtrAgt/BrnchId/PstlAdr/AdrTp/Cd
1252,/PmtRtr/TxInf/OrgnlTxRef/MndtRltdInf/AmdmntInfDtls/OrgnlCdtrAgt/BrnchId/PstlAdr/AdrTp/Cd
1253,/PmtRtr/TxInf/OrgnlTxRef/MndtRltdInf/AmdmntInfDtls/OrgnlCdtrAgt/BrnchId/PstlAdr/AdrTp/Cd
1254,/PmtRtr/TxInf/OrgnlTxRef/MndtRltdInf/AmdmntInfDtls/OrgnlCdtrAgt/BrnchId/PstlAdr/AdrTp/Cd
1255,/PmtRtr/TxInf/OrgnlTxRef/MndtRltdInf/AmdmntInfDtls/OrgnlCdtrAgt/BrnchId/PstlAdr/AdrTp/Cd
1256,/PmtRtr/TxInf/OrgnlTxRef/MndtRltdInf/AmdmntInfDtls/OrgnlCdtrAgt/BrnchId/PstlAdr/AdrTp/Cd
1257,/PmtRtr/TxInf/OrgnlTxRef/MndtRltdInf/AmdmntInfDtls/OrgnlCdtrAgt/BrnchId/PstlAdr/AdrTp/Cd
1258,/PmtRtr/TxInf/OrgnlTxRef/MndtRltdInf/AmdmntInfDtls/OrgnlCdtrAgt/BrnchId/PstlAdr/AdrTp/Prtry
1259,/PmtRtr/TxInf/OrgnlTxRef/MndtRltdInf/AmdmntInfDtls/OrgnlCdtrAgt/BrnchId/PstlAdr/AdrTp/Prtry/Id
1260,/PmtRtr/TxInf/OrgnlTxRef/MndtRltdInf/AmdmntInfDtls/OrgnlCdtrAgt/BrnchId/PstlAdr/AdrTp/Prtry/Issr
1261,/PmtRtr/TxInf/OrgnlTxRef/MndtRltdInf/AmdmntInfDtls/OrgnlCdtrAgt/BrnchId/PstlAdr/AdrTp/Prtry/SchmeNm
1262,/PmtRtr/TxInf/OrgnlTxRef/MndtRltdInf/AmdmntInfDtls/OrgnlCdtrAgt/BrnchId/PstlAdr/Dept
1263,/PmtRtr/TxInf/OrgnlTxRef/MndtRltdInf/AmdmntInfDtls/OrgnlCdtrAgt/BrnchId/PstlAdr/SubDept
1264,/PmtRtr/TxInf/OrgnlTxRef/MndtRltdInf/AmdmntInfDtls/OrgnlCdtrAgt/BrnchId/PstlAdr/StrtNm
1265,/PmtRtr/TxInf/OrgnlTxRef/MndtRltdInf/AmdmntInfDtls/OrgnlCdtrAgt/BrnchId/PstlAdr/BldgNb
1266,/PmtRtr/TxInf/OrgnlTxRef/MndtRltdInf/AmdmntInfDtls/OrgnlCdtrAgt/BrnchId/PstlAdr/BldgNm
1267,/PmtRtr/TxInf/OrgnlTxRef/MndtRltdInf/AmdmntInfDtls/OrgnlCdtrAgt/BrnchId/PstlAdr/Flr
1268,/PmtRtr/TxInf/OrgnlTxRef/MndtRltdInf/AmdmntInfDtls/OrgnlCdtrAgt/BrnchId/PstlAdr/PstBx
1269,/PmtRtr/TxInf/OrgnlTxRef/MndtRltdInf/AmdmntInfDtls/OrgnlCdtrAgt/BrnchId/PstlAdr/Room
1270,/PmtRtr/TxInf/OrgnlTxRef/MndtRltdInf/AmdmntInfDtls/OrgnlCdtrAgt/BrnchId/PstlAdr/PstCd
1271,/PmtRtr/TxInf/OrgnlTxRef/MndtRltdInf/AmdmntInfDtls/OrgnlCdtrAgt/BrnchId/PstlAdr/TwnNm
1272,/PmtRtr/TxInf/OrgnlTxRef/MndtRltdInf/AmdmntInfDtls/OrgnlCdtrAgt/BrnchId/PstlAdr/TwnLctnNm
1273,/PmtRtr/TxInf/OrgnlTxRef/MndtRltdInf/AmdmntInfDtls/OrgnlCdtrAgt/BrnchId/PstlAdr/DstrctNm
1274,/PmtRtr/TxInf/OrgnlTxRef/MndtRltdInf/AmdmntInfDtls/OrgnlCdtrAgt/BrnchId/PstlAdr/CtrySubDvsn
1275,/PmtRtr/TxInf/OrgnlTxRef/MndtRltdInf/AmdmntInfDtls/OrgnlCdtrAgt/BrnchId/PstlAdr/Ctry
1276,/PmtRtr/TxInf/OrgnlTxRef/MndtRltdInf/AmdmntInfDtls/OrgnlCdtrAgt/BrnchId/PstlAdr/AdrLine
1277,/PmtRtr/TxInf/OrgnlTxRef/MndtRltdInf/AmdmntInfDtls/OrgnlCdtrAgtAcct
1278,/PmtRtr/TxInf/OrgnlTxRef/MndtRltdInf/AmdmntInfDtls/OrgnlCdtrAgtAcct/Id
1279,/PmtRtr/TxInf/OrgnlTxRef/MndtRltdInf/AmdmntInfDtls/OrgnlCdtrAgtAcct/Id/IBAN
1280,/PmtRtr/TxInf/OrgnlTxRef/MndtRltdInf/AmdmntInfDtls/OrgnlCdtrAgtAcct/Id/Othr
1281,/PmtRtr/TxInf/OrgnlTxRef/MndtRltdInf/AmdmntInfDtls/OrgnlCdtrAgtAcct/Id/Othr/Id
1282,/PmtRtr/TxInf/OrgnlTxRef/MndtRltdInf/AmdmntInfDtls/OrgnlCdtrAgtAcct/Id/Othr/SchmeNm
1283,/PmtRtr/TxInf/OrgnlTxRef/MndtRltdInf/AmdmntInfDtls/OrgnlCdtrAgtAcct/Id/Othr/SchmeNm/Cd
1284,/PmtRtr/TxInf/OrgnlTxRef/MndtRltdInf/AmdmntInfDtls/OrgnlCdtrAgtAcct/Id/Othr/SchmeNm/Prtry
1285,/PmtRtr/TxInf/OrgnlTxRef/MndtRltdInf/AmdmntInfDtls/OrgnlCdtrAgtAcct/Id/Othr/Issr
1286,/PmtRtr/TxInf/OrgnlTxRef/MndtRltdInf/AmdmntInfDtls/OrgnlCdtrAgtAcct/Tp
1287,/PmtRtr/TxInf/OrgnlTxRef/MndtRltdInf/AmdmntInfDtls/OrgnlCdtrAgtAcct/Tp/Cd
1288,/PmtRtr/TxInf/OrgnlTxRef/MndtRltdInf/AmdmntInfDtls/OrgnlCdtrAgtAcct/Tp/Prtry
1289,/PmtRtr/TxInf/OrgnlTxRef/MndtRltdInf/AmdmntInfDtls/OrgnlCdtrAgtAcct/Ccy
1290,/PmtRtr/TxInf/OrgnlTxRef/MndtRltdInf/AmdmntInfDtls/OrgnlCdtrAgtAcct/Nm
1291,/PmtRtr/TxInf/OrgnlTxRef/MndtRltdInf/AmdmntInfDtls/OrgnlCdtrAgtAcct/Prxy
1292,/PmtRtr/TxInf/OrgnlTxRef/MndtRltdInf/AmdmntInfDtls/OrgnlCdtrAgtAcct/Prxy/Tp
1293,/PmtRtr/TxInf/OrgnlTxRef/MndtRltdInf/AmdmntInfDtls/OrgnlCdtrAgtAcct/Prxy/Tp/Cd
1294,/PmtRtr/TxInf/OrgnlTxRef/MndtRltdInf/AmdmntInfDtls/OrgnlCdtrAgtAcct/Prxy/Tp/Prtry
1295,/PmtRtr/TxInf/OrgnlTxRef/MndtRltdInf/AmdmntInfDtls/OrgnlCdtrAgtAcct/Prxy/Id
1296,/PmtRtr/TxInf/OrgnlTxRef/MndtRltdInf/AmdmntInfDtls/OrgnlDbtr
1297,/PmtRtr/TxInf/OrgnlTxRef/MndtRltdInf/AmdmntInfDtls/OrgnlDbtr/Nm
1298,/PmtRtr/TxInf/OrgnlTxRef/MndtRltdInf/AmdmntInfDtls/OrgnlDbtr/PstlAdr
1299,/PmtRtr/TxInf/OrgnlTxRef/MndtRltdInf/AmdmntInfDtls/OrgnlDbtr/PstlAdr/AdrTp
1300,/PmtRtr/TxInf/OrgnlTxRef/MndtRltdInf/AmdmntInfDtls/OrgnlDbtr/PstlAdr/AdrTp/Cd
1301,/PmtRtr/TxInf/OrgnlTxRef/MndtRltdInf/AmdmntInfDtls/OrgnlDbtr/PstlAdr/AdrTp/Cd
1302,/PmtRtr/TxInf/OrgnlTxRef/MndtRltdInf/AmdmntInfDtls/OrgnlDbtr/PstlAdr/AdrTp/Cd
1303,/PmtRtr/TxInf/OrgnlTxRef/MndtRltdInf/AmdmntInfDtls/OrgnlDbtr/PstlAdr/AdrTp/Cd
1304,/PmtRtr/TxInf/OrgnlTxRef/MndtRltdInf/AmdmntInfDtls/OrgnlDbtr/PstlAdr/AdrTp/Cd
1305,/PmtRtr/TxInf/OrgnlTxRef/MndtRltdInf/AmdmntInfDtls/OrgnlDbtr/PstlAdr/AdrTp/Cd
1306,/PmtRtr/TxInf/OrgnlTxRef/MndtRltdInf/AmdmntInfDtls/OrgnlDbtr/PstlAdr/AdrTp/Cd
1307,/PmtRtr/TxInf/OrgnlTxRef/MndtRltdInf/AmdmntInfDtls/OrgnlDbtr/PstlAdr/AdrTp/Prtry
1308,/PmtRtr/TxInf/OrgnlTxRef/MndtRltdInf/AmdmntInfDtls/OrgnlDbtr/PstlAdr/AdrTp/Prtry/Id
1309,/PmtRtr/TxInf/OrgnlTxRef/MndtRltdInf/AmdmntInfDtls/OrgnlDbtr/PstlAdr/AdrTp/Prtry/Issr
1310,/PmtRtr/TxInf/OrgnlTxRef/MndtRltdInf/AmdmntInfDtls/OrgnlDbtr/PstlAdr/AdrTp/Prtry/SchmeNm
1311,/PmtRtr/TxInf/OrgnlTxRef/MndtRltdInf/AmdmntInfDtls/OrgnlDbtr/PstlAdr/Dept
1312,/PmtRtr/TxInf/OrgnlTxRef/MndtRltdInf/AmdmntInfDtls/OrgnlDbtr/PstlAdr/SubDept
1313,/PmtRtr/TxInf/OrgnlTxRef/MndtRltdInf/AmdmntInfDtls/OrgnlDbtr/PstlAdr/StrtNm
1314,/PmtRtr/TxInf/OrgnlTxRef/MndtRltdInf/AmdmntInfDtls/OrgnlDbtr/PstlAdr/BldgNb
1315,/PmtRtr/TxInf/OrgnlTxRef/MndtRltdInf/AmdmntInfDtls/OrgnlDbtr/PstlAdr/BldgNm
1316,/PmtRtr/TxInf/OrgnlTxRef/MndtRltdInf/AmdmntInfDtls/OrgnlDbtr/PstlAdr/Flr
1317,/PmtRtr/TxInf/OrgnlTxRef/MndtRltdInf/AmdmntInfDtls/OrgnlDbtr/PstlAdr/PstBx
1318,/PmtRtr/TxInf/OrgnlTxRef/MndtRltdInf/AmdmntInfDtls/OrgnlDbtr/PstlAdr/Room
1319,/PmtRtr/TxInf/OrgnlTxRef/MndtRltdInf/AmdmntInfDtls/OrgnlDbtr/PstlAdr/PstCd
1320,/PmtRtr/TxInf/OrgnlTxRef/MndtRltdInf/AmdmntInfDtls/OrgnlDbtr/PstlAdr/TwnNm
1321,/PmtRtr/TxInf/OrgnlTxRef/MndtRltdInf/AmdmntInfDtls/OrgnlDbtr/PstlAdr/TwnLctnNm
1322,/PmtRtr/TxInf/OrgnlTxRef/MndtRltdInf/AmdmntInfDtls/OrgnlDbtr/PstlAdr/DstrctNm
1323,/PmtRtr/TxInf/OrgnlTxRef/MndtRltdInf/AmdmntInfDtls/OrgnlDbtr/PstlAdr/CtrySubDvsn
1324,/PmtRtr/TxInf/OrgnlTxRef/MndtRltdInf/AmdmntInfDtls/OrgnlDbtr/PstlAdr/Ctry
1325,/PmtRtr/TxInf/OrgnlTxRef/MndtRltdInf/AmdmntInfDtls/OrgnlDbtr/PstlAdr/AdrLine
1326,/PmtRtr/TxInf/OrgnlTxRef/MndtRltdInf/AmdmntInfDtls/OrgnlDbtr/Id
1327,/PmtRtr/TxInf/OrgnlTxRef/MndtRltdInf/AmdmntInfDtls/OrgnlDbtr/Id/OrgId
1328,/PmtRtr/TxInf/OrgnlTxRef/MndtRltdInf/AmdmntInfDtls/OrgnlDbtr/Id/OrgId/AnyBIC
1329,/PmtRtr/TxInf/OrgnlTxRef/MndtRltdInf/AmdmntInfDtls/OrgnlDbtr/Id/OrgId/LEI
1330,/PmtRtr/TxInf/OrgnlTxRef/MndtRltdInf/AmdmntInfDtls/OrgnlDbtr/Id/OrgId/Othr
1331,/PmtRtr/TxInf/OrgnlTxRef/MndtRltdInf/AmdmntInfDtls/OrgnlDbtr/Id/OrgId/Othr/Id
1332,/PmtRtr/TxInf/OrgnlTxRef/MndtRltdInf/AmdmntInfDtls/OrgnlDbtr/Id/OrgId/Othr/SchmeNm
1333,/PmtRtr/TxInf/OrgnlTxRef/MndtRltdInf/AmdmntInfDtls/OrgnlDbtr/Id/OrgId/Othr/SchmeNm/Cd
1334,/PmtRtr/TxInf/OrgnlTxRef/MndtRltdInf/AmdmntInfDtls/OrgnlDbtr/Id/OrgId/Othr/SchmeNm/Prtry
1335,/PmtRtr/TxInf/OrgnlTxRef/MndtRltdInf/AmdmntInfDtls/OrgnlDbtr/Id/OrgId/Othr/Issr
1336,/PmtRtr/TxInf/OrgnlTxRef/MndtRltdInf/AmdmntInfDtls/OrgnlDbtr/Id/PrvtId
1337,/PmtRtr/TxInf/OrgnlTxRef/MndtRltdInf/AmdmntInfDtls/OrgnlDbtr/Id/PrvtId/DtAndPlcOfBirth
1338,/PmtRtr/TxInf/OrgnlTxRef/MndtRltdInf/AmdmntInfDtls/OrgnlDbtr/Id/PrvtId/DtAndPlcOfBirth/BirthDt
1339,/PmtRtr/TxInf/OrgnlTxRef/MndtRltdInf/AmdmntInfDtls/OrgnlDbtr/Id/PrvtId/DtAndPlcOfBirth/PrvcOfBirth
1340,/PmtRtr/TxInf/OrgnlTxRef/MndtRltdInf/AmdmntInfDtls/OrgnlDbtr/Id/PrvtId/DtAndPlcOfBirth/CityOfBirth
1341,/PmtRtr/TxInf/OrgnlTxRef/MndtRltdInf/AmdmntInfDtls/OrgnlDbtr/Id/PrvtId/DtAndPlcOfBirth/CtryOfBirth
1342,/PmtRtr/TxInf/OrgnlTxRef/MndtRltdInf/AmdmntInfDtls/OrgnlDbtr/Id/PrvtId/Othr
1343,/PmtRtr/TxInf/OrgnlTxRef/MndtRltdInf/AmdmntInfDtls/OrgnlDbtr/Id/PrvtId/Othr/Id
1344,/PmtRtr/TxInf/OrgnlTxRef/MndtRltdInf/AmdmntInfDtls/OrgnlDbtr/Id/PrvtId/Othr/SchmeNm
1345,/PmtRtr/TxInf/OrgnlTxRef/MndtRltdInf/AmdmntInfDtls/OrgnlDbtr/Id/PrvtId/Othr/SchmeNm/Cd
1346,/PmtRtr/TxInf/OrgnlTxRef/MndtRltdInf/AmdmntInfDtls/OrgnlDbtr/Id/PrvtId/Othr/SchmeNm/Prtry
1347,/PmtRtr/TxInf/OrgnlTxRef/MndtRltdInf/AmdmntInfDtls/OrgnlDbtr/Id/PrvtId/Othr/Issr
1348,/PmtRtr/TxInf/OrgnlTxRef/MndtRltdInf/AmdmntInfDtls/OrgnlDbtr/CtryOfRes
1349,/PmtRtr/TxInf/OrgnlTxRef/MndtRltdInf/AmdmntInfDtls/OrgnlDbtr/CtctDtls
1350,/PmtRtr/TxInf/OrgnlTxRef/MndtRltdInf/AmdmntInfDtls/OrgnlDbtr/CtctDtls/NmPrfx
1351,/PmtRtr/TxInf/OrgnlTxRef/MndtRltdInf/AmdmntInfDtls/OrgnlDbtr/CtctDtls/NmPrfx
1352,/PmtRtr/TxInf/OrgnlTxRef/MndtRltdInf/AmdmntInfDtls/OrgnlDbtr/CtctDtls/NmPrfx
1353,/PmtRtr/TxInf/OrgnlTxRef/MndtRltdInf/AmdmntInfDtls/OrgnlDbtr/CtctDtls/NmPrfx
1354,/PmtRtr/TxInf/OrgnlTxRef/MndtRltdInf/AmdmntInfDtls/OrgnlDbtr/CtctDtls/NmPrfx
1355,/PmtRtr/TxInf/OrgnlTxRef/MndtRltdInf/AmdmntInfDtls/OrgnlDbtr/CtctDtls/NmPrfx
1356,/PmtRtr/TxInf/OrgnlTxRef/MndtRltdInf/AmdmntInfDtls/OrgnlDbtr/CtctDtls/Nm
1357,/PmtRtr/TxInf/OrgnlTxRef/MndtRltdInf/AmdmntInfDtls/OrgnlDbtr/CtctDtls/PhneNb
1358,/PmtRtr/TxInf/OrgnlTxRef/MndtRltdInf/AmdmntInfDtls/OrgnlDbtr/CtctDtls/MobNb
1359,/PmtRtr/TxInf/OrgnlTxRef/MndtRltdInf/AmdmntInfDtls/OrgnlDbtr/CtctDtls/FaxNb
1360,/PmtRtr/TxInf/OrgnlTxRef/MndtRltdInf/AmdmntInfDtls/OrgnlDbtr/CtctDtls/EmailAdr
1361,/PmtRtr/TxInf/OrgnlTxRef/MndtRltdInf/AmdmntInfDtls/OrgnlDbtr/CtctDtls/EmailPurp
1362,/PmtRtr/TxInf/OrgnlTxRef/MndtRltdInf/AmdmntInfDtls/OrgnlDbtr/CtctDtls/JobTitl
1363,/PmtRtr/TxInf/OrgnlTxRef/MndtRltdInf/AmdmntInfDtls/OrgnlDbtr/CtctDtls/Rspnsblty
1364,/PmtRtr/TxInf/OrgnlTxRef/MndtRltdInf/AmdmntInfDtls/OrgnlDbtr/CtctDtls/Dept
1365,/PmtRtr/TxInf/OrgnlTxRef/MndtRltdInf/AmdmntInfDtls/OrgnlDbtr/CtctDtls/Othr
1366,/PmtRtr/TxInf/OrgnlTxRef/MndtRltdInf/AmdmntInfDtls/OrgnlDbtr/CtctDtls/Othr/ChanlTp
1367,/PmtRtr/TxInf/OrgnlTxRef/MndtRltdInf/AmdmntInfDtls/OrgnlDbtr/CtctDtls/Othr/Id
1368,/PmtRtr/TxInf/OrgnlTxRef/MndtRltdInf/AmdmntInfDtls/OrgnlDbtr/CtctDtls/PrefrdMtd
1369,/PmtRtr/TxInf/OrgnlTxRef/MndtRltdInf/AmdmntInfDtls/OrgnlDbtr/CtctDtls/PrefrdMtd
1370,/PmtRtr/TxInf/OrgnlTxRef/MndtRltdInf/AmdmntInfDtls/OrgnlDbtr/CtctDtls/PrefrdMtd
1371,/PmtRtr/TxInf/OrgnlTxRef/MndtRltdInf/AmdmntInfDtls/OrgnlDbtr/CtctDtls/PrefrdMtd
1372,/PmtRtr/TxInf/OrgnlTxRef/MndtRltdInf/AmdmntInfDtls/OrgnlDbtr/CtctDtls/PrefrdMtd
1373,/PmtRtr/TxInf/OrgnlTxRef/MndtRltdInf/AmdmntInfDtls/OrgnlDbtr/CtctDtls/PrefrdMtd
1374,/PmtRtr/TxInf/OrgnlTxRef/MndtRltdInf/AmdmntInfDtls/OrgnlDbtrAcct
1375,/PmtRtr/TxInf/OrgnlTxRef/MndtRltdInf/AmdmntInfDtls/OrgnlDbtrAcct/Id
1376,/PmtRtr/TxInf/OrgnlTxRef/MndtRltdInf/AmdmntInfDtls/OrgnlDbtrAcct/Id/IBAN
1377,/PmtRtr/TxInf/OrgnlTxRef/MndtRltdInf/AmdmntInfDtls/OrgnlDbtrAcct/Id/Othr
1378,/PmtRtr/TxInf/OrgnlTxRef/MndtRltdInf/AmdmntInfDtls/OrgnlDbtrAcct/Id/Othr/Id
1379,/PmtRtr/TxInf/OrgnlTxRef/MndtRltdInf/AmdmntInfDtls/OrgnlDbtrAcct/Id/Othr/SchmeNm
1380,/PmtRtr/TxInf/OrgnlTxRef/MndtRltdInf/AmdmntInfDtls/OrgnlDbtrAcct/Id/Othr/SchmeNm/Cd
1381,/PmtRtr/TxInf/OrgnlTxRef/MndtRltdInf/AmdmntInfDtls/OrgnlDbtrAcct/Id/Othr/SchmeNm/Prtry
1382,/PmtRtr/TxInf/OrgnlTxRef/MndtRltdInf/AmdmntInfDtls/OrgnlDbtrAcct/Id/Othr/Issr
1383,/PmtRtr/TxInf/OrgnlTxRef/MndtRltdInf/AmdmntInfDtls/OrgnlDbtrAcct/Tp
1384,/PmtRtr/TxInf/OrgnlTxRef/MndtRltdInf/AmdmntInfDtls/OrgnlDbtrAcct/Tp/Cd
1385,/PmtRtr/TxInf/OrgnlTxRef/MndtRltdInf/AmdmntInfDtls/OrgnlDbtrAcct/Tp/Prtry
1386,/PmtRtr/TxInf/OrgnlTxRef/MndtRltdInf/AmdmntInfDtls/OrgnlDbtrAcct/Ccy
1387,/PmtRtr/TxInf/OrgnlTxRef/MndtRltdInf/AmdmntInfDtls/OrgnlDbtrAcct/Nm
1388,/PmtRtr/TxInf/OrgnlTxRef/MndtRltdInf/AmdmntInfDtls/OrgnlDbtrAcct/Prxy
1389,/PmtRtr/TxInf/OrgnlTxRef/MndtRltdInf/AmdmntInfDtls/OrgnlDbtrAcct/Prxy/Tp
1390,/PmtRtr/TxInf/OrgnlTxRef/MndtRltdInf/AmdmntInfDtls/OrgnlDbtrAcct/Prxy/Tp/Cd
1391,/PmtRtr/TxInf/OrgnlTxRef/MndtRltdInf/AmdmntInfDtls/OrgnlDbtrAcct/Prxy/Tp/Prtry
1392,/PmtRtr/TxInf/OrgnlTxRef/MndtRltdInf/AmdmntInfDtls/OrgnlDbtrAcct/Prxy/Id
1393,/PmtRtr/TxInf/OrgnlTxRef/MndtRltdInf/AmdmntInfDtls/OrgnlDbtrAgt
1394,/PmtRtr/TxInf/OrgnlTxRef/MndtRltdInf/AmdmntInfDtls/OrgnlDbtrAgt/FinInstnId
1395,/PmtRtr/TxInf/OrgnlTxRef/MndtRltdInf/AmdmntInfDtls/OrgnlDbtrAgt/FinInstnId/BICFI
1396,/PmtRtr/TxInf/OrgnlTxRef/MndtRltdInf/AmdmntInfDtls/OrgnlDbtrAgt/FinInstnId/ClrSysMmbId
1397,/PmtRtr/TxInf/OrgnlTxRef/MndtRltdInf/AmdmntInfDtls/OrgnlDbtrAgt/FinInstnId/ClrSysMmbId/ClrSysId
1398,/PmtRtr/TxInf/OrgnlTxRef/MndtRltdInf/AmdmntInfDtls/OrgnlDbtrAgt/FinInstnId/ClrSysMmbId/ClrSysId/Cd
1399,/PmtRtr/TxInf/OrgnlTxRef/MndtRltdInf/AmdmntInfDtls/OrgnlDbtrAgt/FinInstnId/ClrSysMmbId/ClrSysId/Prtry
1400,/PmtRtr/TxInf/OrgnlTxRef/MndtRltdInf/AmdmntInfDtls/OrgnlDbtrAgt/FinInstnId/ClrSysMmbId/MmbId
1401,/PmtRtr/TxInf/OrgnlTxRef/MndtRltdInf/AmdmntInfDtls/OrgnlDbtrAgt/FinInstnId/LEI
1402,/PmtRtr/TxInf/OrgnlTxRef/MndtRltdInf/AmdmntInfDtls/OrgnlDbtrAgt/FinInstnId/Nm
1403,/PmtRtr/TxInf/OrgnlTxRef/MndtRltdInf/AmdmntInfDtls/OrgnlDbtrAgt/FinInstnId/PstlAdr
1404,/PmtRtr/TxInf/OrgnlTxRef/MndtRltdInf/AmdmntInfDtls/OrgnlDbtrAgt/FinInstnId/PstlAdr/AdrTp
1405,/PmtRtr/TxInf/OrgnlTxRef/MndtRltdInf/AmdmntInfDtls/OrgnlDbtrAgt/FinInstnId/PstlAdr/AdrTp/Cd
1406,/PmtRtr/TxInf/OrgnlTxRef/MndtRltdInf/AmdmntInfDtls/OrgnlDbtrAgt/FinInstnId/PstlAdr/AdrTp/Cd
1407,/PmtRtr/TxInf/OrgnlTxRef/MndtRltdInf/AmdmntInfDtls/OrgnlDbtrAgt/FinInstnId/PstlAdr/AdrTp/Cd
1408,/PmtRtr/TxInf/OrgnlTxRef/MndtRltdInf/AmdmntInfDtls/OrgnlDbtrAgt/FinInstnId/PstlAdr/AdrTp/Cd
1409,/PmtRtr/TxInf/OrgnlTxRef/MndtRltdInf/AmdmntInfDtls/OrgnlDbtrAgt/FinInstnId/PstlAdr/AdrTp/Cd
1410,/PmtRtr/TxInf/OrgnlTxRef/MndtRltdInf/AmdmntInfDtls/OrgnlDbtrAgt/FinInstnId/PstlAdr/AdrTp/Cd
1411,/PmtRtr/TxInf/OrgnlTxRef/MndtRltdInf/AmdmntInfDtls/OrgnlDbtrAgt/FinInstnId/PstlAdr/AdrTp/Cd
1412,/PmtRtr/TxInf/OrgnlTxRef/MndtRltdInf/AmdmntInfDtls/OrgnlDbtrAgt/FinInstnId/PstlAdr/AdrTp/Prtry
1413,/PmtRtr/TxInf/OrgnlTxRef/MndtRltdInf/AmdmntInfDtls/OrgnlDbtrAgt/FinInstnId/PstlAdr/AdrTp/Prtry/Id
1414,/PmtRtr/TxInf/OrgnlTxRef/MndtRltdInf/AmdmntInfDtls/OrgnlDbtrAgt/FinInstnId/PstlAdr/AdrTp/Prtry/Issr
1415,/PmtRtr/TxInf/OrgnlTxRef/MndtRltdInf/AmdmntInfDtls/OrgnlDbtrAgt/FinInstnId/PstlAdr/AdrTp/Prtry/SchmeNm
1416,/PmtRtr/TxInf/OrgnlTxRef/MndtRltdInf/AmdmntInfDtls/OrgnlDbtrAgt/FinInstnId/PstlAdr/Dept
1417,/PmtRtr/TxInf/OrgnlTxRef/MndtRltdInf/AmdmntInfDtls/OrgnlDbtrAgt/FinInstnId/PstlAdr/SubDept
1418,/PmtRtr/TxInf/OrgnlTxRef/MndtRltdInf/AmdmntInfDtls/OrgnlDbtrAgt/FinInstnId/PstlAdr/StrtNm
1419,/PmtRtr/TxInf/OrgnlTxRef/MndtRltdInf/AmdmntInfDtls/OrgnlDbtrAgt/FinInstnId/PstlAdr/BldgNb
1420,/PmtRtr/TxInf/OrgnlTxRef/MndtRltdInf/AmdmntInfDtls/OrgnlDbtrAgt/FinInstnId/PstlAdr/BldgNm
1421,/PmtRtr/TxInf/OrgnlTxRef/MndtRltdInf/AmdmntInfDtls/OrgnlDbtrAgt/FinInstnId/PstlAdr/Flr
1422,/PmtRtr/TxInf/OrgnlTxRef/MndtRltdInf/AmdmntInfDtls/OrgnlDbtrAgt/FinInstnId/PstlAdr/PstBx
1423,/PmtRtr/TxInf/OrgnlTxRef/MndtRltdInf/AmdmntInfDtls/OrgnlDbtrAgt/FinInstnId/PstlAdr/Room
1424,/PmtRtr/TxInf/OrgnlTxRef/MndtRltdInf/AmdmntInfDtls/OrgnlDbtrAgt/FinInstnId/PstlAdr/PstCd
1425,/PmtRtr/TxInf/OrgnlTxRef/MndtRltdInf/AmdmntInfDtls/OrgnlDbtrAgt/FinInstnId/PstlAdr/TwnNm
1426,/PmtRtr/TxInf/OrgnlTxRef/MndtRltdInf/AmdmntInfDtls/OrgnlDbtrAgt/FinInstnId/PstlAdr/TwnLctnNm
1427,/PmtRtr/TxInf/OrgnlTxRef/MndtRltdInf/AmdmntInfDtls/OrgnlDbtrAgt/FinInstnId/PstlAdr/DstrctNm
1428,/PmtRtr/TxInf/OrgnlTxRef/MndtRltdInf/AmdmntInfDtls/OrgnlDbtrAgt/FinInstnId/PstlAdr/CtrySubDvsn
1429,/PmtRtr/TxInf/OrgnlTxRef/MndtRltdInf/AmdmntInfDtls/OrgnlDbtrAgt/FinInstnId/PstlAdr/Ctry
1430,/PmtRtr/TxInf/OrgnlTxRef/MndtRltdInf/AmdmntInfDtls/OrgnlDbtrAgt/FinInstnId/PstlAdr/AdrLine
1431,/PmtRtr/TxInf/OrgnlTxRef/MndtRltdInf/AmdmntInfDtls/OrgnlDbtrAgt/FinInstnId/Othr
1432,/PmtRtr/TxInf/OrgnlTxRef/MndtRltdInf/AmdmntInfDtls/OrgnlDbtrAgt/FinInstnId/Othr/Id
1433,/PmtRtr/TxInf/OrgnlTxRef/MndtRltdInf/AmdmntInfDtls/OrgnlDbtrAgt/FinInstnId/Othr/SchmeNm
1434,/PmtRtr/TxInf/OrgnlTxRef/MndtRltdInf/AmdmntInfDtls/OrgnlDbtrAgt/FinInstnId/Othr/SchmeNm/Cd
1435,/PmtRtr/TxInf/OrgnlTxRef/MndtRltdInf/AmdmntInfDtls/OrgnlDbtrAgt/FinInstnId/Othr/SchmeNm/Prtry
1436,/PmtRtr/TxInf/OrgnlTxRef/MndtRltdInf/AmdmntInfDtls/OrgnlDbtrAgt/FinInstnId/Othr/Issr
1437,/PmtRtr/TxInf/OrgnlTxRef/MndtRltdInf/AmdmntInfDtls/OrgnlDbtrAgt/BrnchId
1438,/PmtRtr/TxInf/OrgnlTxRef/MndtRltdInf/AmdmntInfDtls/OrgnlDbtrAgt/BrnchId/Id
1439,/PmtRtr/TxInf/OrgnlTxRef/MndtRltdInf/AmdmntInfDtls/OrgnlDbtrAgt/BrnchId/LEI
1440,/PmtRtr/TxInf/OrgnlTxRef/MndtRltdInf/AmdmntInfDtls/OrgnlDbtrAgt/BrnchId/Nm
1441,/PmtRtr/TxInf/OrgnlTxRef/MndtRltdInf/AmdmntInfDtls/OrgnlDbtrAgt/BrnchId/PstlAdr
1442,/PmtRtr/TxInf/OrgnlTxRef/MndtRltdInf/AmdmntInfDtls/OrgnlDbtrAgt/BrnchId/PstlAdr/AdrTp
1443,/PmtRtr/TxInf/OrgnlTxRef/MndtRltdInf/AmdmntInfDtls/OrgnlDbtrAgt/BrnchId/PstlAdr/AdrTp/Cd
1444,/PmtRtr/TxInf/OrgnlTxRef/MndtRltdInf/AmdmntInfDtls/OrgnlDbtrAgt/BrnchId/PstlAdr/AdrTp/Cd
1445,/PmtRtr/TxInf/OrgnlTxRef/MndtRltdInf/AmdmntInfDtls/OrgnlDbtrAgt/BrnchId/PstlAdr/AdrTp/Cd
1446,/PmtRtr/TxInf/OrgnlTxRef/MndtRltdInf/AmdmntInfDtls/OrgnlDbtrAgt/BrnchId/PstlAdr/AdrTp/Cd
1447,/PmtRtr/TxInf/OrgnlTxRef/MndtRltdInf/AmdmntInfDtls/OrgnlDbtrAgt/BrnchId/PstlAdr/AdrTp/Cd
1448,/PmtRtr/TxInf/OrgnlTxRef/MndtRltdInf/AmdmntInfDtls/OrgnlDbtrAgt/BrnchId/PstlAdr/AdrTp/Cd
1449,/PmtRtr/TxInf/OrgnlTxRef/MndtRltdInf/AmdmntInfDtls/OrgnlDbtrAgt/BrnchId/PstlAdr/AdrTp/Cd
1450,/PmtRtr/TxInf/OrgnlTxRef/MndtRltdInf/AmdmntInfDtls/OrgnlDbtrAgt/BrnchId/PstlAdr/AdrTp/Prtry
1451,/PmtRtr/TxInf/OrgnlTxRef/MndtRltdInf/AmdmntInfDtls/OrgnlDbtrAgt/BrnchId/PstlAdr/AdrTp/Prtry/Id
1452,/PmtRtr/TxInf/OrgnlTxRef/MndtRltdInf/AmdmntInfDtls/OrgnlDbtrAgt/BrnchId/PstlAdr/AdrTp/Prtry/Issr
1453,/PmtRtr/TxInf/OrgnlTxRef/MndtRltdInf/AmdmntInfDtls/OrgnlDbtrAgt/BrnchId/PstlAdr/AdrTp/Prtry/SchmeNm
1454,/PmtRtr/TxInf/OrgnlTxRef/MndtRltdInf/AmdmntInfDtls/OrgnlDbtrAgt/BrnchId/PstlAdr/Dept
1455,/PmtRtr/TxInf/OrgnlTxRef/MndtRltdInf/AmdmntInfDtls/OrgnlDbtrAgt/BrnchId/PstlAdr/SubDept
1456,/PmtRtr/TxInf/OrgnlTxRef/MndtRltdInf/AmdmntInfDtls/OrgnlDbtrAgt/BrnchId/PstlAdr/StrtNm
1457,/PmtRtr/TxInf/OrgnlTxRef/MndtRltdInf/AmdmntInfDtls/OrgnlDbtrAgt/BrnchId/PstlAdr/BldgNb
1458,/PmtRtr/TxInf/OrgnlTxRef/MndtRltdInf/AmdmntInfDtls/OrgnlDbtrAgt/BrnchId/PstlAdr/BldgNm
1459,/PmtRtr/TxInf/OrgnlTxRef/MndtRltdInf/AmdmntInfDtls/OrgnlDbtrAgt/BrnchId/PstlAdr/Flr
1460,/PmtRtr/TxInf/OrgnlTxRef/MndtRltdInf/AmdmntInfDtls/OrgnlDbtrAgt/BrnchId/PstlAdr/PstBx
1461,/PmtRtr/TxInf/OrgnlTxRef/MndtRltdInf/AmdmntInfDtls/OrgnlDbtrAgt/BrnchId/PstlAdr/Room
1462,/PmtRtr/TxInf/OrgnlTxRef/MndtRltdInf/AmdmntInfDtls/OrgnlDbtrAgt/BrnchId/PstlAdr/PstCd
1463,/PmtRtr/TxInf/OrgnlTxRef/MndtRltdInf/AmdmntInfDtls/OrgnlDbtrAgt/BrnchId/PstlAdr/TwnNm
1464,/PmtRtr/TxInf/OrgnlTxRef/MndtRltdInf/AmdmntInfDtls/OrgnlDbtrAgt/BrnchId/PstlAdr/TwnLctnNm
1465,/PmtRtr/TxInf/OrgnlTxRef/MndtRltdInf/AmdmntInfDtls/OrgnlDbtrAgt/BrnchId/PstlAdr/DstrctNm
1466,/PmtRtr/TxInf/OrgnlTxRef/MndtRltdInf/AmdmntInfDtls/OrgnlDbtrAgt/BrnchId/PstlAdr/CtrySubDvsn
1467,/PmtRtr/TxInf/OrgnlTxRef/MndtRltdInf/AmdmntInfDtls/OrgnlDbtrAgt/BrnchId/PstlAdr/Ctry
1468,/PmtRtr/TxInf/OrgnlTxRef/MndtRltdInf/AmdmntInfDtls/OrgnlDbtrAgt/BrnchId/PstlAdr/AdrLine
1469,/PmtRtr/TxInf/OrgnlTxRef/MndtRltdInf/AmdmntInfDtls/OrgnlDbtrAgtAcct
1470,/PmtRtr/TxInf/OrgnlTxRef/MndtRltdInf/AmdmntInfDtls/OrgnlDbtrAgtAcct/Id
1471,/PmtRtr/TxInf/OrgnlTxRef/MndtRltdInf/AmdmntInfDtls/OrgnlDbtrAgtAcct/Id/IBAN
1472,/PmtRtr/TxInf/OrgnlTxRef/MndtRltdInf/AmdmntInfDtls/OrgnlDbtrAgtAcct/Id/Othr
1473,/PmtRtr/TxInf/OrgnlTxRef/MndtRltdInf/AmdmntInfDtls/OrgnlDbtrAgtAcct/Id/Othr/Id
1474,/PmtRtr/TxInf/OrgnlTxRef/MndtRltdInf/AmdmntInfDtls/OrgnlDbtrAgtAcct/Id/Othr/SchmeNm
1475,/PmtRtr/TxInf/OrgnlTxRef/MndtRltdInf/AmdmntInfDtls/OrgnlDbtrAgtAcct/Id/Othr/SchmeNm/Cd
1476,/PmtRtr/TxInf/OrgnlTxRef/MndtRltdInf/AmdmntInfDtls/OrgnlDbtrAgtAcct/Id/Othr/SchmeNm/Prtry
1477,/PmtRtr/TxInf/OrgnlTxRef/MndtRltdInf/AmdmntInfDtls/OrgnlDbtrAgtAcct/Id/Othr/Issr
1478,/PmtRtr/TxInf/OrgnlTxRef/MndtRltdInf/AmdmntInfDtls/OrgnlDbtrAgtAcct/Tp
1479,/PmtRtr/TxInf/OrgnlTxRef/MndtRltdInf/AmdmntInfDtls/OrgnlDbtrAgtAcct/Tp/Cd
1480,/PmtRtr/TxInf/OrgnlTxRef/MndtRltdInf/AmdmntInfDtls/OrgnlDbtrAgtAcct/Tp/Prtry
1481,/PmtRtr/TxInf/OrgnlTxRef/MndtRltdInf/AmdmntInfDtls/OrgnlDbtrAgtAcct/Ccy
1482,/PmtRtr/TxInf/OrgnlTxRef/MndtRltdInf/AmdmntInfDtls/OrgnlDbtrAgtAcct/Nm
1483,/PmtRtr/TxInf/OrgnlTxRef/MndtRltdInf/AmdmntInfDtls/OrgnlDbtrAgtAcct/Prxy
1484,/PmtRtr/TxInf/OrgnlTxRef/MndtRltdInf/AmdmntInfDtls/OrgnlDbtrAgtAcct/Prxy/Tp
1485,/PmtRtr/TxInf/OrgnlTxRef/MndtRltdInf/AmdmntInfDtls/OrgnlDbtrAgtAcct/Prxy/Tp/Cd
1486,/PmtRtr/TxInf/OrgnlTxRef/MndtRltdInf/AmdmntInfDtls/OrgnlDbtrAgtAcct/Prxy/Tp/Prtry
1487,/PmtRtr/TxInf/OrgnlTxRef/MndtRltdInf/AmdmntInfDtls/OrgnlDbtrAgtAcct/Prxy/Id
1488,/PmtRtr/TxInf/OrgnlTxRef/MndtRltdInf/AmdmntInfDtls/OrgnlFnlColltnDt
1489,/PmtRtr/TxInf/OrgnlTxRef/MndtRltdInf/AmdmntInfDtls/OrgnlFrqcy
1490,/PmtRtr/TxInf/OrgnlTxRef/MndtRltdInf/AmdmntInfDtls/OrgnlFrqcy/Tp
1491,/PmtRtr/TxInf/OrgnlTxRef/MndtRltdInf/AmdmntInfDtls/OrgnlFrqcy/Tp
1492,/PmtRtr/TxInf/OrgnlTxRef/MndtRltdInf/AmdmntInfDtls/OrgnlFrqcy/Tp
1493,/PmtRtr/TxInf/OrgnlTxRef/MndtRltdInf/AmdmntInfDtls/OrgnlFrqcy/Tp
1494,/PmtRtr/TxInf/OrgnlTxRef/MndtRltdInf/AmdmntInfDtls/OrgnlFrqcy/Tp
1495,/PmtRtr/TxInf/OrgnlTxRef/MndtRltdInf/AmdmntInfDtls/OrgnlFrqcy/Tp
1496,/PmtRtr/TxInf/OrgnlTxRef/MndtRltdInf/AmdmntInfDtls/OrgnlFrqcy/Tp
1497,/PmtRtr/TxInf/OrgnlTxRef/MndtRltdInf/AmdmntInfDtls/OrgnlFrqcy/Tp
1498,/PmtRtr/TxInf/OrgnlTxRef/MndtRltdInf/AmdmntInfDtls/OrgnlFrqcy/Tp
1499,/PmtRtr/TxInf/OrgnlTxRef/MndtRltdInf/AmdmntInfDtls/OrgnlFrqcy/Tp
1500,/PmtRtr/TxInf/OrgnlTxRef/MndtRltdInf/AmdmntInfDtls/OrgnlFrqcy/Prd
1501,/PmtRtr/TxInf/OrgnlTxRef/MndtRltdInf/AmdmntInfDtls/OrgnlFrqcy/Prd/Tp
1502,/PmtRtr/TxInf/OrgnlTxRef/MndtRltdInf/AmdmntInfDtls/OrgnlFrqcy/Prd/Tp
1503,/PmtRtr/TxInf/OrgnlTxRef/MndtRltdInf/AmdmntInfDtls/OrgnlFrqcy/Prd/Tp
1504,/PmtRtr/TxInf/OrgnlTxRef/MndtRltdInf/AmdmntInfDtls/OrgnlFrqcy/Prd/Tp
1505,/PmtRtr/TxInf/OrgnlTxRef/MndtRltdInf/AmdmntInfDtls/OrgnlFrqcy/Prd/Tp
1506,/PmtRtr/TxInf/OrgnlTxRef/MndtRltdInf/AmdmntInfDtls/OrgnlFrqcy/Prd/Tp
1507,/PmtRtr/TxInf/OrgnlTxRef/MndtRltdInf/AmdmntInfDtls/OrgnlFrqcy/Prd/Tp
1508,/PmtRtr/TxInf/OrgnlTxRef/MndtRltdInf/AmdmntInfDtls/OrgnlFrqcy/Prd/Tp
1509,/PmtRtr/TxInf/OrgnlTxRef/MndtRltdInf/AmdmntInfDtls/OrgnlFrqcy/Prd/Tp
1510,/PmtRtr/TxInf/OrgnlTxRef/MndtRltdInf/AmdmntInfDtls/OrgnlFrqcy/Prd/Tp
1511,/PmtRtr/TxInf/OrgnlTxRef/MndtRltdInf/AmdmntInfDtls/OrgnlFrqcy/Prd/CntPerPrd
1512,/PmtRtr/TxInf/OrgnlTxRef/MndtRltdInf/AmdmntInfDtls/OrgnlFrqcy/PtInTm
1513,/PmtRtr/TxInf/OrgnlTxRef/MndtRltdInf/AmdmntInfDtls/OrgnlFrqcy/PtInTm/Tp
1514,/PmtRtr/TxInf/OrgnlTxRef/MndtRltdInf/AmdmntInfDtls/OrgnlFrqcy/PtInTm/Tp
1515,/PmtRtr/TxInf/OrgnlTxRef/MndtRltdInf/AmdmntInfDtls/OrgnlFrqcy/PtInTm/Tp
1516,/PmtRtr/TxInf/OrgnlTxRef/MndtRltdInf/AmdmntInfDtls/OrgnlFrqcy/PtInTm/Tp
1517,/PmtRtr/TxInf/OrgnlTxRef/MndtRltdInf/AmdmntInfDtls/OrgnlFrqcy/PtInTm/Tp
1518,/PmtRtr/TxInf/OrgnlTxRef/MndtRltdInf/AmdmntInfDtls/OrgnlFrqcy/PtInTm/Tp
1519,/PmtRtr/TxInf/OrgnlTxRef/MndtRltdInf/AmdmntInfDtls/OrgnlFrqcy/PtInTm/Tp
1520,/PmtRtr/TxInf/OrgnlTxRef/MndtRltdInf/AmdmntInfDtls/OrgnlFrqcy/PtInTm/Tp
1521,/PmtRtr/TxInf/OrgnlTxRef/MndtRltdInf/AmdmntInfDtls/OrgnlFrqcy/PtInTm/Tp
1522,/PmtRtr/TxInf/OrgnlTxRef/MndtRltdInf/AmdmntInfDtls/OrgnlFrqcy/PtInTm/Tp
1523,/PmtRtr/TxInf/OrgnlTxRef/MndtRltdInf/AmdmntInfDtls/OrgnlFrqcy/PtInTm/PtInTm
1524,/PmtRtr/TxInf/OrgnlTxRef/MndtRltdInf/AmdmntInfDtls/OrgnlRsn
1525,/PmtRtr/TxInf/OrgnlTxRef/MndtRltdInf/AmdmntInfDtls/OrgnlRsn/Cd
1526,/PmtRtr/TxInf/OrgnlTxRef/MndtRltdInf/AmdmntInfDtls/OrgnlRsn/Prtry
1527,/PmtRtr/TxInf/OrgnlTxRef/MndtRltdInf/AmdmntInfDtls/OrgnlTrckgDays
1528,/PmtRtr/TxInf/OrgnlTxRef/MndtRltdInf/ElctrncSgntr
1529,/PmtRtr/TxInf/OrgnlTxRef/MndtRltdInf/FrstColltnDt
1530,/PmtRtr/TxInf/OrgnlTxRef/MndtRltdInf/FnlColltnDt
1531,/PmtRtr/TxInf/OrgnlTxRef/MndtRltdInf/Frqcy
1532,/PmtRtr/TxInf/OrgnlTxRef/MndtRltdInf/Frqcy/Tp
1533,/PmtRtr/TxInf/OrgnlTxRef/MndtRltdInf/Frqcy/Tp
1534,/PmtRtr/TxInf/OrgnlTxRef/MndtRltdInf/Frqcy/Tp
1535,/PmtRtr/TxInf/OrgnlTxRef/MndtRltdInf/Frqcy/Tp
1536,/PmtRtr/TxInf/OrgnlTxRef/MndtRltdInf/Frqcy/Tp
1537,/PmtRtr/TxInf/OrgnlTxRef/MndtRltdInf/Frqcy/Tp
1538,/PmtRtr/TxInf/OrgnlTxRef/MndtRltdInf/Frqcy/Tp
1539,/PmtRtr/TxInf/OrgnlTxRef/MndtRltdInf/Frqcy/Tp
1540,/PmtRtr/TxInf/OrgnlTxRef/MndtRltdInf/Frqcy/Tp
1541,/PmtRtr/TxInf/OrgnlTxRef/MndtRltdInf/Frqcy/Tp
1542,/PmtRtr/TxInf/OrgnlTxRef/MndtRltdInf/Frqcy/Prd
1543,/PmtRtr/TxInf/OrgnlTxRef/MndtRltdInf/Frqcy/Prd/Tp
1544,/PmtRtr/TxInf/OrgnlTxRef/MndtRltdInf/Frqcy/Prd/Tp
1545,/PmtRtr/TxInf/OrgnlTxRef/MndtRltdInf/Frqcy/Prd/Tp
1546,/PmtRtr/TxInf/OrgnlTxRef/MndtRltdInf/Frqcy/Prd/Tp
1547,/PmtRtr/TxInf/OrgnlTxRef/MndtRltdInf/Frqcy/Prd/Tp
1548,/PmtRtr/TxInf/OrgnlTxRef/MndtRltdInf/Frqcy/Prd/Tp
1549,/PmtRtr/TxInf/OrgnlTxRef/MndtRltdInf/Frqcy/Prd/Tp
1550,/PmtRtr/TxInf/OrgnlTxRef/MndtRltdInf/Frqcy/Prd/Tp
1551,/PmtRtr/TxInf/OrgnlTxRef/MndtRltdInf/Frqcy/Prd/Tp
1552,/PmtRtr/TxInf/OrgnlTxRef/MndtRltdInf/Frqcy/Prd/Tp
1553,/PmtRtr/TxInf/OrgnlTxRef/MndtRltdInf/Frqcy/Prd/CntPerPrd
1554,/PmtRtr/TxInf/OrgnlTxRef/MndtRltdInf/Frqcy/PtInTm
1555,/PmtRtr/TxInf/OrgnlTxRef/MndtRltdInf/Frqcy/PtInTm/Tp
1556,/PmtRtr/TxInf/OrgnlTxRef/MndtRltdInf/Frqcy/PtInTm/Tp
1557,/PmtRtr/TxInf/OrgnlTxRef/MndtRltdInf/Frqcy/PtInTm/Tp
1558,/PmtRtr/TxInf/OrgnlTxRef/MndtRltdInf/Frqcy/PtInTm/Tp
1559,/PmtRtr/TxInf/OrgnlTxRef/MndtRltdInf/Frqcy/PtInTm/Tp
1560,/PmtRtr/TxInf/OrgnlTxRef/MndtRltdInf/Frqcy/PtInTm/Tp
1561,/PmtRtr/TxInf/OrgnlTxRef/MndtRltdInf/Frqcy/PtInTm/Tp
1562,/PmtRtr/TxInf/OrgnlTxRef/MndtRltdInf/Frqcy/PtInTm/Tp
1563,/PmtRtr/TxInf/OrgnlTxRef/MndtRltdInf/Frqcy/PtInTm/Tp
1564,/PmtRtr/TxInf/OrgnlTxRef/MndtRltdInf/Frqcy/PtInTm/Tp
1565,/PmtRtr/TxInf/OrgnlTxRef/MndtRltdInf/Frqcy/PtInTm/PtInTm
1566,/PmtRtr/TxInf/OrgnlTxRef/MndtRltdInf/Rsn
1567,/PmtRtr/TxInf/OrgnlTxRef/MndtRltdInf/Rsn/Cd
1568,/PmtRtr/TxInf/OrgnlTxRef/MndtRltdInf/Rsn/Prtry
1569,/PmtRtr/TxInf/OrgnlTxRef/MndtRltdInf/TrckgDays
1570,/PmtRtr/TxInf/OrgnlTxRef/RmtInf
1571,/PmtRtr/TxInf/OrgnlTxRef/RmtInf/Ustrd
1572,/PmtRtr/TxInf/OrgnlTxRef/RmtInf/Strd
1573,/PmtRtr/TxInf/OrgnlTxRef/RmtInf/Strd/RfrdDocInf
1574,/PmtRtr/TxInf/OrgnlTxRef/RmtInf/Strd/RfrdDocInf/Tp
1575,/PmtRtr/TxInf/OrgnlTxRef/RmtInf/Strd/RfrdDocInf/Tp/CdOrPrtry
1576,/PmtRtr/TxInf/OrgnlTxRef/RmtInf/Strd/RfrdDocInf/Tp/CdOrPrtry/Cd
1577,/PmtRtr/TxInf/OrgnlTxRef/RmtInf/Strd/RfrdDocInf/Tp/CdOrPrtry/Cd
1578,/PmtRtr/TxInf/OrgnlTxRef/RmtInf/Strd/RfrdDocInf/Tp/CdOrPrtry/Cd
1579,/PmtRtr/TxInf/OrgnlTxRef/RmtInf/Strd/RfrdDocInf/Tp/CdOrPrtry/Cd
1580,/PmtRtr/TxInf/OrgnlTxRef/RmtInf/Strd/RfrdDocInf/Tp/CdOrPrtry/Cd
1581,/PmtRtr/TxInf/OrgnlTxRef/RmtInf/Strd/RfrdDocInf/Tp/CdOrPrtry/Cd
1582,/PmtRtr/TxInf/OrgnlTxRef/RmtInf/Strd/RfrdDocInf/Tp/CdOrPrtry/Cd
1583,/PmtRtr/TxInf/OrgnlTxRef/RmtInf/Strd/RfrdDocInf/Tp/CdOrPrtry/Cd
1584,/PmtRtr/TxInf/OrgnlTxRef/RmtInf/Strd/RfrdDocInf/Tp/CdOrPrtry/Cd
1585,/PmtRtr/TxInf/OrgnlTxRef/RmtInf/Strd/RfrdDocInf/Tp/CdOrPrtry/Cd
1586,/PmtRtr/TxInf/OrgnlTxRef/RmtInf/Strd/RfrdDocInf/Tp/CdOrPrtry/Cd
1587,/PmtRtr/TxInf/OrgnlTxRef/RmtInf/Strd/RfrdDocInf/Tp/CdOrPrtry/Cd
1588,/PmtRtr/TxInf/OrgnlTxRef/RmtInf/Strd/RfrdDocInf/Tp/CdOrPrtry/Cd
1589,/PmtRtr/TxInf/OrgnlTxRef/RmtInf/Strd/RfrdDocInf/Tp/CdOrPrtry/Cd
1590,/PmtRtr/TxInf/OrgnlTxRef/RmtInf/Strd/RfrdDocInf/Tp/CdOrPrtry/Cd
1591,/PmtRtr/TxInf/OrgnlTxRef/RmtInf/Strd/RfrdDocInf/Tp/CdOrPrtry/Cd
1592,/PmtRtr/TxInf/OrgnlTxRef/RmtInf/Strd/RfrdDocInf/Tp/CdOrPrtry/Cd
1593,/PmtRtr/TxInf/OrgnlTxRef/RmtInf/Strd/RfrdDocInf/Tp/CdOrPrtry/Prtry
1594,/PmtRtr/TxInf/OrgnlTxRef/RmtInf/Strd/RfrdDocInf/Tp/Issr
1595,/PmtRtr/TxInf/OrgnlTxRef/RmtInf/Strd/RfrdDocInf/Nb
1596,/PmtRtr/TxInf/OrgnlTxRef/RmtInf/Strd/RfrdDocInf/RltdDt
1597,/PmtRtr/TxInf/OrgnlTxRef/RmtInf/Strd/RfrdDocInf/LineDtls
1598,/PmtRtr/TxInf/OrgnlTxRef/RmtInf/Strd/RfrdDocInf/LineDtls/Id
1599,/PmtRtr/TxInf/OrgnlTxRef/RmtInf/Strd/RfrdDocInf/LineDtls/Id/Tp
1600,/PmtRtr/TxInf/OrgnlTxRef/RmtInf/Strd/RfrdDocInf/LineDtls/Id/Tp/CdOrPrtry
1601,/PmtRtr/TxInf/OrgnlTxRef/RmtInf/Strd/RfrdDocInf/LineDtls/Id/Tp/CdOrPrtry/Cd
1602,/PmtRtr/TxInf/OrgnlTxRef/RmtInf/Strd/RfrdDocInf/LineDtls/Id/Tp/CdOrPrtry/Prtry
1603,/PmtRtr/TxInf/OrgnlTxRef/RmtInf/Strd/RfrdDocInf/LineDtls/Id/Tp/Issr
1604,/PmtRtr/TxInf/OrgnlTxRef/RmtInf/Strd/RfrdDocInf/LineDtls/Id/Nb
1605,/PmtRtr/TxInf/OrgnlTxRef/RmtInf/Strd/RfrdDocInf/LineDtls/Id/RltdDt
1606,/PmtRtr/TxInf/OrgnlTxRef/RmtInf/Strd/RfrdDocInf/LineDtls/Desc
1607,/PmtRtr/TxInf/OrgnlTxRef/RmtInf/Strd/RfrdDocInf/LineDtls/Amt
1608,/PmtRtr/TxInf/OrgnlTxRef/RmtInf/Strd/RfrdDocInf/LineDtls/Amt/DuePyblAmt
1609,/PmtRtr/TxInf/OrgnlTxRef/RmtInf/Strd/RfrdDocInf/LineDtls/Amt/DuePyblAmt/Ccy
1610,/PmtRtr/TxInf/OrgnlTxRef/RmtInf/Strd/RfrdDocInf/LineDtls/Amt/DscntApldAmt
1611,/PmtRtr/TxInf/OrgnlTxRef/RmtInf/Strd/RfrdDocInf/LineDtls/Amt/DscntApldAmt/Tp
1612,/PmtRtr/TxInf/OrgnlTxRef/RmtInf/Strd/RfrdDocInf/LineDtls/Amt/DscntApldAmt/Tp/Cd
1613,/PmtRtr/TxInf/OrgnlTxRef/RmtInf/Strd/RfrdDocInf/LineDtls/Amt/DscntApldAmt/Tp/Prtry
1614,/PmtRtr/TxInf/OrgnlTxRef/RmtInf/Strd/RfrdDocInf/LineDtls/Amt/DscntApldAmt/Amt
1615,/PmtRtr/TxInf/OrgnlTxRef/RmtInf/Strd/RfrdDocInf/LineDtls/Amt/DscntApldAmt/Amt/Ccy
1616,/PmtRtr/TxInf/OrgnlTxRef/RmtInf/Strd/RfrdDocInf/LineDtls/Amt/CdtNoteAmt
1617,/PmtRtr/TxInf/OrgnlTxRef/RmtInf/Strd/RfrdDocInf/LineDtls/Amt/CdtNoteAmt/Ccy
1618,/PmtRtr/TxInf/OrgnlTxRef/RmtInf/Strd/RfrdDocInf/LineDtls/Amt/TaxAmt
1619,/PmtRtr/TxInf/OrgnlTxRef/RmtInf/Strd/RfrdDocInf/LineDtls/Amt/TaxAmt/Tp
1620,/PmtRtr/TxInf/OrgnlTxRef/RmtInf/Strd/RfrdDocInf/LineDtls/Amt/TaxAmt/Tp/Cd
1621,/PmtRtr/TxInf/OrgnlTxRef/RmtInf/Strd/RfrdDocInf/LineDtls/Amt/TaxAmt/Tp/Prtry
1622,/PmtRtr/TxInf/OrgnlTxRef/RmtInf/Strd/RfrdDocInf/LineDtls/Amt/TaxAmt/Amt
1623,/PmtRtr/TxInf/OrgnlTxRef/RmtInf/Strd/RfrdDocInf/LineDtls/Amt/TaxAmt/Amt/Ccy
1624,/PmtRtr/TxInf/OrgnlTxRef/RmtInf/Strd/RfrdDocInf/LineDtls/Amt/AdjstmntAmtAndRsn
1625,/PmtRtr/TxInf/OrgnlTxRef/RmtInf/Strd/RfrdDocInf/LineDtls/Amt/AdjstmntAmtAndRsn/Amt
1626,/PmtRtr/TxInf/OrgnlTxRef/RmtInf/Strd/RfrdDocInf/LineDtls/Amt/AdjstmntAmtAndRsn/Amt/Ccy
1627,/PmtRtr/TxInf/OrgnlTxRef/RmtInf/Strd/RfrdDocInf/LineDtls/Amt/AdjstmntAmtAndRsn/CdtDbtInd
1628,/PmtRtr/TxInf/OrgnlTxRef/RmtInf/Strd/RfrdDocInf/LineDtls/Amt/AdjstmntAmtAndRsn/CdtDbtInd
1629,/PmtRtr/TxInf/OrgnlTxRef/RmtInf/Strd/RfrdDocInf/LineDtls/Amt/AdjstmntAmtAndRsn/CdtDbtInd
1630,/PmtRtr/TxInf/OrgnlTxRef/RmtInf/Strd/RfrdDocInf/LineDtls/Amt/AdjstmntAmtAndRsn/Rsn
1631,/PmtRtr/TxInf/OrgnlTxRef/RmtInf/Strd/RfrdDocInf/LineDtls/Amt/AdjstmntAmtAndRsn/AddtlInf
1632,/PmtRtr/TxInf/OrgnlTxRef/RmtInf/Strd/RfrdDocInf/LineDtls/Amt/RmtdAmt
1633,/PmtRtr/TxInf/OrgnlTxRef/RmtInf/Strd/RfrdDocInf/LineDtls/Amt/RmtdAmt/Ccy
1634,/PmtRtr/TxInf/OrgnlTxRef/RmtInf/Strd/RfrdDocAmt
1635,/PmtRtr/TxInf/OrgnlTxRef/RmtInf/Strd/RfrdDocAmt/DuePyblAmt
1636,/PmtRtr/TxInf/OrgnlTxRef/RmtInf/Strd/RfrdDocAmt/DuePyblAmt/Ccy
1637,/PmtRtr/TxInf/OrgnlTxRef/RmtInf/Strd/RfrdDocAmt/DscntApldAmt
1638,/PmtRtr/TxInf/OrgnlTxRef/RmtInf/Strd/RfrdDocAmt/DscntApldAmt/Tp
1639,/PmtRtr/TxInf/OrgnlTxRef/RmtInf/Strd/RfrdDocAmt/DscntApldAmt/Tp/Cd
1640,/PmtRtr/TxInf/OrgnlTxRef/RmtInf/Strd/RfrdDocAmt/DscntApldAmt/Tp/Prtry
1641,/PmtRtr/TxInf/OrgnlTxRef/RmtInf/Strd/RfrdDocAmt/DscntApldAmt/Amt
1642,/PmtRtr/TxInf/OrgnlTxRef/RmtInf/Strd/RfrdDocAmt/DscntApldAmt/Amt/Ccy
1643,/PmtRtr/TxInf/OrgnlTxRef/RmtInf/Strd/RfrdDocAmt/CdtNoteAmt
1644,/PmtRtr/TxInf/OrgnlTxRef/RmtInf/Strd/RfrdDocAmt/CdtNoteAmt/Ccy
1645,/PmtRtr/TxInf/OrgnlTxRef/RmtInf/Strd/RfrdDocAmt/TaxAmt
1646,/PmtRtr/TxInf/OrgnlTxRef/RmtInf/Strd/RfrdDocAmt/TaxAmt/Tp
1647,/PmtRtr/TxInf/OrgnlTxRef/RmtInf/Strd/RfrdDocAmt/TaxAmt/Tp/Cd
1648,/PmtRtr/TxInf/OrgnlTxRef/RmtInf/Strd/RfrdDocAmt/TaxAmt/Tp/Prtry
1649,/PmtRtr/TxInf/OrgnlTxRef/RmtInf/Strd/RfrdDocAmt/TaxAmt/Amt
1650,/PmtRtr/TxInf/OrgnlTxRef/RmtInf/Strd/RfrdDocAmt/TaxAmt/Amt/Ccy
1651,/PmtRtr/TxInf/OrgnlTxRef/RmtInf/Strd/RfrdDocAmt/AdjstmntAmtAndRsn
1652,/PmtRtr/TxInf/OrgnlTxRef/RmtInf/Strd/RfrdDocAmt/AdjstmntAmtAndRsn/Amt
1653,/PmtRtr/TxInf/OrgnlTxRef/RmtInf/Strd/RfrdDocAmt/AdjstmntAmtAndRsn/Amt/Ccy
1654,/PmtRtr/TxInf/OrgnlTxRef/RmtInf/Strd/RfrdDocAmt/AdjstmntAmtAndRsn/CdtDbtInd
1655,/PmtRtr/TxInf/OrgnlTxRef/RmtInf/Strd/RfrdDocAmt/AdjstmntAmtAndRsn/CdtDbtInd
1656,/PmtRtr/TxInf/OrgnlTxRef/RmtInf/Strd/RfrdDocAmt/AdjstmntAmtAndRsn/CdtDbtInd
1657,/PmtRtr/TxInf/OrgnlTxRef/RmtInf/Strd/RfrdDocAmt/AdjstmntAmtAndRsn/Rsn
1658,/PmtRtr/TxInf/OrgnlTxRef/RmtInf/Strd/RfrdDocAmt/AdjstmntAmtAndRsn/AddtlInf
1659,/PmtRtr/TxInf/OrgnlTxRef/RmtInf/Strd/RfrdDocAmt/RmtdAmt
1660,/PmtRtr/TxInf/OrgnlTxRef/RmtInf/Strd/RfrdDocAmt/RmtdAmt/Ccy
1661,/PmtRtr/TxInf/OrgnlTxRef/RmtInf/Strd/CdtrRefInf
1662,/PmtRtr/TxInf/OrgnlTxRef/RmtInf/Strd/CdtrRefInf/Tp
1663,/PmtRtr/TxInf/OrgnlTxRef/RmtInf/Strd/CdtrRefInf/Tp/CdOrPrtry
1664,/PmtRtr/TxInf/OrgnlTxRef/RmtInf/Strd/CdtrRefInf/Tp/CdOrPrtry/Cd
1665,/PmtRtr/TxInf/OrgnlTxRef/RmtInf/Strd/CdtrRefInf/Tp/CdOrPrtry/Cd
1666,/PmtRtr/TxInf/OrgnlTxRef/RmtInf/Strd/CdtrRefInf/Tp/CdOrPrtry/Cd
1667,/PmtRtr/TxInf/OrgnlTxRef/RmtInf/Strd/CdtrRefInf/Tp/CdOrPrtry/Cd
1668,/PmtRtr/TxInf/OrgnlTxRef/RmtInf/Strd/CdtrRefInf/Tp/CdOrPrtry/Cd
1669,/PmtRtr/TxInf/OrgnlTxRef/RmtInf/Strd/CdtrRefInf/Tp/CdOrPrtry/Cd
1670,/PmtRtr/TxInf/OrgnlTxRef/RmtInf/Strd/CdtrRefInf/Tp/CdOrPrtry/Cd
1671,/PmtRtr/TxInf/OrgnlTxRef/RmtInf/Strd/CdtrRefInf/Tp/CdOrPrtry/Prtry
1672,/PmtRtr/TxInf/OrgnlTxRef/RmtInf/Strd/CdtrRefInf/Tp/Issr
1673,/PmtRtr/TxInf/OrgnlTxRef/RmtInf/Strd/CdtrRefInf/Ref
1674,/PmtRtr/TxInf/OrgnlTxRef/RmtInf/Strd/Invcr
1675,/PmtRtr/TxInf/OrgnlTxRef/RmtInf/Strd/Invcr/Nm
1676,/PmtRtr/TxInf/OrgnlTxRef/RmtInf/Strd/Invcr/PstlAdr
1677,/PmtRtr/TxInf/OrgnlTxRef/RmtInf/Strd/Invcr/PstlAdr/AdrTp
1678,/PmtRtr/TxInf/OrgnlTxRef/RmtInf/Strd/Invcr/PstlAdr/Dept
1679,/PmtRtr/TxInf/OrgnlTxRef/RmtInf/Strd/Invcr/PstlAdr/SubDept
1680,/PmtRtr/TxInf/OrgnlTxRef/RmtInf/Strd/Invcr/PstlAdr/StrtNm
1681,/PmtRtr/TxInf/OrgnlTxRef/RmtInf/Strd/Invcr/PstlAdr/BldgNb
1682,/PmtRtr/TxInf/OrgnlTxRef/RmtInf/Strd/Invcr/PstlAdr/BldgNm
1683,/PmtRtr/TxInf/OrgnlTxRef/RmtInf/Strd/Invcr/PstlAdr/Flr
1684,/PmtRtr/TxInf/OrgnlTxRef/RmtInf/Strd/Invcr/PstlAdr/PstBx
1685,/PmtRtr/TxInf/OrgnlTxRef/RmtInf/Strd/Invcr/PstlAdr/Room
1686,/PmtRtr/TxInf/OrgnlTxRef/RmtInf/Strd/Invcr/PstlAdr/PstCd
1687,/PmtRtr/TxInf/OrgnlTxRef/RmtInf/Strd/Invcr/PstlAdr/TwnNm
1688,/PmtRtr/TxInf/OrgnlTxRef/RmtInf/Strd/Invcr/PstlAdr/TwnLctnNm
1689,/PmtRtr/TxInf/OrgnlTxRef/RmtInf/Strd/Invcr/PstlAdr/DstrctNm
1690,/PmtRtr/TxInf/OrgnlTxRef/RmtInf/Strd/Invcr/PstlAdr/CtrySubDvsn
1691,/PmtRtr/TxInf/OrgnlTxRef/RmtInf/Strd/Invcr/PstlAdr/Ctry
1692,/PmtRtr/TxInf/OrgnlTxRef/RmtInf/Strd/Invcr/PstlAdr/AdrLine
1693,/PmtRtr/TxInf/OrgnlTxRef/RmtInf/Strd/Invcr/Id
1694,/PmtRtr/TxInf/OrgnlTxRef/RmtInf/Strd/Invcr/Id/OrgId
1695,/PmtRtr/TxInf/OrgnlTxRef/RmtInf/Strd/Invcr/Id/OrgId/AnyBIC
1696,/PmtRtr/TxInf/OrgnlTxRef/RmtInf/Strd/Invcr/Id/OrgId/LEI
1697,/PmtRtr/TxInf/OrgnlTxRef/RmtInf/Strd/Invcr/Id/OrgId/Othr
1698,/PmtRtr/TxInf/OrgnlTxRef/RmtInf/Strd/Invcr/Id/OrgId/Othr/Id
1699,/PmtRtr/TxInf/OrgnlTxRef/RmtInf/Strd/Invcr/Id/OrgId/Othr/SchmeNm
1700,/PmtRtr/TxInf/OrgnlTxRef/RmtInf/Strd/Invcr/Id/OrgId/Othr/SchmeNm/Cd
1701,/PmtRtr/TxInf/OrgnlTxRef/RmtInf/Strd/Invcr/Id/OrgId/Othr/SchmeNm/Prtry
1702,/PmtRtr/TxInf/OrgnlTxRef/RmtInf/Strd/Invcr/Id/OrgId/Othr/Issr
1703,/PmtRtr/TxInf/OrgnlTxRef/RmtInf/Strd/Invcr/Id/PrvtId
1704,/PmtRtr/TxInf/OrgnlTxRef/RmtInf/Strd/Invcr/Id/PrvtId/DtAndPlcOfBirth
1705,/PmtRtr/TxInf/OrgnlTxRef/RmtInf/Strd/Invcr/Id/PrvtId/DtAndPlcOfBirth/BirthDt
1706,/PmtRtr/TxInf/OrgnlTxRef/RmtInf/Strd/Invcr/Id/PrvtId/DtAndPlcOfBirth/PrvcOfBirth
1707,/PmtRtr/TxInf/OrgnlTxRef/RmtInf/Strd/Invcr/Id/PrvtId/DtAndPlcOfBirth/CityOfBirth
1708,/PmtRtr/TxInf/OrgnlTxRef/RmtInf/Strd/Invcr/Id/PrvtId/DtAndPlcOfBirth/CtryOfBirth
1709,/PmtRtr/TxInf/OrgnlTxRef/RmtInf/Strd/Invcr/Id/PrvtId/Othr
1710,/PmtRtr/TxInf/OrgnlTxRef/RmtInf/Strd/Invcr/Id/PrvtId/Othr/Id
1711,/PmtRtr/TxInf/OrgnlTxRef/RmtInf/Strd/Invcr/Id/PrvtId/Othr/SchmeNm
1712,/PmtRtr/TxInf/OrgnlTxRef/RmtInf/Strd/Invcr/Id/PrvtId/Othr/SchmeNm/Cd
1713,/PmtRtr/TxInf/OrgnlTxRef/RmtInf/Strd/Invcr/Id/PrvtId/Othr/SchmeNm/Prtry
1714,/PmtRtr/TxInf/OrgnlTxRef/RmtInf/Strd/Invcr/Id/PrvtId/Othr/Issr
1715,/PmtRtr/TxInf/OrgnlTxRef/RmtInf/Strd/Invcr/CtryOfRes
1716,/PmtRtr/TxInf/OrgnlTxRef/RmtInf/Strd/Invcr/CtctDtls
1717,/PmtRtr/TxInf/OrgnlTxRef/RmtInf/Strd/Invcee
1718,/PmtRtr/TxInf/OrgnlTxRef/RmtInf/Strd/Invcee/Nm
1719,/PmtRtr/TxInf/OrgnlTxRef/RmtInf/Strd/Invcee/PstlAdr
1720,/PmtRtr/TxInf/OrgnlTxRef/RmtInf/Strd/Invcee/PstlAdr/AdrTp
1721,/PmtRtr/TxInf/OrgnlTxRef/RmtInf/Strd/Invcee/PstlAdr/Dept
1722,/PmtRtr/TxInf/OrgnlTxRef/RmtInf/Strd/Invcee/PstlAdr/SubDept
1723,/PmtRtr/TxInf/OrgnlTxRef/RmtInf/Strd/Invcee/PstlAdr/StrtNm
1724,/PmtRtr/TxInf/OrgnlTxRef/RmtInf/Strd/Invcee/PstlAdr/BldgNb
1725,/PmtRtr/TxInf/OrgnlTxRef/RmtInf/Strd/Invcee/PstlAdr/BldgNm
1726,/PmtRtr/TxInf/OrgnlTxRef/RmtInf/Strd/Invcee/PstlAdr/Flr
1727,/PmtRtr/TxInf/OrgnlTxRef/RmtInf/Strd/Invcee/PstlAdr/PstBx
1728,/PmtRtr/TxInf/OrgnlTxRef/RmtInf/Strd/Invcee/PstlAdr/Room
1729,/PmtRtr/TxInf/OrgnlTxRef/RmtInf/Strd/Invcee/PstlAdr/PstCd
1730,/PmtRtr/TxInf/OrgnlTxRef/RmtInf/Strd/Invcee/PstlAdr/TwnNm
1731,/PmtRtr/TxInf/OrgnlTxRef/RmtInf/Strd/Invcee/PstlAdr/TwnLctnNm
1732,/PmtRtr/TxInf/OrgnlTxRef/RmtInf/Strd/Invcee/PstlAdr/DstrctNm
1733,/PmtRtr/TxInf/OrgnlTxRef/RmtInf/Strd/Invcee/PstlAdr/CtrySubDvsn
1734,/PmtRtr/TxInf/OrgnlTxRef/RmtInf/Strd/Invcee/PstlAdr/Ctry
1735,/PmtRtr/TxInf/OrgnlTxRef/RmtInf/Strd/Invcee/PstlAdr/AdrLine
1736,/PmtRtr/TxInf/OrgnlTxRef/RmtInf/Strd/Invcee/Id
1737,/PmtRtr/TxInf/OrgnlTxRef/RmtInf/Strd/Invcee/Id/OrgId
1738,/PmtRtr/TxInf/OrgnlTxRef/RmtInf/Strd/Invcee/Id/OrgId/AnyBIC
1739,/PmtRtr/TxInf/OrgnlTxRef/RmtInf/Strd/Invcee/Id/OrgId/LEI
1740,/PmtRtr/TxInf/OrgnlTxRef/RmtInf/Strd/Invcee/Id/OrgId/Othr
1741,/PmtRtr/TxInf/OrgnlTxRef/RmtInf/Strd/Invcee/Id/OrgId/Othr/Id
1742,/PmtRtr/TxInf/OrgnlTxRef/RmtInf/Strd/Invcee/Id/OrgId/Othr/SchmeNm
1743,/PmtRtr/TxInf/OrgnlTxRef/RmtInf/Strd/Invcee/Id/OrgId/Othr/SchmeNm/Cd
1744,/PmtRtr/TxInf/OrgnlTxRef/RmtInf/Strd/Invcee/Id/OrgId/Othr/SchmeNm/Prtry
1745,/PmtRtr/TxInf/OrgnlTxRef/RmtInf/Strd/Invcee/Id/OrgId/Othr/Issr
1746,/PmtRtr/TxInf/OrgnlTxRef/RmtInf/Strd/Invcee/Id/PrvtId
1747,/PmtRtr/TxInf/OrgnlTxRef/RmtInf/Strd/Invcee/Id/PrvtId/DtAndPlcOfBirth
1748,/PmtRtr/TxInf/OrgnlTxRef/RmtInf/Strd/Invcee/Id/PrvtId/DtAndPlcOfBirth/BirthDt
1749,/PmtRtr/TxInf/OrgnlTxRef/RmtInf/Strd/Invcee/Id/PrvtId/DtAndPlcOfBirth/PrvcOfBirth
1750,/PmtRtr/TxInf/OrgnlTxRef/RmtInf/Strd/Invcee/Id/PrvtId/DtAndPlcOfBirth/CityOfBirth
1751,/PmtRtr/TxInf/OrgnlTxRef/RmtInf/Strd/Invcee/Id/PrvtId/DtAndPlcOfBirth/CtryOfBirth
1752,/PmtRtr/TxInf/OrgnlTxRef/RmtInf/Strd/Invcee/Id/PrvtId/Othr
1753,/PmtRtr/TxInf/OrgnlTxRef/RmtInf/Strd/Invcee/Id/PrvtId/Othr/Id
1754,/PmtRtr/TxInf/OrgnlTxRef/RmtInf/Strd/Invcee/Id/PrvtId/Othr/SchmeNm
1755,/PmtRtr/TxInf/OrgnlTxRef/RmtInf/Strd/Invcee/Id/PrvtId/Othr/SchmeNm/Cd
1756,/PmtRtr/TxInf/OrgnlTxRef/RmtInf/Strd/Invcee/Id/PrvtId/Othr/SchmeNm/Prtry
1757,/PmtRtr/TxInf/OrgnlTxRef/RmtInf/Strd/Invcee/Id/PrvtId/Othr/Issr
1758,/PmtRtr/TxInf/OrgnlTxRef/RmtInf/Strd/Invcee/CtryOfRes
1759,/PmtRtr/TxInf/OrgnlTxRef/RmtInf/Strd/Invcee/CtctDtls
1760,/PmtRtr/TxInf/OrgnlTxRef/RmtInf/Strd/TaxRmt
1761,/PmtRtr/TxInf/OrgnlTxRef/RmtInf/Strd/TaxRmt/Cdtr
1762,/PmtRtr/TxInf/OrgnlTxRef/RmtInf/Strd/TaxRmt/Cdtr/TaxId
1763,/PmtRtr/TxInf/OrgnlTxRef/RmtInf/Strd/TaxRmt/Cdtr/RegnId
1764,/PmtRtr/TxInf/OrgnlTxRef/RmtInf/Strd/TaxRmt/Cdtr/TaxTp
1765,/PmtRtr/TxInf/OrgnlTxRef/RmtInf/Strd/TaxRmt/Dbtr
1766,/PmtRtr/TxInf/OrgnlTxRef/RmtInf/Strd/TaxRmt/Dbtr/TaxId
1767,/PmtRtr/TxInf/OrgnlTxRef/RmtInf/Strd/TaxRmt/Dbtr/RegnId
1768,/PmtRtr/TxInf/OrgnlTxRef/RmtInf/Strd/TaxRmt/Dbtr/TaxTp
1769,/PmtRtr/TxInf/OrgnlTxRef/RmtInf/Strd/TaxRmt/Dbtr/Authstn
1770,/PmtRtr/TxInf/OrgnlTxRef/RmtInf/Strd/TaxRmt/Dbtr/Authstn/Titl
1771,/PmtRtr/TxInf/OrgnlTxRef/RmtInf/Strd/TaxRmt/Dbtr/Authstn/Nm
1772,/PmtRtr/TxInf/OrgnlTxRef/RmtInf/Strd/TaxRmt/UltmtDbtr
1773,/PmtRtr/TxInf/OrgnlTxRef/RmtInf/Strd/TaxRmt/UltmtDbtr/TaxId
1774,/PmtRtr/TxInf/OrgnlTxRef/RmtInf/Strd/TaxRmt/UltmtDbtr/RegnId
1775,/PmtRtr/TxInf/OrgnlTxRef/RmtInf/Strd/TaxRmt/UltmtDbtr/TaxTp
1776,/PmtRtr/TxInf/OrgnlTxRef/RmtInf/Strd/TaxRmt/UltmtDbtr/Authstn
1777,/PmtRtr/TxInf/OrgnlTxRef/RmtInf/Strd/TaxRmt/UltmtDbtr/Authstn/Titl
1778,/PmtRtr/TxInf/OrgnlTxRef/RmtInf/Strd/TaxRmt/UltmtDbtr/Authstn/Nm
1779,/PmtRtr/TxInf/OrgnlTxRef/RmtInf/Strd/TaxRmt/AdmstnZone
1780,/PmtRtr/TxInf/OrgnlTxRef/RmtInf/Strd/TaxRmt/RefNb
1781,/PmtRtr/TxInf/OrgnlTxRef/RmtInf/Strd/TaxRmt/Mtd
1782,/PmtRtr/TxInf/OrgnlTxRef/RmtInf/Strd/TaxRmt/TtlTaxblBaseAmt
1783,/PmtRtr/TxInf/OrgnlTxRef/RmtInf/Strd/TaxRmt/TtlTaxblBaseAmt/Ccy
1784,/PmtRtr/TxInf/OrgnlTxRef/RmtInf/Strd/TaxRmt/TtlTaxAmt
1785,/PmtRtr/TxInf/OrgnlTxRef/RmtInf/Strd/TaxRmt/TtlTaxAmt/Ccy
1786,/PmtRtr/TxInf/OrgnlTxRef/RmtInf/Strd/TaxRmt/Dt
1787,/PmtRtr/TxInf/OrgnlTxRef/RmtInf/Strd/TaxRmt/SeqNb
1788,/PmtRtr/TxInf/OrgnlTxRef/RmtInf/Strd/TaxRmt/Rcrd
1789,/PmtRtr/TxInf/OrgnlTxRef/RmtInf/Strd/TaxRmt/Rcrd/Tp
1790,/PmtRtr/TxInf/OrgnlTxRef/RmtInf/Strd/TaxRmt/Rcrd/Ctgy
1791,/PmtRtr/TxInf/OrgnlTxRef/RmtInf/Strd/TaxRmt/Rcrd/CtgyDtls
1792,/PmtRtr/TxInf/OrgnlTxRef/RmtInf/Strd/TaxRmt/Rcrd/DbtrSts
1793,/PmtRtr/TxInf/OrgnlTxRef/RmtInf/Strd/TaxRmt/Rcrd/CertId
1794,/PmtRtr/TxInf/OrgnlTxRef/RmtInf/Strd/TaxRmt/Rcrd/FrmsCd
1795,/PmtRtr/TxInf/OrgnlTxRef/RmtInf/Strd/TaxRmt/Rcrd/Prd
1796,/PmtRtr/TxInf/OrgnlTxRef/RmtInf/Strd/TaxRmt/Rcrd/Prd/Yr
1797,/PmtRtr/TxInf/OrgnlTxRef/RmtInf/Strd/TaxRmt/Rcrd/Prd/Tp
1798,/PmtRtr/TxInf/OrgnlTxRef/RmtInf/Strd/TaxRmt/Rcrd/Prd/Tp
1799,/PmtRtr/TxInf/OrgnlTxRef/RmtInf/Strd/TaxRmt/Rcrd/Prd/Tp
1800,/PmtRtr/TxInf/OrgnlTxRef/RmtInf/Strd/TaxRmt/Rcrd/Prd/Tp
1801,/PmtRtr/TxInf/OrgnlTxRef/RmtInf/Strd/TaxRmt/Rcrd/Prd/Tp
1802,/PmtRtr/TxInf/OrgnlTxRef/RmtInf/Strd/TaxRmt/Rcrd/Prd/Tp
1803,/PmtRtr/TxInf/OrgnlTxRef/RmtInf/Strd/TaxRmt/Rcrd/Prd/Tp
1804,/PmtRtr/TxInf/OrgnlTxRef/RmtInf/Strd/TaxRmt/Rcrd/Prd/Tp
1805,/PmtRtr/TxInf/OrgnlTxRef/RmtInf/Strd/TaxRmt/Rcrd/Prd/Tp
1806,/PmtRtr/TxInf/OrgnlTxRef/RmtInf/Strd/TaxRmt/Rcrd/Prd/Tp
1807,/PmtRtr/TxInf/OrgnlTxRef/RmtInf/Strd/TaxRmt/Rcrd/Prd/Tp
1808,/PmtRtr/TxInf/OrgnlTxRef/RmtInf/Strd/TaxRmt/Rcrd/Prd/Tp
1809,/PmtRtr/TxInf/OrgnlTxRef/RmtInf/Strd/TaxRmt/Rcrd/Prd/Tp
1810,/PmtRtr/TxInf/OrgnlTxRef/RmtInf/Strd/TaxRmt/Rcrd/Prd/Tp
1811,/PmtRtr/TxInf/OrgnlTxRef/RmtInf/Strd/TaxRmt/Rcrd/Prd/Tp
1812,/PmtRtr/TxInf/OrgnlTxRef/RmtInf/Strd/TaxRmt/Rcrd/Prd/Tp
1813,/PmtRtr/TxInf/OrgnlTxRef/RmtInf/Strd/TaxRmt/Rcrd/Prd/Tp
1814,/PmtRtr/TxInf/OrgnlTxRef/RmtInf/Strd/TaxRmt/Rcrd/Prd/Tp
1815,/PmtRtr/TxInf/OrgnlTxRef/RmtInf/Strd/TaxRmt/Rcrd/Prd/Tp
1816,/PmtRtr/TxInf/OrgnlTxRef/RmtInf/Strd/TaxRmt/Rcrd/Prd/FrToDt
1817,/PmtRtr/TxInf/OrgnlTxRef/RmtInf/Strd/TaxRmt/Rcrd/Prd/FrToDt/FrDt
1818,/PmtRtr/TxInf/OrgnlTxRef/RmtInf/Strd/TaxRmt/Rcrd/Prd/FrToDt/ToDt
1819,/PmtRtr/TxInf/OrgnlTxRef/RmtInf/Strd/TaxRmt/Rcrd/TaxAmt
1820,/PmtRtr/TxInf/OrgnlTxRef/RmtInf/Strd/TaxRmt/Rcrd/TaxAmt/Rate
1821,/PmtRtr/TxInf/OrgnlTxRef/RmtInf/Strd/TaxRmt/Rcrd/TaxAmt/TaxblBaseAmt
1822,/PmtRtr/TxInf/OrgnlTxRef/RmtInf/Strd/TaxRmt/Rcrd/TaxAmt/TaxblBaseAmt/Ccy
1823,/PmtRtr/TxInf/OrgnlTxRef/RmtInf/Strd/TaxRmt/Rcrd/TaxAmt/TtlAmt
1824,/PmtRtr/TxInf/OrgnlTxRef/RmtInf/Strd/TaxRmt/Rcrd/TaxAmt/TtlAmt/Ccy
1825,/PmtRtr/TxInf/OrgnlTxRef/RmtInf/Strd/TaxRmt/Rcrd/TaxAmt/Dtls
1826,/PmtRtr/TxInf/OrgnlTxRef/RmtInf/Strd/TaxRmt/Rcrd/TaxAmt/Dtls/Prd
1827,/PmtRtr/TxInf/OrgnlTxRef/RmtInf/Strd/TaxRmt/Rcrd/TaxAmt/Dtls/Prd/Yr
1828,/PmtRtr/TxInf/OrgnlTxRef/RmtInf/Strd/TaxRmt/Rcrd/TaxAmt/Dtls/Prd/Tp
1829,/PmtRtr/TxInf/OrgnlTxRef/RmtInf/Strd/TaxRmt/Rcrd/TaxAmt/Dtls/Prd/Tp
1830,/PmtRtr/TxInf/OrgnlTxRef/RmtInf/Strd/TaxRmt/Rcrd/TaxAmt/Dtls/Prd/Tp
1831,/PmtRtr/TxInf/OrgnlTxRef/RmtInf/Strd/TaxRmt/Rcrd/TaxAmt/Dtls/Prd/Tp
1832,/PmtRtr/TxInf/OrgnlTxRef/RmtInf/Strd/TaxRmt/Rcrd/TaxAmt/Dtls/Prd/Tp
1833,/PmtRtr/TxInf/OrgnlTxRef/RmtInf/Strd/TaxRmt/Rcrd/TaxAmt/Dtls/Prd/Tp
1834,/PmtRtr/TxInf/OrgnlTxRef/RmtInf/Strd/TaxRmt/Rcrd/TaxAmt/Dtls/Prd/Tp
1835,/PmtRtr/TxInf/OrgnlTxRef/RmtInf/Strd/TaxRmt/Rcrd/TaxAmt/Dtls/Prd/Tp
1836,/PmtRtr/TxInf/OrgnlTxRef/RmtInf/Strd/TaxRmt/Rcrd/TaxAmt/Dtls/Prd/Tp
1837,/PmtRtr/TxInf/OrgnlTxRef/RmtInf/Strd/TaxRmt/Rcrd/TaxAmt/Dtls/Prd/Tp
1838,/PmtRtr/TxInf/OrgnlTxRef/RmtInf/Strd/TaxRmt/Rcrd/TaxAmt/Dtls/Prd/Tp
1839,/PmtRtr/TxInf/OrgnlTxRef/RmtInf/Strd/TaxRmt/Rcrd/TaxAmt/Dtls/Prd/Tp
1840,/PmtRtr/TxInf/OrgnlTxRef/RmtInf/Strd/TaxRmt/Rcrd/TaxAmt/Dtls/Prd/Tp
1841,/PmtRtr/TxInf/OrgnlTxRef/RmtInf/Strd/TaxRmt/Rcrd/TaxAmt/Dtls/Prd/Tp
1842,/PmtRtr/TxInf/OrgnlTxRef/RmtInf/Strd/TaxRmt/Rcrd/TaxAmt/Dtls/Prd/Tp
1843,/PmtRtr/TxInf/OrgnlTxRef/RmtInf/Strd/TaxRmt/Rcrd/TaxAmt/Dtls/Prd/Tp
1844,/PmtRtr/TxInf/OrgnlTxRef/RmtInf/Strd/TaxRmt/Rcrd/TaxAmt/Dtls/Prd/Tp
1845,/PmtRtr/TxInf/OrgnlTxRef/RmtInf/Strd/TaxRmt/Rcrd/TaxAmt/Dtls/Prd/Tp
1846,/PmtRtr/TxInf/OrgnlTxRef/RmtInf/Strd/TaxRmt/Rcrd/TaxAmt/Dtls/Prd/Tp
1847,/PmtRtr/TxInf/OrgnlTxRef/RmtInf/Strd/TaxRmt/Rcrd/TaxAmt/Dtls/Prd/FrToDt
1848,/PmtRtr/TxInf/OrgnlTxRef/RmtInf/Strd/TaxRmt/Rcrd/TaxAmt/Dtls/Prd/FrToDt/FrDt
1849,/PmtRtr/TxInf/OrgnlTxRef/RmtInf/Strd/TaxRmt/Rcrd/TaxAmt/Dtls/Prd/FrToDt/ToDt
1850,/PmtRtr/TxInf/OrgnlTxRef/RmtInf/Strd/TaxRmt/Rcrd/TaxAmt/Dtls/Amt
1851,/PmtRtr/TxInf/OrgnlTxRef/RmtInf/Strd/TaxRmt/Rcrd/TaxAmt/Dtls/Amt/Ccy
1852,/PmtRtr/TxInf/OrgnlTxRef/RmtInf/Strd/TaxRmt/Rcrd/AddtlInf
1853,/PmtRtr/TxInf/OrgnlTxRef/RmtInf/Strd/GrnshmtRmt
1854,/PmtRtr/TxInf/OrgnlTxRef/RmtInf/Strd/GrnshmtRmt/Tp
1855,/PmtRtr/TxInf/OrgnlTxRef/RmtInf/Strd/GrnshmtRmt/Tp/CdOrPrtry
1856,/PmtRtr/TxInf/OrgnlTxRef/RmtInf/Strd/GrnshmtRmt/Tp/CdOrPrtry/Cd
1857,/PmtRtr/TxInf/OrgnlTxRef/RmtInf/Strd/GrnshmtRmt/Tp/CdOrPrtry/Prtry
1858,/PmtRtr/TxInf/OrgnlTxRef/RmtInf/Strd/GrnshmtRmt/Tp/Issr
1859,/PmtRtr/TxInf/OrgnlTxRef/RmtInf/Strd/GrnshmtRmt/Grnshee
1860,/PmtRtr/TxInf/OrgnlTxRef/RmtInf/Strd/GrnshmtRmt/Grnshee/Nm
1861,/PmtRtr/TxInf/OrgnlTxRef/RmtInf/Strd/GrnshmtRmt/Grnshee/PstlAdr
1862,/PmtRtr/TxInf/OrgnlTxRef/RmtInf/Strd/GrnshmtRmt/Grnshee/PstlAdr/AdrTp
1863,/PmtRtr/TxInf/OrgnlTxRef/RmtInf/Strd/GrnshmtRmt/Grnshee/PstlAdr/Dept
1864,/PmtRtr/TxInf/OrgnlTxRef/RmtInf/Strd/GrnshmtRmt/Grnshee/PstlAdr/SubDept
1865,/PmtRtr/TxInf/OrgnlTxRef/RmtInf/Strd/GrnshmtRmt/Grnshee/PstlAdr/StrtNm
1866,/PmtRtr/TxInf/OrgnlTxRef/RmtInf/Strd/GrnshmtRmt/Grnshee/PstlAdr/BldgNb
1867,/PmtRtr/TxInf/OrgnlTxRef/RmtInf/Strd/GrnshmtRmt/Grnshee/PstlAdr/BldgNm
1868,/PmtRtr/TxInf/OrgnlTxRef/RmtInf/Strd/GrnshmtRmt/Grnshee/PstlAdr/Flr
1869,/PmtRtr/TxInf/OrgnlTxRef/RmtInf/Strd/GrnshmtRmt/Grnshee/PstlAdr/PstBx
1870,/PmtRtr/TxInf/OrgnlTxRef/RmtInf/Strd/GrnshmtRmt/Grnshee/PstlAdr/Room
1871,/PmtRtr/TxInf/OrgnlTxRef/RmtInf/Strd/GrnshmtRmt/Grnshee/PstlAdr/PstCd
1872,/PmtRtr/TxInf/OrgnlTxRef/RmtInf/Strd/GrnshmtRmt/Grnshee/PstlAdr/TwnNm
1873,/PmtRtr/TxInf/OrgnlTxRef/RmtInf/Strd/GrnshmtRmt/Grnshee/PstlAdr/TwnLctnNm
1874,/PmtRtr/TxInf/OrgnlTxRef/RmtInf/Strd/GrnshmtRmt/Grnshee/PstlAdr/DstrctNm
1875,/PmtRtr/TxInf/OrgnlTxRef/RmtInf/Strd/GrnshmtRmt/Grnshee/PstlAdr/CtrySubDvsn
1876,/PmtRtr/TxInf/OrgnlTxRef/RmtInf/Strd/GrnshmtRmt/Grnshee/PstlAdr/Ctry
1877,/PmtRtr/TxInf/OrgnlTxRef/RmtInf/Strd/GrnshmtRmt/Grnshee/PstlAdr/AdrLine
1878,/PmtRtr/TxInf/OrgnlTxRef/RmtInf/Strd/GrnshmtRmt/Grnshee/Id
1879,/PmtRtr/TxInf/OrgnlTxRef/RmtInf/Strd/GrnshmtRmt/Grnshee/Id/OrgId
1880,/PmtRtr/TxInf/OrgnlTxRef/RmtInf/Strd/GrnshmtRmt/Grnshee/Id/OrgId/AnyBIC
1881,/PmtRtr/TxInf/OrgnlTxRef/RmtInf/Strd/GrnshmtRmt/Grnshee/Id/OrgId/LEI
1882,/PmtRtr/TxInf/OrgnlTxRef/RmtInf/Strd/GrnshmtRmt/Grnshee/Id/OrgId/Othr
1883,/PmtRtr/TxInf/OrgnlTxRef/RmtInf/Strd/GrnshmtRmt/Grnshee/Id/OrgId/Othr/Id
1884,/PmtRtr/TxInf/OrgnlTxRef/RmtInf/Strd/GrnshmtRmt/Grnshee/Id/OrgId/Othr/SchmeNm
1885,/PmtRtr/TxInf/OrgnlTxRef/RmtInf/Strd/GrnshmtRmt/Grnshee/Id/OrgId/Othr/SchmeNm/Cd
1886,/PmtRtr/TxInf/OrgnlTxRef/RmtInf/Strd/GrnshmtRmt/Grnshee/Id/OrgId/Othr/SchmeNm/Prtry
1887,/PmtRtr/TxInf/OrgnlTxRef/RmtInf/Strd/GrnshmtRmt/Grnshee/Id/OrgId/Othr/Issr
1888,/PmtRtr/TxInf/OrgnlTxRef/RmtInf/Strd/GrnshmtRmt/Grnshee/Id/PrvtId
1889,/PmtRtr/TxInf/OrgnlTxRef/RmtInf/Strd/GrnshmtRmt/Grnshee/Id/PrvtId/DtAndPlcOfBirth
1890,/PmtRtr/TxInf/OrgnlTxRef/RmtInf/Strd/GrnshmtRmt/Grnshee/Id/PrvtId/DtAndPlcOfBirth/BirthDt
1891,/PmtRtr/TxInf/OrgnlTxRef/RmtInf/Strd/GrnshmtRmt/Grnshee/Id/PrvtId/DtAndPlcOfBirth/PrvcOfBirth
1892,/PmtRtr/TxInf/OrgnlTxRef/RmtInf/Strd/GrnshmtRmt/Grnshee/Id/PrvtId/DtAndPlcOfBirth/CityOfBirth
1893,/PmtRtr/TxInf/OrgnlTxRef/RmtInf/Strd/GrnshmtRmt/Grnshee/Id/PrvtId/DtAndPlcOfBirth/CtryOfBirth
1894,/PmtRtr/TxInf/OrgnlTxRef/RmtInf/Strd/GrnshmtRmt/Grnshee/Id/PrvtId/Othr
1895,/PmtRtr/TxInf/OrgnlTxRef/RmtInf/Strd/GrnshmtRmt/Grnshee/Id/PrvtId/Othr/Id
1896,/PmtRtr/TxInf/OrgnlTxRef/RmtInf/Strd/GrnshmtRmt/Grnshee/Id/PrvtId/Othr/SchmeNm
1897,/PmtRtr/TxInf/OrgnlTxRef/RmtInf/Strd/GrnshmtRmt/Grnshee/Id/PrvtId/Othr/SchmeNm/Cd
1898,/PmtRtr/TxInf/OrgnlTxRef/RmtInf/Strd/GrnshmtRmt/Grnshee/Id/PrvtId/Othr/SchmeNm/Prtry
1899,/PmtRtr/TxInf/OrgnlTxRef/RmtInf/Strd/GrnshmtRmt/Grnshee/Id/PrvtId/Othr/Issr
1900,/PmtRtr/TxInf/OrgnlTxRef/RmtInf/Strd/GrnshmtRmt/Grnshee/CtryOfRes
1901,/PmtRtr/TxInf/OrgnlTxRef/RmtInf/Strd/GrnshmtRmt/Grnshee/CtctDtls
1902,/PmtRtr/TxInf/OrgnlTxRef/RmtInf/Strd/GrnshmtRmt/GrnshmtAdmstr
1903,/PmtRtr/TxInf/OrgnlTxRef/RmtInf/Strd/GrnshmtRmt/GrnshmtAdmstr/Nm
1904,/PmtRtr/TxInf/OrgnlTxRef/RmtInf/Strd/GrnshmtRmt/GrnshmtAdmstr/PstlAdr
1905,/PmtRtr/TxInf/OrgnlTxRef/RmtInf/Strd/GrnshmtRmt/GrnshmtAdmstr/PstlAdr/AdrTp
1906,/PmtRtr/TxInf/OrgnlTxRef/RmtInf/Strd/GrnshmtRmt/GrnshmtAdmstr/PstlAdr/Dept
1907,/PmtRtr/TxInf/OrgnlTxRef/RmtInf/Strd/GrnshmtRmt/GrnshmtAdmstr/PstlAdr/SubDept
1908,/PmtRtr/TxInf/OrgnlTxRef/RmtInf/Strd/GrnshmtRmt/GrnshmtAdmstr/PstlAdr/StrtNm
1909,/PmtRtr/TxInf/OrgnlTxRef/RmtInf/Strd/GrnshmtRmt/GrnshmtAdmstr/PstlAdr/BldgNb
1910,/PmtRtr/TxInf/OrgnlTxRef/RmtInf/Strd/GrnshmtRmt/GrnshmtAdmstr/PstlAdr/BldgNm
1911,/PmtRtr/TxInf/OrgnlTxRef/RmtInf/Strd/GrnshmtRmt/GrnshmtAdmstr/PstlAdr/Flr
1912,/PmtRtr/TxInf/OrgnlTxRef/RmtInf/Strd/GrnshmtRmt/GrnshmtAdmstr/PstlAdr/PstBx
1913,/PmtRtr/TxInf/OrgnlTxRef/RmtInf/Strd/GrnshmtRmt/GrnshmtAdmstr/PstlAdr/Room
1914,/PmtRtr/TxInf/OrgnlTxRef/RmtInf/Strd/GrnshmtRmt/GrnshmtAdmstr/PstlAdr/PstCd
1915,/PmtRtr/TxInf/OrgnlTxRef/RmtInf/Strd/GrnshmtRmt/GrnshmtAdmstr/PstlAdr/TwnNm
1916,/PmtRtr/TxInf/OrgnlTxRef/RmtInf/Strd/GrnshmtRmt/GrnshmtAdmstr/PstlAdr/TwnLctnNm
1917,/PmtRtr/TxInf/OrgnlTxRef/RmtInf/Strd/GrnshmtRmt/GrnshmtAdmstr/PstlAdr/DstrctNm
1918,/PmtRtr/TxInf/OrgnlTxRef/RmtInf/Strd/GrnshmtRmt/GrnshmtAdmstr/PstlAdr/CtrySubDvsn
1919,/PmtRtr/TxInf/OrgnlTxRef/RmtInf/Strd/GrnshmtRmt/GrnshmtAdmstr/PstlAdr/Ctry
1920,/PmtRtr/TxInf/OrgnlTxRef/RmtInf/Strd/GrnshmtRmt/GrnshmtAdmstr/PstlAdr/AdrLine
1921,/PmtRtr/TxInf/OrgnlTxRef/RmtInf/Strd/GrnshmtRmt/GrnshmtAdmstr/Id
1922,/PmtRtr/TxInf/OrgnlTxRef/RmtInf/Strd/GrnshmtRmt/GrnshmtAdmstr/Id/OrgId
1923,/PmtRtr/TxInf/OrgnlTxRef/RmtInf/Strd/GrnshmtRmt/GrnshmtAdmstr/Id/OrgId/AnyBIC
1924,/PmtRtr/TxInf/OrgnlTxRef/RmtInf/Strd/GrnshmtRmt/GrnshmtAdmstr/Id/OrgId/LEI
1925,/PmtRtr/TxInf/OrgnlTxRef/RmtInf/Strd/GrnshmtRmt/GrnshmtAdmstr/Id/OrgId/Othr
1926,/PmtRtr/TxInf/OrgnlTxRef/RmtInf/Strd/GrnshmtRmt/GrnshmtAdmstr/Id/OrgId/Othr/Id
1927,/PmtRtr/TxInf/OrgnlTxRef/RmtInf/Strd/GrnshmtRmt/GrnshmtAdmstr/Id/OrgId/Othr/SchmeNm
1928,/PmtRtr/TxInf/OrgnlTxRef/RmtInf/Strd/GrnshmtRmt/GrnshmtAdmstr/Id/OrgId/Othr/SchmeNm/Cd
1929,/PmtRtr/TxInf/OrgnlTxRef/RmtInf/Strd/GrnshmtRmt/GrnshmtAdmstr/Id/OrgId/Othr/SchmeNm/Prtry
1930,/PmtRtr/TxInf/OrgnlTxRef/RmtInf/Strd/GrnshmtRmt/GrnshmtAdmstr/Id/OrgId/Othr/Issr
1931,/PmtRtr/TxInf/OrgnlTxRef/RmtInf/Strd/GrnshmtRmt/GrnshmtAdmstr/Id/PrvtId
1932,/PmtRtr/TxInf/OrgnlTxRef/RmtInf/Strd/GrnshmtRmt/GrnshmtAdmstr/Id/PrvtId/DtAndPlcOfBirth
1933,/PmtRtr/TxInf/OrgnlTxRef/RmtInf/Strd/GrnshmtRmt/GrnshmtAdmstr/Id/PrvtId/DtAndPlcOfBirth/BirthDt
1934,/PmtRtr/TxInf/OrgnlTxRef/RmtInf/Strd/GrnshmtRmt/GrnshmtAdmstr/Id/PrvtId/DtAndPlcOfBirth/PrvcOfBirth
1935,/PmtRtr/TxInf/OrgnlTxRef/RmtInf/Strd/GrnshmtRmt/GrnshmtAdmstr/Id/PrvtId/DtAndPlcOfBirth/CityOfBirth
1936,/PmtRtr/TxInf/OrgnlTxRef/RmtInf/Strd/GrnshmtRmt/GrnshmtAdmstr/Id/PrvtId/DtAndPlcOfBirth/CtryOfBirth
1937,/PmtRtr/TxInf/OrgnlTxRef/RmtInf/Strd/GrnshmtRmt/GrnshmtAdmstr/Id/PrvtId/Othr
1938,/PmtRtr/TxInf/OrgnlTxRef/RmtInf/Strd/GrnshmtRmt/GrnshmtAdmstr/Id/PrvtId/Othr/Id
1939,/PmtRtr/TxInf/OrgnlTxRef/RmtInf/Strd/GrnshmtRmt/GrnshmtAdmstr/Id/PrvtId/Othr/SchmeNm
1940,/PmtRtr/TxInf/OrgnlTxRef/RmtInf/Strd/GrnshmtRmt/GrnshmtAdmstr/Id/PrvtId/Othr/SchmeNm/Cd
1941,/PmtRtr/TxInf/OrgnlTxRef/RmtInf/Strd/GrnshmtRmt/GrnshmtAdmstr/Id/PrvtId/Othr/SchmeNm/Prtry
1942,/PmtRtr/TxInf/OrgnlTxRef/RmtInf/Strd/GrnshmtRmt/GrnshmtAdmstr/Id/PrvtId/Othr/Issr
1943,/PmtRtr/TxInf/OrgnlTxRef/RmtInf/Strd/GrnshmtRmt/GrnshmtAdmstr/CtryOfRes
1944,/PmtRtr/TxInf/OrgnlTxRef/RmtInf/Strd/GrnshmtRmt/GrnshmtAdmstr/CtctDtls
1945,/PmtRtr/TxInf/OrgnlTxRef/RmtInf/Strd/GrnshmtRmt/RefNb
1946,/PmtRtr/TxInf/OrgnlTxRef/RmtInf/Strd/GrnshmtRmt/Dt
1947,/PmtRtr/TxInf/OrgnlTxRef/RmtInf/Strd/GrnshmtRmt/RmtdAmt
1948,/PmtRtr/TxInf/OrgnlTxRef/RmtInf/Strd/GrnshmtRmt/RmtdAmt/Ccy
1949,/PmtRtr/TxInf/OrgnlTxRef/RmtInf/Strd/GrnshmtRmt/FmlyMdclInsrncInd
1950,/PmtRtr/TxInf/OrgnlTxRef/RmtInf/Strd/GrnshmtRmt/MplyeeTermntnInd
1951,/PmtRtr/TxInf/OrgnlTxRef/RmtInf/Strd/AddtlRmtInf
1952,/PmtRtr/TxInf/OrgnlTxRef/UltmtDbtr
1953,/PmtRtr/TxInf/OrgnlTxRef/UltmtDbtr/Pty
1954,/PmtRtr/TxInf/OrgnlTxRef/UltmtDbtr/Pty/Nm
1955,/PmtRtr/TxInf/OrgnlTxRef/UltmtDbtr/Pty/PstlAdr
1956,/PmtRtr/TxInf/OrgnlTxRef/UltmtDbtr/Pty/PstlAdr/AdrTp
1957,/PmtRtr/TxInf/OrgnlTxRef/UltmtDbtr/Pty/PstlAdr/Dept
1958,/PmtRtr/TxInf/OrgnlTxRef/UltmtDbtr/Pty/PstlAdr/SubDept
1959,/PmtRtr/TxInf/OrgnlTxRef/UltmtDbtr/Pty/PstlAdr/StrtNm
1960,/PmtRtr/TxInf/OrgnlTxRef/UltmtDbtr/Pty/PstlAdr/BldgNb
1961,/PmtRtr/TxInf/OrgnlTxRef/UltmtDbtr/Pty/PstlAdr/BldgNm
1962,/PmtRtr/TxInf/OrgnlTxRef/UltmtDbtr/Pty/PstlAdr/Flr
1963,/PmtRtr/TxInf/OrgnlTxRef/UltmtDbtr/Pty/PstlAdr/PstBx
1964,/PmtRtr/TxInf/OrgnlTxRef/UltmtDbtr/Pty/PstlAdr/Room
1965,/PmtRtr/TxInf/OrgnlTxRef/UltmtDbtr/Pty/PstlAdr/PstCd
1966,/PmtRtr/TxInf/OrgnlTxRef/UltmtDbtr/Pty/PstlAdr/TwnNm
1967,/PmtRtr/TxInf/OrgnlTxRef/UltmtDbtr/Pty/PstlAdr/TwnLctnNm
1968,/PmtRtr/TxInf/OrgnlTxRef/UltmtDbtr/Pty/PstlAdr/DstrctNm
1969,/PmtRtr/TxInf/OrgnlTxRef/UltmtDbtr/Pty/PstlAdr/CtrySubDvsn
1970,/PmtRtr/TxInf/OrgnlTxRef/UltmtDbtr/Pty/PstlAdr/Ctry
1971,/PmtRtr/TxInf/OrgnlTxRef/UltmtDbtr/Pty/PstlAdr/AdrLine
1972,/PmtRtr/TxInf/OrgnlTxRef/UltmtDbtr/Pty/Id
1973,/PmtRtr/TxInf/OrgnlTxRef/UltmtDbtr/Pty/Id/OrgId
1974,/PmtRtr/TxInf/OrgnlTxRef/UltmtDbtr/Pty/Id/OrgId/AnyBIC
1975,/PmtRtr/TxInf/OrgnlTxRef/UltmtDbtr/Pty/Id/OrgId/LEI
1976,/PmtRtr/TxInf/OrgnlTxRef/UltmtDbtr/Pty/Id/OrgId/Othr
1977,/PmtRtr/TxInf/OrgnlTxRef/UltmtDbtr/Pty/Id/OrgId/Othr/Id
1978,/PmtRtr/TxInf/OrgnlTxRef/UltmtDbtr/Pty/Id/OrgId/Othr/SchmeNm
1979,/PmtRtr/TxInf/OrgnlTxRef/UltmtDbtr/Pty/Id/OrgId/Othr/SchmeNm/Cd
1980,/PmtRtr/TxInf/OrgnlTxRef/UltmtDbtr/Pty/Id/OrgId/Othr/SchmeNm/Prtry
1981,/PmtRtr/TxInf/OrgnlTxRef/UltmtDbtr/Pty/Id/OrgId/Othr/Issr
1982,/PmtRtr/TxInf/OrgnlTxRef/UltmtDbtr/Pty/Id/PrvtId
1983,/PmtRtr/TxInf/OrgnlTxRef/UltmtDbtr/Pty/Id/PrvtId/DtAndPlcOfBirth
1984,/PmtRtr/TxInf/OrgnlTxRef/UltmtDbtr/Pty/Id/PrvtId/DtAndPlcOfBirth/BirthDt
1985,/PmtRtr/TxInf/OrgnlTxRef/UltmtDbtr/Pty/Id/PrvtId/DtAndPlcOfBirth/PrvcOfBirth
1986,/PmtRtr/TxInf/OrgnlTxRef/UltmtDbtr/Pty/Id/PrvtId/DtAndPlcOfBirth/CityOfBirth
1987,/PmtRtr/TxInf/OrgnlTxRef/UltmtDbtr/Pty/Id/PrvtId/DtAndPlcOfBirth/CtryOfBirth
1988,/PmtRtr/TxInf/OrgnlTxRef/UltmtDbtr/Pty/Id/PrvtId/Othr
1989,/PmtRtr/TxInf/OrgnlTxRef/UltmtDbtr/Pty/Id/PrvtId/Othr/Id
1990,/PmtRtr/TxInf/OrgnlTxRef/UltmtDbtr/Pty/Id/PrvtId/Othr/SchmeNm
1991,/PmtRtr/TxInf/OrgnlTxRef/UltmtDbtr/Pty/Id/PrvtId/Othr/SchmeNm/Cd
1992,/PmtRtr/TxInf/OrgnlTxRef/UltmtDbtr/Pty/Id/PrvtId/Othr/SchmeNm/Prtry
1993,/PmtRtr/TxInf/OrgnlTxRef/UltmtDbtr/Pty/Id/PrvtId/Othr/Issr
1994,/PmtRtr/TxInf/OrgnlTxRef/UltmtDbtr/Pty/CtryOfRes
1995,/PmtRtr/TxInf/OrgnlTxRef/UltmtDbtr/Pty/CtctDtls
1996,/PmtRtr/TxInf/OrgnlTxRef/UltmtDbtr/Agt
1997,/PmtRtr/TxInf/OrgnlTxRef/Dbtr
1998,/PmtRtr/TxInf/OrgnlTxRef/Dbtr/Pty
1999,/PmtRtr/TxInf/OrgnlTxRef/Dbtr/Pty/Nm
2000,/PmtRtr/TxInf/OrgnlTxRef/Dbtr/Pty/PstlAdr
2001,/PmtRtr/TxInf/OrgnlTxRef/Dbtr/Pty/PstlAdr/AdrTp
2002,/PmtRtr/TxInf/OrgnlTxRef/Dbtr/Pty/PstlAdr/Dept
2003,/PmtRtr/TxInf/OrgnlTxRef/Dbtr/Pty/PstlAdr/SubDept
2004,/PmtRtr/TxInf/OrgnlTxRef/Dbtr/Pty/PstlAdr/StrtNm
2005,/PmtRtr/TxInf/OrgnlTxRef/Dbtr/Pty/PstlAdr/BldgNb
2006,/PmtRtr/TxInf/OrgnlTxRef/Dbtr/Pty/PstlAdr/BldgNm
2007,/PmtRtr/TxInf/OrgnlTxRef/Dbtr/Pty/PstlAdr/Flr
2008,/PmtRtr/TxInf/OrgnlTxRef/Dbtr/Pty/PstlAdr/PstBx
2009,/PmtRtr/TxInf/OrgnlTxRef/Dbtr/Pty/PstlAdr/Room
2010,/PmtRtr/TxInf/OrgnlTxRef/Dbtr/Pty/PstlAdr/PstCd
2011,/PmtRtr/TxInf/OrgnlTxRef/Dbtr/Pty/PstlAdr/TwnNm
2012,/PmtRtr/TxInf/OrgnlTxRef/Dbtr/Pty/PstlAdr/TwnLctnNm
2013,/PmtRtr/TxInf/OrgnlTxRef/Dbtr/Pty/PstlAdr/DstrctNm
2014,/PmtRtr/TxInf/OrgnlTxRef/Dbtr/Pty/PstlAdr/CtrySubDvsn
2015,/PmtRtr/TxInf/OrgnlTxRef/Dbtr/Pty/PstlAdr/Ctry
2016,/PmtRtr/TxInf/OrgnlTxRef/Dbtr/Pty/PstlAdr/AdrLine
2017,/PmtRtr/TxInf/OrgnlTxRef/Dbtr/Pty/Id
2018,/PmtRtr/TxInf/OrgnlTxRef/Dbtr/Pty/Id/OrgId
2019,/PmtRtr/TxInf/OrgnlTxRef/Dbtr/Pty/Id/OrgId/AnyBIC
2020,/PmtRtr/TxInf/OrgnlTxRef/Dbtr/Pty/Id/OrgId/LEI
2021,/PmtRtr/TxInf/OrgnlTxRef/Dbtr/Pty/Id/OrgId/Othr
2022,/PmtRtr/TxInf/OrgnlTxRef/Dbtr/Pty/Id/OrgId/Othr/Id
2023,/PmtRtr/TxInf/OrgnlTxRef/Dbtr/Pty/Id/OrgId/Othr/SchmeNm
2024,/PmtRtr/TxInf/OrgnlTxRef/Dbtr/Pty/Id/OrgId/Othr/SchmeNm/Cd
2025,/PmtRtr/TxInf/OrgnlTxRef/Dbtr/Pty/Id/OrgId/Othr/SchmeNm/Prtry
2026,/PmtRtr/TxInf/OrgnlTxRef/Dbtr/Pty/Id/OrgId/Othr/Issr
2027,/PmtRtr/TxInf/OrgnlTxRef/Dbtr/Pty/Id/PrvtId
2028,/PmtRtr/TxInf/OrgnlTxRef/Dbtr/Pty/Id/PrvtId/DtAndPlcOfBirth
2029,/PmtRtr/TxInf/OrgnlTxRef/Dbtr/Pty/Id/PrvtId/DtAndPlcOfBirth/BirthDt
2030,/PmtRtr/TxInf/OrgnlTxRef/Dbtr/Pty/Id/PrvtId/DtAndPlcOfBirth/PrvcOfBirth
2031,/PmtRtr/TxInf/OrgnlTxRef/Dbtr/Pty/Id/PrvtId/DtAndPlcOfBirth/CityOfBirth
2032,/PmtRtr/TxInf/OrgnlTxRef/Dbtr/Pty/Id/PrvtId/DtAndPlcOfBirth/CtryOfBirth
2033,/PmtRtr/TxInf/OrgnlTxRef/Dbtr/Pty/Id/PrvtId/Othr
2034,/PmtRtr/TxInf/OrgnlTxRef/Dbtr/Pty/Id/PrvtId/Othr/Id
2035,/PmtRtr/TxInf/OrgnlTxRef/Dbtr/Pty/Id/PrvtId/Othr/SchmeNm
2036,/PmtRtr/TxInf/OrgnlTxRef/Dbtr/Pty/Id/PrvtId/Othr/SchmeNm/Cd
2037,/PmtRtr/TxInf/OrgnlTxRef/Dbtr/Pty/Id/PrvtId/Othr/SchmeNm/Prtry
2038,/PmtRtr/TxInf/OrgnlTxRef/Dbtr/Pty/Id/PrvtId/Othr/Issr
2039,/PmtRtr/TxInf/OrgnlTxRef/Dbtr/Pty/CtryOfRes
2040,/PmtRtr/TxInf/OrgnlTxRef/Dbtr/Pty/CtctDtls
2041,/PmtRtr/TxInf/OrgnlTxRef/Dbtr/Agt
2042,/PmtRtr/TxInf/OrgnlTxRef/Dbtr/Agt/FinInstnId
2043,/PmtRtr/TxInf/OrgnlTxRef/Dbtr/Agt/FinInstnId/BICFI
2044,/PmtRtr/TxInf/OrgnlTxRef/Dbtr/Agt/FinInstnId/ClrSysMmbId
2045,/PmtRtr/TxInf/OrgnlTxRef/Dbtr/Agt/FinInstnId/ClrSysMmbId/ClrSysId
2046,/PmtRtr/TxInf/OrgnlTxRef/Dbtr/Agt/FinInstnId/ClrSysMmbId/ClrSysId/Cd
2047,/PmtRtr/TxInf/OrgnlTxRef/Dbtr/Agt/FinInstnId/ClrSysMmbId/ClrSysId/Prtry
2048,/PmtRtr/TxInf/OrgnlTxRef/Dbtr/Agt/FinInstnId/ClrSysMmbId/MmbId
2049,/PmtRtr/TxInf/OrgnlTxRef/Dbtr/Agt/FinInstnId/LEI
2050,/PmtRtr/TxInf/OrgnlTxRef/Dbtr/Agt/FinInstnId/Nm
2051,/PmtRtr/TxInf/OrgnlTxRef/Dbtr/Agt/FinInstnId/PstlAdr
2052,/PmtRtr/TxInf/OrgnlTxRef/Dbtr/Agt/FinInstnId/PstlAdr/AdrTp
2053,/PmtRtr/TxInf/OrgnlTxRef/Dbtr/Agt/FinInstnId/PstlAdr/Dept
2054,/PmtRtr/TxInf/OrgnlTxRef/Dbtr/Agt/FinInstnId/PstlAdr/SubDept
2055,/PmtRtr/TxInf/OrgnlTxRef/Dbtr/Agt/FinInstnId/PstlAdr/StrtNm
2056,/PmtRtr/TxInf/OrgnlTxRef/Dbtr/Agt/FinInstnId/PstlAdr/BldgNb
2057,/PmtRtr/TxInf/OrgnlTxRef/Dbtr/Agt/FinInstnId/PstlAdr/BldgNm
2058,/PmtRtr/TxInf/OrgnlTxRef/Dbtr/Agt/FinInstnId/PstlAdr/Flr
2059,/PmtRtr/TxInf/OrgnlTxRef/Dbtr/Agt/FinInstnId/PstlAdr/PstBx
2060,/PmtRtr/TxInf/OrgnlTxRef/Dbtr/Agt/FinInstnId/PstlAdr/Room
2061,/PmtRtr/TxInf/OrgnlTxRef/Dbtr/Agt/FinInstnId/PstlAdr/PstCd
2062,/PmtRtr/TxInf/OrgnlTxRef/Dbtr/Agt/FinInstnId/PstlAdr/TwnNm
2063,/PmtRtr/TxInf/OrgnlTxRef/Dbtr/Agt/FinInstnId/PstlAdr/TwnLctnNm
2064,/PmtRtr/TxInf/OrgnlTxRef/Dbtr/Agt/FinInstnId/PstlAdr/DstrctNm
2065,/PmtRtr/TxInf/OrgnlTxRef/Dbtr/Agt/FinInstnId/PstlAdr/CtrySubDvsn
2066,/PmtRtr/TxInf/OrgnlTxRef/Dbtr/Agt/FinInstnId/PstlAdr/Ctry
2067,/PmtRtr/TxInf/OrgnlTxRef/Dbtr/Agt/FinInstnId/PstlAdr/AdrLine
2068,/PmtRtr/TxInf/OrgnlTxRef/Dbtr/Agt/FinInstnId/Othr
2069,/PmtRtr/TxInf/OrgnlTxRef/Dbtr/Agt/FinInstnId/Othr/Id
2070,/PmtRtr/TxInf/OrgnlTxRef/Dbtr/Agt/FinInstnId/Othr/SchmeNm
2071,/PmtRtr/TxInf/OrgnlTxRef/Dbtr/Agt/FinInstnId/Othr/SchmeNm/Cd
2072,/PmtRtr/TxInf/OrgnlTxRef/Dbtr/Agt/FinInstnId/Othr/SchmeNm/Prtry
2073,/PmtRtr/TxInf/OrgnlTxRef/Dbtr/Agt/FinInstnId/Othr/Issr
2074,/PmtRtr/TxInf/OrgnlTxRef/Dbtr/Agt/BrnchId
2075,/PmtRtr/TxInf/OrgnlTxRef/DbtrAcct
2076,/PmtRtr/TxInf/OrgnlTxRef/DbtrAcct/Id
2077,/PmtRtr/TxInf/OrgnlTxRef/DbtrAcct/Id/IBAN
2078,/PmtRtr/TxInf/OrgnlTxRef/DbtrAcct/Id/Othr
2079,/PmtRtr/TxInf/OrgnlTxRef/DbtrAcct/Id/Othr/Id
2080,/PmtRtr/TxInf/OrgnlTxRef/DbtrAcct/Id/Othr/SchmeNm
2081,/PmtRtr/TxInf/OrgnlTxRef/DbtrAcct/Id/Othr/SchmeNm/Cd
2082,/PmtRtr/TxInf/OrgnlTxRef/DbtrAcct/Id/Othr/SchmeNm/Prtry
2083,/PmtRtr/TxInf/OrgnlTxRef/DbtrAcct/Id/Othr/Issr
2084,/PmtRtr/TxInf/OrgnlTxRef/DbtrAcct/Tp
2085,/PmtRtr/TxInf/OrgnlTxRef/DbtrAcct/Tp/Cd
2086,/PmtRtr/TxInf/OrgnlTxRef/DbtrAcct/Tp/Prtry
2087,/PmtRtr/TxInf/OrgnlTxRef/DbtrAcct/Ccy
2088,/PmtRtr/TxInf/OrgnlTxRef/DbtrAcct/Nm
2089,/PmtRtr/TxInf/OrgnlTxRef/DbtrAcct/Prxy
2090,/PmtRtr/TxInf/OrgnlTxRef/DbtrAcct/Prxy/Tp
2091,/PmtRtr/TxInf/OrgnlTxRef/DbtrAcct/Prxy/Tp/Cd
2092,/PmtRtr/TxInf/OrgnlTxRef/DbtrAcct/Prxy/Tp/Prtry
2093,/PmtRtr/TxInf/OrgnlTxRef/DbtrAcct/Prxy/Id
2094,/PmtRtr/TxInf/OrgnlTxRef/DbtrAgt
2095,/PmtRtr/TxInf/OrgnlTxRef/DbtrAgt/FinInstnId
2096,/PmtRtr/TxInf/OrgnlTxRef/DbtrAgt/FinInstnId/BICFI
2097,/PmtRtr/TxInf/OrgnlTxRef/DbtrAgt/FinInstnId/ClrSysMmbId
2098,/PmtRtr/TxInf/OrgnlTxRef/DbtrAgt/FinInstnId/ClrSysMmbId/ClrSysId
2099,/PmtRtr/TxInf/OrgnlTxRef/DbtrAgt/FinInstnId/ClrSysMmbId/ClrSysId/Cd
2100,/PmtRtr/TxInf/OrgnlTxRef/DbtrAgt/FinInstnId/ClrSysMmbId/ClrSysId/Prtry
2101,/PmtRtr/TxInf/OrgnlTxRef/DbtrAgt/FinInstnId/ClrSysMmbId/MmbId
2102,/PmtRtr/TxInf/OrgnlTxRef/DbtrAgt/FinInstnId/LEI
2103,/PmtRtr/TxInf/OrgnlTxRef/DbtrAgt/FinInstnId/Nm
2104,/PmtRtr/TxInf/OrgnlTxRef/DbtrAgt/FinInstnId/PstlAdr
2105,/PmtRtr/TxInf/OrgnlTxRef/DbtrAgt/FinInstnId/PstlAdr/AdrTp
2106,/PmtRtr/TxInf/OrgnlTxRef/DbtrAgt/FinInstnId/PstlAdr/Dept
2107,/PmtRtr/TxInf/OrgnlTxRef/DbtrAgt/FinInstnId/PstlAdr/SubDept
2108,/PmtRtr/TxInf/OrgnlTxRef/DbtrAgt/FinInstnId/PstlAdr/StrtNm
2109,/PmtRtr/TxInf/OrgnlTxRef/DbtrAgt/FinInstnId/PstlAdr/BldgNb
2110,/PmtRtr/TxInf/OrgnlTxRef/DbtrAgt/FinInstnId/PstlAdr/BldgNm
2111,/PmtRtr/TxInf/OrgnlTxRef/DbtrAgt/FinInstnId/PstlAdr/Flr
2112,/PmtRtr/TxInf/OrgnlTxRef/DbtrAgt/FinInstnId/PstlAdr/PstBx
2113,/PmtRtr/TxInf/OrgnlTxRef/DbtrAgt/FinInstnId/PstlAdr/Room
2114,/PmtRtr/TxInf/OrgnlTxRef/DbtrAgt/FinInstnId/PstlAdr/PstCd
2115,/PmtRtr/TxInf/OrgnlTxRef/DbtrAgt/FinInstnId/PstlAdr/TwnNm
2116,/PmtRtr/TxInf/OrgnlTxRef/DbtrAgt/FinInstnId/PstlAdr/TwnLctnNm
2117,/PmtRtr/TxInf/OrgnlTxRef/DbtrAgt/FinInstnId/PstlAdr/DstrctNm
2118,/PmtRtr/TxInf/OrgnlTxRef/DbtrAgt/FinInstnId/PstlAdr/CtrySubDvsn
2119,/PmtRtr/TxInf/OrgnlTxRef/DbtrAgt/FinInstnId/PstlAdr/Ctry
2120,/PmtRtr/TxInf/OrgnlTxRef/DbtrAgt/FinInstnId/PstlAdr/AdrLine
2121,/PmtRtr/TxInf/OrgnlTxRef/DbtrAgt/FinInstnId/Othr
2122,/PmtRtr/TxInf/OrgnlTxRef/DbtrAgt/BrnchId
2123,/PmtRtr/TxInf/OrgnlTxRef/DbtrAgtAcct
2124,/PmtRtr/TxInf/OrgnlTxRef/DbtrAgtAcct/Id
2125,/PmtRtr/TxInf/OrgnlTxRef/DbtrAgtAcct/Id/IBAN
2126,/PmtRtr/TxInf/OrgnlTxRef/DbtrAgtAcct/Id/Othr
2127,/PmtRtr/TxInf/OrgnlTxRef/DbtrAgtAcct/Id/Othr/Id
2128,/PmtRtr/TxInf/OrgnlTxRef/DbtrAgtAcct/Id/Othr/SchmeNm
2129,/PmtRtr/TxInf/OrgnlTxRef/DbtrAgtAcct/Id/Othr/SchmeNm/Cd
2130,/PmtRtr/TxInf/OrgnlTxRef/DbtrAgtAcct/Id/Othr/SchmeNm/Prtry
2131,/PmtRtr/TxInf/OrgnlTxRef/DbtrAgtAcct/Id/Othr/Issr
2132,/PmtRtr/TxInf/OrgnlTxRef/DbtrAgtAcct/Tp
2133,/PmtRtr/TxInf/OrgnlTxRef/DbtrAgtAcct/Tp/Cd
2134,/PmtRtr/TxInf/OrgnlTxRef/DbtrAgtAcct/Tp/Prtry
2135,/PmtRtr/TxInf/OrgnlTxRef/DbtrAgtAcct/Ccy
2136,/PmtRtr/TxInf/OrgnlTxRef/DbtrAgtAcct/Nm
2137,/PmtRtr/TxInf/OrgnlTxRef/DbtrAgtAcct/Prxy
2138,/PmtRtr/TxInf/OrgnlTxRef/DbtrAgtAcct/Prxy/Tp
2139,/PmtRtr/TxInf/OrgnlTxRef/DbtrAgtAcct/Prxy/Tp/Cd
2140,/PmtRtr/TxInf/OrgnlTxRef/DbtrAgtAcct/Prxy/Tp/Prtry
2141,/PmtRtr/TxInf/OrgnlTxRef/DbtrAgtAcct/Prxy/Id
2142,/PmtRtr/TxInf/OrgnlTxRef/CdtrAgt
2143,/PmtRtr/TxInf/OrgnlTxRef/CdtrAgt/FinInstnId
2144,/PmtRtr/TxInf/OrgnlTxRef/CdtrAgt/FinInstnId/BICFI
2145,/PmtRtr/TxInf/OrgnlTxRef/CdtrAgt/FinInstnId/ClrSysMmbId
2146,/PmtRtr/TxInf/OrgnlTxRef/CdtrAgt/FinInstnId/ClrSysMmbId/ClrSysId
2147,/PmtRtr/TxInf/OrgnlTxRef/CdtrAgt/FinInstnId/ClrSysMmbId/ClrSysId/Cd
2148,/PmtRtr/TxInf/OrgnlTxRef/CdtrAgt/FinInstnId/ClrSysMmbId/ClrSysId/Prtry
2149,/PmtRtr/TxInf/OrgnlTxRef/CdtrAgt/FinInstnId/ClrSysMmbId/MmbId
2150,/PmtRtr/TxInf/OrgnlTxRef/CdtrAgt/FinInstnId/LEI
2151,/PmtRtr/TxInf/OrgnlTxRef/CdtrAgt/FinInstnId/Nm
2152,/PmtRtr/TxInf/OrgnlTxRef/CdtrAgt/FinInstnId/PstlAdr
2153,/PmtRtr/TxInf/OrgnlTxRef/CdtrAgt/FinInstnId/PstlAdr/AdrTp
2154,/PmtRtr/TxInf/OrgnlTxRef/CdtrAgt/FinInstnId/PstlAdr/Dept
2155,/PmtRtr/TxInf/OrgnlTxRef/CdtrAgt/FinInstnId/PstlAdr/SubDept
2156,/PmtRtr/TxInf/OrgnlTxRef/CdtrAgt/FinInstnId/PstlAdr/StrtNm
2157,/PmtRtr/TxInf/OrgnlTxRef/CdtrAgt/FinInstnId/PstlAdr/BldgNb
2158,/PmtRtr/TxInf/OrgnlTxRef/CdtrAgt/FinInstnId/PstlAdr/BldgNm
2159,/PmtRtr/TxInf/OrgnlTxRef/CdtrAgt/FinInstnId/PstlAdr/Flr
2160,/PmtRtr/TxInf/OrgnlTxRef/CdtrAgt/FinInstnId/PstlAdr/PstBx
2161,/PmtRtr/TxInf/OrgnlTxRef/CdtrAgt/FinInstnId/PstlAdr/Room
2162,/PmtRtr/TxInf/OrgnlTxRef/CdtrAgt/FinInstnId/PstlAdr/PstCd
2163,/PmtRtr/TxInf/OrgnlTxRef/CdtrAgt/FinInstnId/PstlAdr/TwnNm
2164,/PmtRtr/TxInf/OrgnlTxRef/CdtrAgt/FinInstnId/PstlAdr/TwnLctnNm
2165,/PmtRtr/TxInf/OrgnlTxRef/CdtrAgt/FinInstnId/PstlAdr/DstrctNm
2166,/PmtRtr/TxInf/OrgnlTxRef/CdtrAgt/FinInstnId/PstlAdr/CtrySubDvsn
2167,/PmtRtr/TxInf/OrgnlTxRef/CdtrAgt/FinInstnId/PstlAdr/Ctry
2168,/PmtRtr/TxInf/OrgnlTxRef/CdtrAgt/FinInstnId/PstlAdr/AdrLine
2169,/PmtRtr/TxInf/OrgnlTxRef/CdtrAgt/FinInstnId/Othr
2170,/PmtRtr/TxInf/OrgnlTxRef/CdtrAgt/BrnchId
2171,/PmtRtr/TxInf/OrgnlTxRef/CdtrAgt/BrnchId/Id
2172,/PmtRtr/TxInf/OrgnlTxRef/CdtrAgt/BrnchId/LEI
2173,/PmtRtr/TxInf/OrgnlTxRef/CdtrAgt/BrnchId/Nm
2174,/PmtRtr/TxInf/OrgnlTxRef/CdtrAgt/BrnchId/PstlAdr
2175,/PmtRtr/TxInf/OrgnlTxRef/CdtrAgtAcct
2176,/PmtRtr/TxInf/OrgnlTxRef/CdtrAgtAcct/Id
2177,/PmtRtr/TxInf/OrgnlTxRef/CdtrAgtAcct/Id/IBAN
2178,/PmtRtr/TxInf/OrgnlTxRef/CdtrAgtAcct/Id/Othr
2179,/PmtRtr/TxInf/OrgnlTxRef/CdtrAgtAcct/Id/Othr/Id
2180,/PmtRtr/TxInf/OrgnlTxRef/CdtrAgtAcct/Id/Othr/SchmeNm
2181,/PmtRtr/TxInf/OrgnlTxRef/CdtrAgtAcct/Id/Othr/SchmeNm/Cd
2182,/PmtRtr/TxInf/OrgnlTxRef/CdtrAgtAcct/Id/Othr/SchmeNm/Prtry
2183,/PmtRtr/TxInf/OrgnlTxRef/CdtrAgtAcct/Id/Othr/Issr
2184,/PmtRtr/TxInf/OrgnlTxRef/CdtrAgtAcct/Tp
2185,/PmtRtr/TxInf/OrgnlTxRef/CdtrAgtAcct/Tp/Cd
2186,/PmtRtr/TxInf/OrgnlTxRef/CdtrAgtAcct/Tp/Prtry
2187,/PmtRtr/TxInf/OrgnlTxRef/CdtrAgtAcct/Ccy
2188,/PmtRtr/TxInf/OrgnlTxRef/CdtrAgtAcct/Nm
2189,/PmtRtr/TxInf/OrgnlTxRef/CdtrAgtAcct/Prxy
2190,/PmtRtr/TxInf/OrgnlTxRef/CdtrAgtAcct/Prxy/Tp
2191,/PmtRtr/TxInf/OrgnlTxRef/CdtrAgtAcct/Prxy/Tp/Cd
2192,/PmtRtr/TxInf/OrgnlTxRef/CdtrAgtAcct/Prxy/Tp/Prtry
2193,/PmtRtr/TxInf/OrgnlTxRef/CdtrAgtAcct/Prxy/Id
2194,/PmtRtr/TxInf/OrgnlTxRef/Cdtr
2195,/PmtRtr/TxInf/OrgnlTxRef/Cdtr/Pty
2196,/PmtRtr/TxInf/OrgnlTxRef/Cdtr/Pty/Nm
2197,/PmtRtr/TxInf/OrgnlTxRef/Cdtr/Pty/PstlAdr
2198,/PmtRtr/TxInf/OrgnlTxRef/Cdtr/Pty/PstlAdr/AdrTp
2199,/PmtRtr/TxInf/OrgnlTxRef/Cdtr/Pty/PstlAdr/Dept
2200,/PmtRtr/TxInf/OrgnlTxRef/Cdtr/Pty/PstlAdr/SubDept
2201,/PmtRtr/TxInf/OrgnlTxRef/Cdtr/Pty/PstlAdr/StrtNm
2202,/PmtRtr/TxInf/OrgnlTxRef/Cdtr/Pty/PstlAdr/BldgNb
2203,/PmtRtr/TxInf/OrgnlTxRef/Cdtr/Pty/PstlAdr/BldgNm
2204,/PmtRtr/TxInf/OrgnlTxRef/Cdtr/Pty/PstlAdr/Flr
2205,/PmtRtr/TxInf/OrgnlTxRef/Cdtr/Pty/PstlAdr/PstBx
2206,/PmtRtr/TxInf/OrgnlTxRef/Cdtr/Pty/PstlAdr/Room
2207,/PmtRtr/TxInf/OrgnlTxRef/Cdtr/Pty/PstlAdr/PstCd
2208,/PmtRtr/TxInf/OrgnlTxRef/Cdtr/Pty/PstlAdr/TwnNm
2209,/PmtRtr/TxInf/OrgnlTxRef/Cdtr/Pty/PstlAdr/TwnLctnNm
2210,/PmtRtr/TxInf/OrgnlTxRef/Cdtr/Pty/PstlAdr/DstrctNm
2211,/PmtRtr/TxInf/OrgnlTxRef/Cdtr/Pty/PstlAdr/CtrySubDvsn
2212,/PmtRtr/TxInf/OrgnlTxRef/Cdtr/Pty/PstlAdr/Ctry
2213,/PmtRtr/TxInf/OrgnlTxRef/Cdtr/Pty/PstlAdr/AdrLine
2214,/PmtRtr/TxInf/OrgnlTxRef/Cdtr/Pty/Id
2215,/PmtRtr/TxInf/OrgnlTxRef/Cdtr/Pty/Id/OrgId
2216,/PmtRtr/TxInf/OrgnlTxRef/Cdtr/Pty/Id/OrgId/AnyBIC
2217,/PmtRtr/TxInf/OrgnlTxRef/Cdtr/Pty/Id/OrgId/LEI
2218,/PmtRtr/TxInf/OrgnlTxRef/Cdtr/Pty/Id/OrgId/Othr
2219,/PmtRtr/TxInf/OrgnlTxRef/Cdtr/Pty/Id/OrgId/Othr/Id
2220,/PmtRtr/TxInf/OrgnlTxRef/Cdtr/Pty/Id/OrgId/Othr/SchmeNm
2221,/PmtRtr/TxInf/OrgnlTxRef/Cdtr/Pty/Id/OrgId/Othr/SchmeNm/Cd
2222,/PmtRtr/TxInf/OrgnlTxRef/Cdtr/Pty/Id/OrgId/Othr/SchmeNm/Prtry
2223,/PmtRtr/TxInf/OrgnlTxRef/Cdtr/Pty/Id/OrgId/Othr/Issr
2224,/PmtRtr/TxInf/OrgnlTxRef/Cdtr/Pty/Id/PrvtId
2225,/PmtRtr/TxInf/OrgnlTxRef/Cdtr/Pty/Id/PrvtId/DtAndPlcOfBirth
2226,/PmtRtr/TxInf/OrgnlTxRef/Cdtr/Pty/Id/PrvtId/DtAndPlcOfBirth/BirthDt
2227,/PmtRtr/TxInf/OrgnlTxRef/Cdtr/Pty/Id/PrvtId/DtAndPlcOfBirth/PrvcOfBirth
2228,/PmtRtr/TxInf/OrgnlTxRef/Cdtr/Pty/Id/PrvtId/DtAndPlcOfBirth/CityOfBirth
2229,/PmtRtr/TxInf/OrgnlTxRef/Cdtr/Pty/Id/PrvtId/DtAndPlcOfBirth/CtryOfBirth
2230,/PmtRtr/TxInf/OrgnlTxRef/Cdtr/Pty/Id/PrvtId/Othr
2231,/PmtRtr/TxInf/OrgnlTxRef/Cdtr/Pty/Id/PrvtId/Othr/Id
2232,/PmtRtr/TxInf/OrgnlTxRef/Cdtr/Pty/Id/PrvtId/Othr/SchmeNm
2233,/PmtRtr/TxInf/OrgnlTxRef/Cdtr/Pty/Id/PrvtId/Othr/SchmeNm/Cd
2234,/PmtRtr/TxInf/OrgnlTxRef/Cdtr/Pty/Id/PrvtId/Othr/SchmeNm/Prtry
2235,/PmtRtr/TxInf/OrgnlTxRef/Cdtr/Pty/Id/PrvtId/Othr/Issr
2236,/PmtRtr/TxInf/OrgnlTxRef/Cdtr/Pty/CtryOfRes
2237,/PmtRtr/TxInf/OrgnlTxRef/Cdtr/Pty/CtctDtls
2238,/PmtRtr/TxInf/OrgnlTxRef/Cdtr/Agt
2239,/PmtRtr/TxInf/OrgnlTxRef/Cdtr/Agt/FinInstnId
2240,/PmtRtr/TxInf/OrgnlTxRef/Cdtr/Agt/FinInstnId/BICFI
2241,/PmtRtr/TxInf/OrgnlTxRef/Cdtr/Agt/FinInstnId/ClrSysMmbId
2242,/PmtRtr/TxInf/OrgnlTxRef/Cdtr/Agt/FinInstnId/ClrSysMmbId/ClrSysId
2243,/PmtRtr/TxInf/OrgnlTxRef/Cdtr/Agt/FinInstnId/ClrSysMmbId/ClrSysId/Cd
2244,/PmtRtr/TxInf/OrgnlTxRef/Cdtr/Agt/FinInstnId/ClrSysMmbId/ClrSysId/Prtry
2245,/PmtRtr/TxInf/OrgnlTxRef/Cdtr/Agt/FinInstnId/ClrSysMmbId/MmbId
2246,/PmtRtr/TxInf/OrgnlTxRef/Cdtr/Agt/FinInstnId/LEI
2247,/PmtRtr/TxInf/OrgnlTxRef/Cdtr/Agt/FinInstnId/Nm
2248,/PmtRtr/TxInf/OrgnlTxRef/Cdtr/Agt/FinInstnId/PstlAdr
2249,/PmtRtr/TxInf/OrgnlTxRef/Cdtr/Agt/FinInstnId/PstlAdr/AdrTp
2250,/PmtRtr/TxInf/OrgnlTxRef/Cdtr/Agt/FinInstnId/PstlAdr/Dept
2251,/PmtRtr/TxInf/OrgnlTxRef/Cdtr/Agt/FinInstnId/PstlAdr/SubDept
2252,/PmtRtr/TxInf/OrgnlTxRef/Cdtr/Agt/FinInstnId/PstlAdr/StrtNm
2253,/PmtRtr/TxInf/OrgnlTxRef/Cdtr/Agt/FinInstnId/PstlAdr/BldgNb
2254,/PmtRtr/TxInf/OrgnlTxRef/Cdtr/Agt/FinInstnId/PstlAdr/BldgNm
2255,/PmtRtr/TxInf/OrgnlTxRef/Cdtr/Agt/FinInstnId/PstlAdr/Flr
2256,/PmtRtr/TxInf/OrgnlTxRef/Cdtr/Agt/FinInstnId/PstlAdr/PstBx
2257,/PmtRtr/TxInf/OrgnlTxRef/Cdtr/Agt/FinInstnId/PstlAdr/Room
2258,/PmtRtr/TxInf/OrgnlTxRef/Cdtr/Agt/FinInstnId/PstlAdr/PstCd
2259,/PmtRtr/TxInf/OrgnlTxRef/Cdtr/Agt/FinInstnId/PstlAdr/TwnNm
2260,/PmtRtr/TxInf/OrgnlTxRef/Cdtr/Agt/FinInstnId/PstlAdr/TwnLctnNm
2261,/PmtRtr/TxInf/OrgnlTxRef/Cdtr/Agt/FinInstnId/PstlAdr/DstrctNm
2262,/PmtRtr/TxInf/OrgnlTxRef/Cdtr/Agt/FinInstnId/PstlAdr/CtrySubDvsn
2263,/PmtRtr/TxInf/OrgnlTxRef/Cdtr/Agt/FinInstnId/PstlAdr/Ctry
2264,/PmtRtr/TxInf/OrgnlTxRef/Cdtr/Agt/FinInstnId/PstlAdr/AdrLine
2265,/PmtRtr/TxInf/OrgnlTxRef/Cdtr/Agt/FinInstnId/Othr
2266,/PmtRtr/TxInf/OrgnlTxRef/Cdtr/Agt/FinInstnId/Othr/Id
2267,/PmtRtr/TxInf/OrgnlTxRef/Cdtr/Agt/FinInstnId/Othr/SchmeNm
2268,/PmtRtr/TxInf/OrgnlTxRef/Cdtr/Agt/FinInstnId/Othr/SchmeNm/Cd
2269,/PmtRtr/TxInf/OrgnlTxRef/Cdtr/Agt/FinInstnId/Othr/SchmeNm/Prtry
2270,/PmtRtr/TxInf/OrgnlTxRef/Cdtr/Agt/FinInstnId/Othr/Issr
2271,/PmtRtr/TxInf/OrgnlTxRef/Cdtr/Agt/BrnchId
2272,/PmtRtr/TxInf/OrgnlTxRef/CdtrAcct
2273,/PmtRtr/TxInf/OrgnlTxRef/CdtrAcct/Id
2274,/PmtRtr/TxInf/OrgnlTxRef/CdtrAcct/Id/IBAN
2275,/PmtRtr/TxInf/OrgnlTxRef/CdtrAcct/Id/Othr
2276,/PmtRtr/TxInf/OrgnlTxRef/CdtrAcct/Id/Othr/Id
2277,/PmtRtr/TxInf/OrgnlTxRef/CdtrAcct/Id/Othr/SchmeNm
2278,/PmtRtr/TxInf/OrgnlTxRef/CdtrAcct/Id/Othr/SchmeNm/Cd
2279,/PmtRtr/TxInf/OrgnlTxRef/CdtrAcct/Id/Othr/SchmeNm/Prtry
2280,/PmtRtr/TxInf/OrgnlTxRef/CdtrAcct/Id/Othr/Issr
2281,/PmtRtr/TxInf/OrgnlTxRef/CdtrAcct/Tp
2282,/PmtRtr/TxInf/OrgnlTxRef/CdtrAcct/Tp/Cd
2283,/PmtRtr/TxInf/OrgnlTxRef/CdtrAcct/Tp/Prtry
2284,/PmtRtr/TxInf/OrgnlTxRef/CdtrAcct/Ccy
2285,/PmtRtr/TxInf/OrgnlTxRef/CdtrAcct/Nm
2286,/PmtRtr/TxInf/OrgnlTxRef/CdtrAcct/Prxy
2287,/PmtRtr/TxInf/OrgnlTxRef/CdtrAcct/Prxy/Tp
2288,/PmtRtr/TxInf/OrgnlTxRef/CdtrAcct/Prxy/Tp/Cd
2289,/PmtRtr/TxInf/OrgnlTxRef/CdtrAcct/Prxy/Tp/Prtry
2290,/PmtRtr/TxInf/OrgnlTxRef/CdtrAcct/Prxy/Id
2291,/PmtRtr/TxInf/OrgnlTxRef/UltmtCdtr
2292,/PmtRtr/TxInf/OrgnlTxRef/UltmtCdtr/Pty
2293,/PmtRtr/TxInf/OrgnlTxRef/UltmtCdtr/Pty/Nm
2294,/PmtRtr/TxInf/OrgnlTxRef/UltmtCdtr/Pty/PstlAdr
2295,/PmtRtr/TxInf/OrgnlTxRef/UltmtCdtr/Pty/PstlAdr/AdrTp
2296,/PmtRtr/TxInf/OrgnlTxRef/UltmtCdtr/Pty/PstlAdr/Dept
2297,/PmtRtr/TxInf/OrgnlTxRef/UltmtCdtr/Pty/PstlAdr/SubDept
2298,/PmtRtr/TxInf/OrgnlTxRef/UltmtCdtr/Pty/PstlAdr/StrtNm
2299,/PmtRtr/TxInf/OrgnlTxRef/UltmtCdtr/Pty/PstlAdr/BldgNb
2300,/PmtRtr/TxInf/OrgnlTxRef/UltmtCdtr/Pty/PstlAdr/BldgNm
2301,/PmtRtr/TxInf/OrgnlTxRef/UltmtCdtr/Pty/PstlAdr/Flr
2302,/PmtRtr/TxInf/OrgnlTxRef/UltmtCdtr/Pty/PstlAdr/PstBx
2303,/PmtRtr/TxInf/OrgnlTxRef/UltmtCdtr/Pty/PstlAdr/Room
2304,/PmtRtr/TxInf/OrgnlTxRef/UltmtCdtr/Pty/PstlAdr/PstCd
2305,/PmtRtr/TxInf/OrgnlTxRef/UltmtCdtr/Pty/PstlAdr/TwnNm
2306,/PmtRtr/TxInf/OrgnlTxRef/UltmtCdtr/Pty/PstlAdr/TwnLctnNm
2307,/PmtRtr/TxInf/OrgnlTxRef/UltmtCdtr/Pty/PstlAdr/DstrctNm
2308,/PmtRtr/TxInf/OrgnlTxRef/UltmtCdtr/Pty/PstlAdr/CtrySubDvsn
2309,/PmtRtr/TxInf/OrgnlTxRef/UltmtCdtr/Pty/PstlAdr/Ctry
2310,/PmtRtr/TxInf/OrgnlTxRef/UltmtCdtr/Pty/PstlAdr/AdrLine
2311,/PmtRtr/TxInf/OrgnlTxRef/UltmtCdtr/Pty/Id
2312,/PmtRtr/TxInf/OrgnlTxRef/UltmtCdtr/Pty/Id/OrgId
2313,/PmtRtr/TxInf/OrgnlTxRef/UltmtCdtr/Pty/Id/OrgId/AnyBIC
2314,/PmtRtr/TxInf/OrgnlTxRef/UltmtCdtr/Pty/Id/OrgId/LEI
2315,/PmtRtr/TxInf/OrgnlTxRef/UltmtCdtr/Pty/Id/OrgId/Othr
2316,/PmtRtr/TxInf/OrgnlTxRef/UltmtCdtr/Pty/Id/OrgId/Othr/Id
2317,/PmtRtr/TxInf/OrgnlTxRef/UltmtCdtr/Pty/Id/OrgId/Othr/SchmeNm
2318,/PmtRtr/TxInf/OrgnlTxRef/UltmtCdtr/Pty/Id/OrgId/Othr/SchmeNm/Cd
2319,/PmtRtr/TxInf/OrgnlTxRef/UltmtCdtr/Pty/Id/OrgId/Othr/SchmeNm/Prtry
2320,/PmtRtr/TxInf/OrgnlTxRef/UltmtCdtr/Pty/Id/OrgId/Othr/Issr
2321,/PmtRtr/TxInf/OrgnlTxRef/UltmtCdtr/Pty/Id/PrvtId
2322,/PmtRtr/TxInf/OrgnlTxRef/UltmtCdtr/Pty/Id/PrvtId/DtAndPlcOfBirth
2323,/PmtRtr/TxInf/OrgnlTxRef/UltmtCdtr/Pty/Id/PrvtId/DtAndPlcOfBirth/BirthDt
2324,/PmtRtr/TxInf/OrgnlTxRef/UltmtCdtr/Pty/Id/PrvtId/DtAndPlcOfBirth/PrvcOfBirth
2325,/PmtRtr/TxInf/OrgnlTxRef/UltmtCdtr/Pty/Id/PrvtId/DtAndPlcOfBirth/CityOfBirth
2326,/PmtRtr/TxInf/OrgnlTxRef/UltmtCdtr/Pty/Id/PrvtId/DtAndPlcOfBirth/CtryOfBirth
2327,/PmtRtr/TxInf/OrgnlTxRef/UltmtCdtr/Pty/Id/PrvtId/Othr
2328,/PmtRtr/TxInf/OrgnlTxRef/UltmtCdtr/Pty/Id/PrvtId/Othr/Id
2329,/PmtRtr/TxInf/OrgnlTxRef/UltmtCdtr/Pty/Id/PrvtId/Othr/SchmeNm
2330,/PmtRtr/TxInf/OrgnlTxRef/UltmtCdtr/Pty/Id/PrvtId/Othr/SchmeNm/Cd
2331,/PmtRtr/TxInf/OrgnlTxRef/UltmtCdtr/Pty/Id/PrvtId/Othr/SchmeNm/Prtry
2332,/PmtRtr/TxInf/OrgnlTxRef/UltmtCdtr/Pty/Id/PrvtId/Othr/Issr
2333,/PmtRtr/TxInf/OrgnlTxRef/UltmtCdtr/Pty/CtryOfRes
2334,/PmtRtr/TxInf/OrgnlTxRef/UltmtCdtr/Pty/CtctDtls
2335,/PmtRtr/TxInf/OrgnlTxRef/UltmtCdtr/Agt
2336,/PmtRtr/TxInf/OrgnlTxRef/Purp
2337,/PmtRtr/TxInf/OrgnlTxRef/Purp/Cd
2338,/PmtRtr/TxInf/OrgnlTxRef/Purp/Prtry
2339,/PmtRtr/TxInf/SplmtryData
2340,/PmtRtr/SplmtryData