#
# There is insufficient memory for the Java Runtime Environment to continue.
# Native memory allocation (mmap) failed to map 564133888 bytes for committing reserved memory.
# Possible reasons:
#   The system is out of physical RAM or swap space
#   The process is running with CompressedOops enabled, and the Java Heap may be blocking the growth of the native heap
# Possible solutions:
#   Reduce memory load on the system
#   Increase physical memory or swap space
#   Check if swap backing store is full
#   Decrease Java heap size (-Xmx/-Xms)
#   Decrease number of Java threads
#   Decrease Java thread stack sizes (-Xss)
#   Set larger code cache with -XX:ReservedCodeCacheSize=
#   JVM is running with Zero Based Compressed Oops mode in which the Java heap is
#     placed in the first 32GB address space. The Java Heap base address is the
#     maximum limit for the native heap growth. Please use -XX:HeapBaseMinAddress
#     to set the Java Heap base and to place the Java Heap above 32GB virtual address.
# This output file may be truncated or incomplete.
#
#  Out of Memory Error (os_linux.cpp:2767), pid=2789236, tid=0x00007fe1f422f700
#
# JRE version: OpenJDK Runtime Environment (8.0_222-b10) (build 1.8.0_222-b10)
# Java VM: OpenJDK 64-Bit Server VM (25.222-b10 mixed mode linux-amd64 compressed oops)
# Failed to write core dump. Core dumps have been disabled. To enable core dumping, try "ulimit -c unlimited" before starting Java again
#

---------------  T H R E A D  ---------------

Current thread (0x00007fe204335000):  VMThread [stack: 0x00007fe1f4130000,0x00007fe1f4230000] [id=2789249]

Stack: [0x00007fe1f4130000,0x00007fe1f4230000],  sp=0x00007fe1f422dd10,  free space=1015k
Native frames: (J=compiled Java code, j=interpreted, Vv=VM code, C=native code)
V  [libjvm.so+0xaf147d]  VMError::report_and_die()+0x15d
V  [libjvm.so+0x503119]  report_vm_out_of_memory(char const*, int, unsigned long, VMErrorType, char const*)+0x99
V  [libjvm.so+0x8f9773]  os::Linux::commit_memory_impl(char*, unsigned long, bool)+0x113
V  [libjvm.so+0x8f98d4]  os::pd_commit_memory_or_exit(char*, unsigned long, unsigned long, bool, char const*)+0x34
V  [libjvm.so+0x8edfa6]  os::commit_memory_or_exit(char*, unsigned long, unsigned long, bool, char const*)+0x26
V  [libjvm.so+0x5c2f37]  G1PageBasedVirtualSpace::commit_internal(unsigned long, unsigned long)+0xc7
V  [libjvm.so+0x5c3194]  G1PageBasedVirtualSpace::commit(unsigned long, unsigned long)+0xe4
V  [libjvm.so+0x5c5a60]  G1RegionsLargerThanCommitSizeMapper::commit_regions(unsigned int, unsigned long)+0x40
V  [libjvm.so+0x620f16]  HeapRegionManager::commit_regions(unsigned int, unsigned long)+0x76
V  [libjvm.so+0x62216c]  HeapRegionManager::make_regions_available(unsigned int, unsigned int)+0x2c
V  [libjvm.so+0x6225cc]  HeapRegionManager::expand_by(unsigned int)+0x7c
V  [libjvm.so+0x59ddc9]  G1CollectedHeap::expand(unsigned long)+0x129
V  [libjvm.so+0x5a9e7f]  G1CollectedHeap::do_collection_pause_at_safepoint(double)+0xd3f
V  [libjvm.so+0xafa84a]  VM_G1IncCollectionPause::doit()+0x9a
V  [libjvm.so+0xaf98b2]  VM_Operation::evaluate()+0x52
V  [libjvm.so+0xaf7c19]  VMThread::evaluate_operation(VM_Operation*)+0xa9
V  [libjvm.so+0xaf824b]  VMThread::loop()+0x1fb
V  [libjvm.so+0xaf86b3]  VMThread::run()+0x83
V  [libjvm.so+0x8f9b02]  java_start(Thread*)+0x132

VM_Operation (0x00007fe1997aae20): G1IncCollectionPause, mode: safepoint, requested by thread 0x00007fe1c0ccd000


---------------  P R O C E S S  ---------------

Java Threads: ( => current thread )
  0x00007fe1c145c000 JavaThread "ForkJoinPool.commonPool-worker-0" daemon [_thread_blocked, id=2796781, stack(0x00007fe1964b9000,0x00007fe1965ba000)]
  0x0000000001b19800 JavaThread "hz.client_1.event-2" [_thread_blocked, id=2792358, stack(0x00007fe1959b6000,0x00007fe195ab7000)]
  0x0000000001b18000 JavaThread "hz.client_1.event-4" [_thread_blocked, id=2792357, stack(0x00007fe195ab7000,0x00007fe195bb8000)]
  0x0000000001b16800 JavaThread "hz.client_1.event-1" [_thread_blocked, id=2791291, stack(0x00007fe195db8000,0x00007fe195eb9000)]
  0x0000000001b15800 JavaThread "hz.client_1.event-5" [_thread_blocked, id=2791289, stack(0x00007fe196c96000,0x00007fe196d97000)]
  0x00007fe1c12a2800 JavaThread "Timer-0" daemon [_thread_blocked, id=2790992, stack(0x00007fe197f9b000,0x00007fe19809c000)]
  0x00007fe1a4006800 JavaThread "hz.client_1.internal-10" [_thread_blocked, id=2790764, stack(0x00007fe197197000,0x00007fe197298000)]
  0x00007fe1a4005000 JavaThread "hz.client_1.internal-9" [_thread_blocked, id=2790674, stack(0x00007fe197698000,0x00007fe197799000)]
  0x00007fe1ec001800 JavaThread "hz.client_1.internal-8" [_thread_blocked, id=2790601, stack(0x00007fe197799000,0x00007fe19789a000)]
  0x00007fe1a8026800 JavaThread "hz.client_1.internal-7" [_thread_blocked, id=2790537, stack(0x00007fe197c9a000,0x00007fe197d9b000)]
  0x00007fe1c803d000 JavaThread "hz.client_1.internal-6" [_thread_blocked, id=2790495, stack(0x00007fe1989a1000,0x00007fe198aa2000)]
  0x00007fe1c14f1000 JavaThread "HikariPool-1 housekeeper" daemon [_thread_blocked, id=2790479, stack(0x00007fe19809c000,0x00007fe19819d000)]
  0x00007fe1a4002800 JavaThread "hz.client_1.internal-5" [_thread_blocked, id=2790448, stack(0x00007fe19839d000,0x00007fe19849e000)]
  0x00007fe1c14a0000 JavaThread "InterruptTimer" daemon [_thread_blocked, id=2790446, stack(0x00007fe19849e000,0x00007fe19859f000)]
  0x00007fe1c13bb800 JavaThread "oracle.jdbc.driver.BlockSource.ThreadedCachingBlockSource.BlockReleaser" daemon [_thread_blocked, id=2790441, stack(0x00007fe19859f000,0x00007fe1986a0000)]
  0x00007fe1a8021000 JavaThread "hz.client_1.internal-4" [_thread_blocked, id=2790414, stack(0x00007fe1988a0000,0x00007fe1989a1000)]
  0x00007fe1a4001800 JavaThread "hz.client_1.internal-3" [_thread_blocked, id=2790370, stack(0x00007fe198ca2000,0x00007fe198da3000)]
  0x0000000001af0000 JavaThread "hz.client_1.event-3" [_thread_blocked, id=2790324, stack(0x00007fe198da3000,0x00007fe198ea4000)]
  0x00007fe1c0cc9800 JavaThread "hz.client_1.eventRegistration-" [_thread_blocked, id=2790316, stack(0x00007fe198ea4000,0x00007fe198fa5000)]
  0x00007fe1f0035000 JavaThread "hz.client_1.internal-3" [_thread_blocked, id=2790313, stack(0x00007fe198fa5000,0x00007fe1990a6000)]
  0x00007fe1c0d16000 JavaThread "hz.client_1.internal-2" [_thread_blocked, id=2790311, stack(0x00007fe1990a6000,0x00007fe1991a7000)]
  0x00007fe1c0d12000 JavaThread "hz.client_1.internal-1" [_thread_blocked, id=2790310, stack(0x00007fe1991a7000,0x00007fe1992a8000)]
  0x00007fe1c0d11000 JavaThread "hz.client_1.internal-2" [_thread_blocked, id=2790308, stack(0x00007fe1992a8000,0x00007fe1993a9000)]
  0x00007fe1c0d0b800 JavaThread "hz.hz.client_1.IO.thread-out-0" [_thread_blocked, id=2790307, stack(0x00007fe1993a9000,0x00007fe1994aa000)]
  0x00007fe1c0cd5800 JavaThread "hz.hz.client_1.IO.thread-in-0" [_thread_blocked, id=2790306, stack(0x00007fe1994aa000,0x00007fe1995ab000)]
  0x00007fe1c0cd2800 JavaThread "hz.hz.client_1.MetricsRegistry.thread-2" [_thread_blocked, id=2790302, stack(0x00007fe1995ab000,0x00007fe1996ac000)]
  0x00007fe1c0ccd000 JavaThread "hz.client_1.internal-1" [_thread_blocked, id=2790300, stack(0x00007fe1996ac000,0x00007fe1997ad000)]
  0x00007fe1c0cc2000 JavaThread "hz.hz.client_1.MetricsRegistry.thread-1" [_thread_blocked, id=2790298, stack(0x00007fe1997ad000,0x00007fe1998ae000)]
  0x00007fe1c0cbe000 JavaThread "hz.client_1.lifecycle-1" [_thread_blocked, id=2790297, stack(0x00007fe1b018e000,0x00007fe1b028f000)]
  0x00007fe1c08e9000 JavaThread "container-0" [_thread_blocked, id=2790150, stack(0x00007fe1b128d000,0x00007fe1b138e000)]
  0x00007fe1c0765000 JavaThread "ContainerBackgroundProcessor[StandardEngine[Tomcat]]" daemon [_thread_blocked, id=2790147, stack(0x00007fe19bcff000,0x00007fe19be00000)]
  0x00007fe1c4007000 JavaThread "WrapperSimpleAppMain" [_thread_blocked, id=2789501, stack(0x00007fe1b008d000,0x00007fe1b018e000)]
  0x00007fe204054000 JavaThread "DestroyJavaVM" [_thread_blocked, id=2789238, stack(0x00007fe20ca14000,0x00007fe20cb14000)]
  0x00007fe204cfd800 JavaThread "Wrapper-Connection" daemon [_thread_blocked, id=2789499, stack(0x00007fe1b0ad5000,0x00007fe1b0bd6000)]
  0x00007fe2044d6800 JavaThread "Wrapper-Control-Event-Monitor" daemon [_thread_blocked, id=2789301, stack(0x00007fe1b138e000,0x00007fe1b148f000)]
  0x00007fe20437c800 JavaThread "Service Thread" daemon [_thread_blocked, id=2789264, stack(0x00007fe1b2a44000,0x00007fe1b2b45000)]
  0x00007fe204379800 JavaThread "C1 CompilerThread1" daemon [_thread_blocked, id=2789263, stack(0x00007fe1b2b46000,0x00007fe1b2c46000)]
  0x00007fe204377000 JavaThread "C2 CompilerThread0" daemon [_thread_blocked, id=2789262, stack(0x00007fe1b2c47000,0x00007fe1b2d47000)]
  0x00007fe204375000 JavaThread "Signal Dispatcher" daemon [_thread_blocked, id=2789261, stack(0x00007fe1b2d47000,0x00007fe1b2e48000)]
  0x00007fe204363000 JavaThread "Surrogate Locker Thread (Concurrent GC)" daemon [_thread_blocked, id=2789260, stack(0x00007fe1b2e48000,0x00007fe1b2f49000)]
  0x00007fe204341000 JavaThread "Finalizer" daemon [_thread_blocked, id=2789252, stack(0x00007fe1bfeff000,0x00007fe1c0000000)]
  0x00007fe20433e800 JavaThread "Reference Handler" daemon [_thread_blocked, id=2789250, stack(0x00007fe1f402e000,0x00007fe1f412f000)]

Other Threads:
=>0x00007fe204335000 VMThread [stack: 0x00007fe1f4130000,0x00007fe1f4230000] [id=2789249]
  0x00007fe20437f800 WatcherThread [stack: 0x00007fe1b2944000,0x00007fe1b2a44000] [id=2789266]

VM state:at safepoint (normal execution)

VM Mutex/Monitor currently owned by a thread:  ([mutex/lock_event])
[0x00007fe204051230] Threads_lock - owner thread: 0x00007fe204335000
[0x00007fe204051730] Heap_lock - owner thread: 0x00007fe1c0ccd000

heap address: 0x0000000640000000, size: 6144 MB, Compressed Oops mode: Zero based, Oop shift amount: 3
Narrow klass base: 0x0000000000000000, Narrow klass shift: 3
Compressed class space size: 1073741824 Address: 0x00000007c0000000

Heap:
 garbage-first heap   total 1101824K, used 168187K [0x0000000640000000, 0x00000006401021a0, 0x00000007c0000000)
  region size 1024K, 3 young (3072K), 3 survivors (3072K)
 Metaspace       used 87778K, capacity 91558K, committed 91776K, reserved 1128448K
  class space    used 11067K, capacity 11882K, committed 11904K, reserved 1048576K

Heap Regions: (Y=young(eden), SU=young(survivor), HS=humongous(starts), HC=humongous(continues), CS=collection set, F=free, TS=gc time stamp, PTAMS=previous top-at-mark-start, NTAMS=next top-at-mark-start)
AC   0  O    TS     0 PTAMS 0x0000000640100000 NTAMS 0x0000000640100000 space 1024K, 100% used [0x0000000640000000, 0x0000000640100000)
AC   0  O    TS     0 PTAMS 0x0000000640200000 NTAMS 0x0000000640200000 space 1024K, 100% used [0x0000000640100000, 0x0000000640200000)
AC   0  O    TS     0 PTAMS 0x0000000640300000 NTAMS 0x0000000640300000 space 1024K, 100% used [0x0000000640200000, 0x0000000640300000)
AC   0  O    TS     0 PTAMS 0x0000000640400000 NTAMS 0x0000000640400000 space 1024K, 100% used [0x0000000640300000, 0x0000000640400000)
AC   0 HS    TS     0 PTAMS 0x00000006404b13f8 NTAMS 0x00000006404b13f8 space 1024K,  69% used [0x0000000640400000, 0x0000000640500000)
AC   0  O    TS     0 PTAMS 0x0000000640600000 NTAMS 0x0000000640600000 space 1024K, 100% used [0x0000000640500000, 0x0000000640600000)
AC   0  O    TS     0 PTAMS 0x0000000640700000 NTAMS 0x0000000640700000 space 1024K, 100% used [0x0000000640600000, 0x0000000640700000)
AC   0  O    TS     0 PTAMS 0x0000000640800000 NTAMS 0x0000000640800000 space 1024K, 100% used [0x0000000640700000, 0x0000000640800000)
AC   0  O    TS     0 PTAMS 0x0000000640900000 NTAMS 0x0000000640900000 space 1024K, 100% used [0x0000000640800000, 0x0000000640900000)
AC   0  O    TS     0 PTAMS 0x0000000640a00000 NTAMS 0x0000000640a00000 space 1024K, 100% used [0x0000000640900000, 0x0000000640a00000)
AC   0  O    TS     0 PTAMS 0x0000000640b00000 NTAMS 0x0000000640b00000 space 1024K, 100% used [0x0000000640a00000, 0x0000000640b00000)
AC   0  O    TS     0 PTAMS 0x0000000640c00000 NTAMS 0x0000000640c00000 space 1024K, 100% used [0x0000000640b00000, 0x0000000640c00000)
AC   0  O    TS     0 PTAMS 0x0000000640d00000 NTAMS 0x0000000640d00000 space 1024K, 100% used [0x0000000640c00000, 0x0000000640d00000)
AC   0  O    TS     0 PTAMS 0x0000000640e00000 NTAMS 0x0000000640e00000 space 1024K, 100% used [0x0000000640d00000, 0x0000000640e00000)
AC   0  O    TS     0 PTAMS 0x0000000640f00000 NTAMS 0x0000000640f00000 space 1024K, 100% used [0x0000000640e00000, 0x0000000640f00000)
AC   0  O    TS     0 PTAMS 0x0000000641000000 NTAMS 0x0000000641000000 space 1024K, 100% used [0x0000000640f00000, 0x0000000641000000)
AC   0  O    TS     0 PTAMS 0x0000000641100000 NTAMS 0x0000000641100000 space 1024K, 100% used [0x0000000641000000, 0x0000000641100000)
AC   0  O    TS     0 PTAMS 0x0000000641200000 NTAMS 0x0000000641200000 space 1024K, 100% used [0x0000000641100000, 0x0000000641200000)
AC   0  O    TS     0 PTAMS 0x0000000641300000 NTAMS 0x0000000641300000 space 1024K, 100% used [0x0000000641200000, 0x0000000641300000)
AC   0  O    TS     0 PTAMS 0x0000000641400000 NTAMS 0x0000000641400000 space 1024K, 100% used [0x0000000641300000, 0x0000000641400000)
AC   0  O    TS     0 PTAMS 0x0000000641500000 NTAMS 0x0000000641500000 space 1024K, 100% used [0x0000000641400000, 0x0000000641500000)
AC   0  O    TS     0 PTAMS 0x0000000641600000 NTAMS 0x0000000641600000 space 1024K, 100% used [0x0000000641500000, 0x0000000641600000)
AC   0  O    TS     0 PTAMS 0x0000000641700000 NTAMS 0x0000000641700000 space 1024K, 100% used [0x0000000641600000, 0x0000000641700000)
AC   0  O    TS     0 PTAMS 0x0000000641800000 NTAMS 0x0000000641800000 space 1024K, 100% used [0x0000000641700000, 0x0000000641800000)
AC   0  O    TS     0 PTAMS 0x0000000641900000 NTAMS 0x0000000641900000 space 1024K, 100% used [0x0000000641800000, 0x0000000641900000)
AC   0  O    TS     0 PTAMS 0x0000000641a00000 NTAMS 0x0000000641a00000 space 1024K, 100% used [0x0000000641900000, 0x0000000641a00000)
AC   0  O    TS     0 PTAMS 0x0000000641b00000 NTAMS 0x0000000641b00000 space 1024K, 100% used [0x0000000641a00000, 0x0000000641b00000)
AC   0  O    TS     0 PTAMS 0x0000000641c00000 NTAMS 0x0000000641c00000 space 1024K, 100% used [0x0000000641b00000, 0x0000000641c00000)
AC   0  O    TS     0 PTAMS 0x0000000641d00000 NTAMS 0x0000000641d00000 space 1024K, 100% used [0x0000000641c00000, 0x0000000641d00000)
AC   0  O    TS     0 PTAMS 0x0000000641e00000 NTAMS 0x0000000641e00000 space 1024K, 100% used [0x0000000641d00000, 0x0000000641e00000)
AC   0  O    TS     0 PTAMS 0x0000000641f00000 NTAMS 0x0000000641f00000 space 1024K, 100% used [0x0000000641e00000, 0x0000000641f00000)
AC   0  O    TS     0 PTAMS 0x0000000642000000 NTAMS 0x0000000642000000 space 1024K, 100% used [0x0000000641f00000, 0x0000000642000000)
AC   0  O    TS     0 PTAMS 0x0000000642100000 NTAMS 0x0000000642100000 space 1024K, 100% used [0x0000000642000000, 0x0000000642100000)
AC   0  O    TS     3 PTAMS 0x0000000642100000 NTAMS 0x0000000642100000 space 1024K, 100% used [0x0000000642100000, 0x0000000642200000)
AC   0 HS    TS     0 PTAMS 0x0000000642200000 NTAMS 0x0000000642200000 space 1024K,  69% used [0x0000000642200000, 0x0000000642300000)
AC   0  O    TS     3 PTAMS 0x0000000642300000 NTAMS 0x0000000642300000 space 1024K, 100% used [0x0000000642300000, 0x0000000642400000)
AC   0  O    TS     3 PTAMS 0x0000000642400000 NTAMS 0x0000000642400000 space 1024K, 100% used [0x0000000642400000, 0x0000000642500000)
AC   0 HS    TS     0 PTAMS 0x00000006426f2950 NTAMS 0x00000006426f2950 space 2048K,  97% used [0x0000000642500000, 0x0000000642700000)
AC   0 HC    TS     0 PTAMS 0x0000000642600000 NTAMS 0x0000000642600000 space 1024K,  94% used [0x0000000642600000, 0x0000000642700000)
AC   0  O    TS     3 PTAMS 0x0000000642700000 NTAMS 0x0000000642700000 space 1024K, 100% used [0x0000000642700000, 0x0000000642800000)
AC   0  O    TS     3 PTAMS 0x0000000642800000 NTAMS 0x0000000642800000 space 1024K, 100% used [0x0000000642800000, 0x0000000642900000)
AC   0  O    TS     3 PTAMS 0x0000000642900000 NTAMS 0x0000000642900000 space 1024K, 100% used [0x0000000642900000, 0x0000000642a00000)
AC   0  O    TS     3 PTAMS 0x0000000642a00000 NTAMS 0x0000000642a00000 space 1024K, 100% used [0x0000000642a00000, 0x0000000642b00000)
AC   0  O    TS     3 PTAMS 0x0000000642b00000 NTAMS 0x0000000642b00000 space 1024K, 100% used [0x0000000642b00000, 0x0000000642c00000)
AC   0  O    TS     3 PTAMS 0x0000000642c00000 NTAMS 0x0000000642c00000 space 1024K, 100% used [0x0000000642c00000, 0x0000000642d00000)
AC   0  O    TS     3 PTAMS 0x0000000642d00000 NTAMS 0x0000000642d00000 space 1024K, 100% used [0x0000000642d00000, 0x0000000642e00000)
AC   0  O    TS     3 PTAMS 0x0000000642e00000 NTAMS 0x0000000642e00000 space 1024K, 100% used [0x0000000642e00000, 0x0000000642f00000)
AC   0  O    TS     3 PTAMS 0x0000000642f00000 NTAMS 0x0000000642f00000 space 1024K, 100% used [0x0000000642f00000, 0x0000000643000000)
AC   0  O    TS    19 PTAMS 0x0000000643000000 NTAMS 0x0000000643000000 space 1024K, 100% used [0x0000000643000000, 0x0000000643100000)
AC   0  O    TS    19 PTAMS 0x0000000643100000 NTAMS 0x0000000643100000 space 1024K, 100% used [0x0000000643100000, 0x0000000643200000)
AC   0  O    TS    19 PTAMS 0x0000000643200000 NTAMS 0x0000000643200000 space 1024K, 100% used [0x0000000643200000, 0x0000000643300000)
AC   0  O    TS    19 PTAMS 0x0000000643300000 NTAMS 0x0000000643300000 space 1024K, 100% used [0x0000000643300000, 0x0000000643400000)
AC   0  O    TS    19 PTAMS 0x0000000643400000 NTAMS 0x0000000643400000 space 1024K, 100% used [0x0000000643400000, 0x0000000643500000)
AC   0  O    TS    19 PTAMS 0x0000000643500000 NTAMS 0x0000000643500000 space 1024K, 100% used [0x0000000643500000, 0x0000000643600000)
AC   0  O    TS    19 PTAMS 0x0000000643600000 NTAMS 0x0000000643600000 space 1024K, 100% used [0x0000000643600000, 0x0000000643700000)
AC   0  O    TS    19 PTAMS 0x0000000643700000 NTAMS 0x0000000643700000 space 1024K, 100% used [0x0000000643700000, 0x0000000643800000)
AC   0  O    TS    19 PTAMS 0x0000000643800000 NTAMS 0x0000000643800000 space 1024K, 100% used [0x0000000643800000, 0x0000000643900000)
AC   0  O    TS    19 PTAMS 0x0000000643900000 NTAMS 0x0000000643900000 space 1024K, 100% used [0x0000000643900000, 0x0000000643a00000)
AC   0  O    TS    19 PTAMS 0x0000000643a00000 NTAMS 0x0000000643a00000 space 1024K, 100% used [0x0000000643a00000, 0x0000000643b00000)
AC   0  O    TS    19 PTAMS 0x0000000643b00000 NTAMS 0x0000000643b00000 space 1024K, 100% used [0x0000000643b00000, 0x0000000643c00000)
AC   0  O    TS    19 PTAMS 0x0000000643c00000 NTAMS 0x0000000643c00000 space 1024K, 100% used [0x0000000643c00000, 0x0000000643d00000)
AC   0  O    TS    45 PTAMS 0x0000000643d00000 NTAMS 0x0000000643d00000 space 1024K, 100% used [0x0000000643d00000, 0x0000000643e00000)
AC   0  O    TS    47 PTAMS 0x0000000643e00000 NTAMS 0x0000000643e00000 space 1024K, 100% used [0x0000000643e00000, 0x0000000643f00000)
AC   0  O    TS    49 PTAMS 0x0000000643f00000 NTAMS 0x0000000643f00000 space 1024K, 100% used [0x0000000643f00000, 0x0000000644000000)
AC   0  O    TS    51 PTAMS 0x0000000644000000 NTAMS 0x0000000644000000 space 1024K, 100% used [0x0000000644000000, 0x0000000644100000)
AC   0  O    TS    51 PTAMS 0x0000000644100000 NTAMS 0x0000000644100000 space 1024K, 100% used [0x0000000644100000, 0x0000000644200000)
AC   0  O    TS    51 PTAMS 0x0000000644200000 NTAMS 0x0000000644200000 space 1024K, 100% used [0x0000000644200000, 0x0000000644300000)
AC   0  O    TS    51 PTAMS 0x0000000644300000 NTAMS 0x0000000644300000 space 1024K, 100% used [0x0000000644300000, 0x0000000644400000)
AC   0  O    TS    51 PTAMS 0x0000000644400000 NTAMS 0x0000000644400000 space 1024K, 100% used [0x0000000644400000, 0x0000000644500000)
AC   0  O    TS    51 PTAMS 0x0000000644500000 NTAMS 0x0000000644500000 space 1024K, 100% used [0x0000000644500000, 0x0000000644600000)
AC   0  O    TS    51 PTAMS 0x0000000644600000 NTAMS 0x0000000644600000 space 1024K, 100% used [0x0000000644600000, 0x0000000644700000)
AC   0  O    TS    51 PTAMS 0x0000000644700000 NTAMS 0x0000000644700000 space 1024K, 100% used [0x0000000644700000, 0x0000000644800000)
AC   0  O    TS    51 PTAMS 0x0000000644800000 NTAMS 0x0000000644800000 space 1024K, 100% used [0x0000000644800000, 0x0000000644900000)
AC   0  O    TS    51 PTAMS 0x0000000644900000 NTAMS 0x0000000644900000 space 1024K, 100% used [0x0000000644900000, 0x0000000644a00000)
AC   0  O    TS    51 PTAMS 0x0000000644a00000 NTAMS 0x0000000644a00000 space 1024K, 100% used [0x0000000644a00000, 0x0000000644b00000)
AC   0  O    TS    51 PTAMS 0x0000000644b00000 NTAMS 0x0000000644b00000 space 1024K, 100% used [0x0000000644b00000, 0x0000000644c00000)
AC   0  O    TS    51 PTAMS 0x0000000644c00000 NTAMS 0x0000000644c00000 space 1024K, 100% used [0x0000000644c00000, 0x0000000644d00000)
AC   0  O    TS    51 PTAMS 0x0000000644d00000 NTAMS 0x0000000644d00000 space 1024K, 100% used [0x0000000644d00000, 0x0000000644e00000)
AC   0  O    TS    51 PTAMS 0x0000000644e00000 NTAMS 0x0000000644e00000 space 1024K, 100% used [0x0000000644e00000, 0x0000000644f00000)
AC   0  O    TS    51 PTAMS 0x0000000644f00000 NTAMS 0x0000000644f00000 space 1024K, 100% used [0x0000000644f00000, 0x0000000645000000)
AC   0  O    TS    51 PTAMS 0x0000000645000000 NTAMS 0x0000000645000000 space 1024K, 100% used [0x0000000645000000, 0x0000000645100000)
AC   0  O    TS    51 PTAMS 0x0000000645100000 NTAMS 0x0000000645100000 space 1024K, 100% used [0x0000000645100000, 0x0000000645200000)
AC   0  O    TS    51 PTAMS 0x0000000645200000 NTAMS 0x0000000645200000 space 1024K, 100% used [0x0000000645200000, 0x0000000645300000)
AC   0  O    TS    51 PTAMS 0x0000000645300000 NTAMS 0x0000000645300000 space 1024K, 100% used [0x0000000645300000, 0x0000000645400000)
AC   0  O    TS    57 PTAMS 0x0000000645400000 NTAMS 0x0000000645400000 space 1024K, 100% used [0x0000000645400000, 0x0000000645500000)
AC   0  O    TS    57 PTAMS 0x0000000645500000 NTAMS 0x0000000645500000 space 1024K, 100% used [0x0000000645500000, 0x0000000645600000)
AC   0  O    TS    57 PTAMS 0x0000000645600000 NTAMS 0x0000000645600000 space 1024K, 100% used [0x0000000645600000, 0x0000000645700000)
AC   0  O    TS    57 PTAMS 0x0000000645700000 NTAMS 0x0000000645700000 space 1024K, 100% used [0x0000000645700000, 0x0000000645800000)
AC   0  O    TS    57 PTAMS 0x0000000645800000 NTAMS 0x0000000645800000 space 1024K, 100% used [0x0000000645800000, 0x0000000645900000)
AC   0  O    TS    57 PTAMS 0x0000000645900000 NTAMS 0x0000000645900000 space 1024K, 100% used [0x0000000645900000, 0x0000000645a00000)
AC   0  O    TS    57 PTAMS 0x0000000645a00000 NTAMS 0x0000000645a00000 space 1024K, 100% used [0x0000000645a00000, 0x0000000645b00000)
AC   0  O    TS    57 PTAMS 0x0000000645b00000 NTAMS 0x0000000645b00000 space 1024K, 100% used [0x0000000645b00000, 0x0000000645c00000)
AC   0  O    TS    57 PTAMS 0x0000000645c00000 NTAMS 0x0000000645c00000 space 1024K, 100% used [0x0000000645c00000, 0x0000000645d00000)
AC   0  O    TS    57 PTAMS 0x0000000645d00000 NTAMS 0x0000000645d00000 space 1024K, 100% used [0x0000000645d00000, 0x0000000645e00000)
AC   0  O    TS    57 PTAMS 0x0000000645e00000 NTAMS 0x0000000645e00000 space 1024K, 100% used [0x0000000645e00000, 0x0000000645f00000)
AC   0  O    TS    57 PTAMS 0x0000000645f00000 NTAMS 0x0000000645f00000 space 1024K, 100% used [0x0000000645f00000, 0x0000000646000000)
AC   0  O    TS    57 PTAMS 0x0000000646000000 NTAMS 0x0000000646000000 space 1024K, 100% used [0x0000000646000000, 0x0000000646100000)
AC   0  O    TS    57 PTAMS 0x0000000646100000 NTAMS 0x0000000646100000 space 1024K, 100% used [0x0000000646100000, 0x0000000646200000)
AC   0  O    TS    57 PTAMS 0x0000000646200000 NTAMS 0x0000000646200000 space 1024K, 100% used [0x0000000646200000, 0x0000000646300000)
AC   0  O    TS    57 PTAMS 0x0000000646300000 NTAMS 0x0000000646300000 space 1024K, 100% used [0x0000000646300000, 0x0000000646400000)
AC   0  O    TS    57 PTAMS 0x0000000646400000 NTAMS 0x0000000646400000 space 1024K, 100% used [0x0000000646400000, 0x0000000646500000)
AC   0  O    TS    57 PTAMS 0x0000000646500000 NTAMS 0x0000000646500000 space 1024K, 100% used [0x0000000646500000, 0x0000000646600000)
AC   0  O    TS    57 PTAMS 0x0000000646600000 NTAMS 0x0000000646600000 space 1024K, 100% used [0x0000000646600000, 0x0000000646700000)
AC   0  O    TS    57 PTAMS 0x0000000646700000 NTAMS 0x0000000646700000 space 1024K, 100% used [0x0000000646700000, 0x0000000646800000)
AC   0  O    TS    57 PTAMS 0x0000000646800000 NTAMS 0x0000000646800000 space 1024K, 100% used [0x0000000646800000, 0x0000000646900000)
AC   0  O    TS    57 PTAMS 0x0000000646900000 NTAMS 0x0000000646900000 space 1024K, 100% used [0x0000000646900000, 0x0000000646a00000)
AC   0  O    TS    57 PTAMS 0x0000000646a00000 NTAMS 0x0000000646a00000 space 1024K, 100% used [0x0000000646a00000, 0x0000000646b00000)
AC   0  O    TS    57 PTAMS 0x0000000646b00000 NTAMS 0x0000000646b00000 space 1024K, 100% used [0x0000000646b00000, 0x0000000646c00000)
AC   0  O    TS    57 PTAMS 0x0000000646c00000 NTAMS 0x0000000646c00000 space 1024K, 100% used [0x0000000646c00000, 0x0000000646d00000)
AC   0  O    TS    61 PTAMS 0x0000000646d00000 NTAMS 0x0000000646d00000 space 1024K, 100% used [0x0000000646d00000, 0x0000000646e00000)
AC   0  O    TS    61 PTAMS 0x0000000646e00000 NTAMS 0x0000000646e00000 space 1024K, 100% used [0x0000000646e00000, 0x0000000646f00000)
AC   0  O    TS    61 PTAMS 0x0000000646f00000 NTAMS 0x0000000646f00000 space 1024K, 100% used [0x0000000646f00000, 0x0000000647000000)
AC   0  O    TS    61 PTAMS 0x0000000647000000 NTAMS 0x0000000647000000 space 1024K, 100% used [0x0000000647000000, 0x0000000647100000)
AC   0  O    TS    61 PTAMS 0x0000000647100000 NTAMS 0x0000000647100000 space 1024K, 100% used [0x0000000647100000, 0x0000000647200000)
AC   0  O    TS    61 PTAMS 0x0000000647200000 NTAMS 0x0000000647200000 space 1024K, 100% used [0x0000000647200000, 0x0000000647300000)
AC   0  O    TS    61 PTAMS 0x0000000647300000 NTAMS 0x0000000647300000 space 1024K, 100% used [0x0000000647300000, 0x0000000647400000)
AC   0  O    TS    61 PTAMS 0x0000000647400000 NTAMS 0x0000000647400000 space 1024K, 100% used [0x0000000647400000, 0x0000000647500000)
AC   0  O    TS    61 PTAMS 0x0000000647500000 NTAMS 0x0000000647500000 space 1024K, 100% used [0x0000000647500000, 0x0000000647600000)
AC   0  O    TS    61 PTAMS 0x0000000647600000 NTAMS 0x0000000647600000 space 1024K, 100% used [0x0000000647600000, 0x0000000647700000)
AC   0  O    TS    61 PTAMS 0x0000000647700000 NTAMS 0x0000000647700000 space 1024K, 100% used [0x0000000647700000, 0x0000000647800000)
AC   0  O    TS    61 PTAMS 0x0000000647800000 NTAMS 0x0000000647800000 space 1024K, 100% used [0x0000000647800000, 0x0000000647900000)
AC   0  O    TS    65 PTAMS 0x0000000647900000 NTAMS 0x0000000647900000 space 1024K, 100% used [0x0000000647900000, 0x0000000647a00000)
AC   0  O    TS    65 PTAMS 0x0000000647a00000 NTAMS 0x0000000647a00000 space 1024K, 100% used [0x0000000647a00000, 0x0000000647b00000)
AC   0  O    TS    65 PTAMS 0x0000000647b00000 NTAMS 0x0000000647b00000 space 1024K, 100% used [0x0000000647b00000, 0x0000000647c00000)
AC   0  O    TS    65 PTAMS 0x0000000647c00000 NTAMS 0x0000000647c00000 space 1024K, 100% used [0x0000000647c00000, 0x0000000647d00000)
AC   0  O    TS    65 PTAMS 0x0000000647d00000 NTAMS 0x0000000647d00000 space 1024K, 100% used [0x0000000647d00000, 0x0000000647e00000)
AC   0  O    TS    65 PTAMS 0x0000000647e00000 NTAMS 0x0000000647e00000 space 1024K, 100% used [0x0000000647e00000, 0x0000000647f00000)
AC   0  O    TS    65 PTAMS 0x0000000647f00000 NTAMS 0x0000000647f00000 space 1024K, 100% used [0x0000000647f00000, 0x0000000648000000)
AC   0  O    TS    65 PTAMS 0x0000000648000000 NTAMS 0x0000000648000000 space 1024K, 100% used [0x0000000648000000, 0x0000000648100000)
AC   0  O    TS    65 PTAMS 0x0000000648100000 NTAMS 0x0000000648100000 space 1024K, 100% used [0x0000000648100000, 0x0000000648200000)
AC   0  O    TS    65 PTAMS 0x0000000648200000 NTAMS 0x0000000648200000 space 1024K, 100% used [0x0000000648200000, 0x0000000648300000)
AC   0  O    TS    65 PTAMS 0x0000000648300000 NTAMS 0x0000000648300000 space 1024K, 100% used [0x0000000648300000, 0x0000000648400000)
AC   0  O    TS    65 PTAMS 0x0000000648400000 NTAMS 0x0000000648400000 space 1024K, 100% used [0x0000000648400000, 0x0000000648500000)
AC   0  O    TS    75 PTAMS 0x0000000648500000 NTAMS 0x0000000648500000 space 1024K, 100% used [0x0000000648500000, 0x0000000648600000)
AC   0  O    TS    75 PTAMS 0x0000000648600000 NTAMS 0x0000000648600000 space 1024K, 100% used [0x0000000648600000, 0x0000000648700000)
AC   0  O    TS    79 PTAMS 0x0000000648700000 NTAMS 0x0000000648700000 space 1024K, 100% used [0x0000000648700000, 0x0000000648800000)
AC   0  O    TS    79 PTAMS 0x0000000648800000 NTAMS 0x0000000648800000 space 1024K, 100% used [0x0000000648800000, 0x0000000648900000)
AC   0  O    TS    83 PTAMS 0x0000000648900000 NTAMS 0x0000000648900000 space 1024K, 100% used [0x0000000648900000, 0x0000000648a00000)
AC   0  O    TS    83 PTAMS 0x0000000648a00000 NTAMS 0x0000000648a00000 space 1024K, 100% used [0x0000000648a00000, 0x0000000648b00000)
AC   0  O    TS    85 PTAMS 0x0000000648b00000 NTAMS 0x0000000648b00000 space 1024K,  13% used [0x0000000648b00000, 0x0000000648c00000)
AC   0  F    TS     0 PTAMS 0x0000000648c00000 NTAMS 0x0000000648c00000 space 1024K,   0% used [0x0000000648c00000, 0x0000000648d00000)
AC   0  F    TS     0 PTAMS 0x0000000648d00000 NTAMS 0x0000000648d00000 space 1024K,   0% used [0x0000000648d00000, 0x0000000648e00000)
AC   0  F    TS     0 PTAMS 0x0000000648e00000 NTAMS 0x0000000648e00000 space 1024K,   0% used [0x0000000648e00000, 0x0000000648f00000)
AC   0  F    TS     0 PTAMS 0x0000000648f00000 NTAMS 0x0000000648f00000 space 1024K,   0% used [0x0000000648f00000, 0x0000000649000000)
AC   0  F    TS     0 PTAMS 0x0000000649000000 NTAMS 0x0000000649000000 space 1024K,   0% used [0x0000000649000000, 0x0000000649100000)
AC   0 HS    TS     0 PTAMS 0x0000000649100000 NTAMS 0x0000000649100000 space 1024K,  78% used [0x0000000649100000, 0x0000000649200000)
AC   0  O    TS     1 PTAMS 0x0000000649200000 NTAMS 0x0000000649200000 space 1024K, 100% used [0x0000000649200000, 0x0000000649300000)
AC   0  O    TS     1 PTAMS 0x0000000649300000 NTAMS 0x0000000649300000 space 1024K, 100% used [0x0000000649300000, 0x0000000649400000)
AC   0  O    TS     1 PTAMS 0x0000000649400000 NTAMS 0x0000000649400000 space 1024K, 100% used [0x0000000649400000, 0x0000000649500000)
AC   0  O    TS     1 PTAMS 0x0000000649500000 NTAMS 0x0000000649500000 space 1024K, 100% used [0x0000000649500000, 0x0000000649600000)
AC   0  O    TS     1 PTAMS 0x0000000649600000 NTAMS 0x0000000649600000 space 1024K, 100% used [0x0000000649600000, 0x0000000649700000)
AC   0  O    TS     1 PTAMS 0x0000000649700000 NTAMS 0x0000000649700000 space 1024K, 100% used [0x0000000649700000, 0x0000000649800000)
AC   0  O    TS     1 PTAMS 0x0000000649800000 NTAMS 0x0000000649800000 space 1024K, 100% used [0x0000000649800000, 0x0000000649900000)
AC   0  O    TS     1 PTAMS 0x0000000649900000 NTAMS 0x0000000649900000 space 1024K, 100% used [0x0000000649900000, 0x0000000649a00000)
AC   0  O    TS     1 PTAMS 0x0000000649a00000 NTAMS 0x0000000649a00000 space 1024K, 100% used [0x0000000649a00000, 0x0000000649b00000)
AC   0  O    TS     1 PTAMS 0x0000000649b00000 NTAMS 0x0000000649b00000 space 1024K, 100% used [0x0000000649b00000, 0x0000000649c00000)
AC   0  O    TS     1 PTAMS 0x0000000649c00000 NTAMS 0x0000000649c00000 space 1024K, 100% used [0x0000000649c00000, 0x0000000649d00000)
AC   0  O    TS     1 PTAMS 0x0000000649d00000 NTAMS 0x0000000649d00000 space 1024K, 100% used [0x0000000649d00000, 0x0000000649e00000)
AC   0  O    TS     1 PTAMS 0x0000000649e00000 NTAMS 0x0000000649e00000 space 1024K, 100% used [0x0000000649e00000, 0x0000000649f00000)
AC   0  O    TS     1 PTAMS 0x0000000649f00000 NTAMS 0x0000000649f00000 space 1024K, 100% used [0x0000000649f00000, 0x000000064a000000)
AC   0  O    TS     1 PTAMS 0x000000064a000000 NTAMS 0x000000064a000000 space 1024K, 100% used [0x000000064a000000, 0x000000064a100000)
AC   0  O    TS     1 PTAMS 0x000000064a100000 NTAMS 0x000000064a100000 space 1024K, 100% used [0x000000064a100000, 0x000000064a200000)
AC   0  O    TS     1 PTAMS 0x000000064a200000 NTAMS 0x000000064a200000 space 1024K, 100% used [0x000000064a200000, 0x000000064a300000)
AC   0  O    TS     1 PTAMS 0x000000064a300000 NTAMS 0x000000064a300000 space 1024K, 100% used [0x000000064a300000, 0x000000064a400000)
AC   0  O    TS     1 PTAMS 0x000000064a400000 NTAMS 0x000000064a400000 space 1024K, 100% used [0x000000064a400000, 0x000000064a500000)
AC   0  O    TS     1 PTAMS 0x000000064a500000 NTAMS 0x000000064a500000 space 1024K, 100% used [0x000000064a500000, 0x000000064a600000)
AC   0  O    TS     1 PTAMS 0x000000064a600000 NTAMS 0x000000064a600000 space 1024K, 100% used [0x000000064a600000, 0x000000064a700000)
AC   0  O    TS     1 PTAMS 0x000000064a700000 NTAMS 0x000000064a700000 space 1024K, 100% used [0x000000064a700000, 0x000000064a800000)
AC   0  F    TS     0 PTAMS 0x000000064a800000 NTAMS 0x000000064a800000 space 1024K,   0% used [0x000000064a800000, 0x000000064a900000)
AC   0  F    TS     0 PTAMS 0x000000064a900000 NTAMS 0x000000064a900000 space 1024K,   0% used [0x000000064a900000, 0x000000064aa00000)
AC   0  F    TS     0 PTAMS 0x000000064aa00000 NTAMS 0x000000064aa00000 space 1024K,   0% used [0x000000064aa00000, 0x000000064ab00000)
AC   0  F    TS     0 PTAMS 0x000000064ab00000 NTAMS 0x000000064ab00000 space 1024K,   0% used [0x000000064ab00000, 0x000000064ac00000)
AC   0  F    TS     0 PTAMS 0x000000064ac00000 NTAMS 0x000000064ac00000 space 1024K,   0% used [0x000000064ac00000, 0x000000064ad00000)
AC   0  F    TS     0 PTAMS 0x000000064ad00000 NTAMS 0x000000064ad00000 space 1024K,   0% used [0x000000064ad00000, 0x000000064ae00000)
AC   0  F    TS     0 PTAMS 0x000000064ae00000 NTAMS 0x000000064ae00000 space 1024K,   0% used [0x000000064ae00000, 0x000000064af00000)
AC   0  F    TS     0 PTAMS 0x000000064af00000 NTAMS 0x000000064af00000 space 1024K,   0% used [0x000000064af00000, 0x000000064b000000)
AC   0  F    TS     0 PTAMS 0x000000064b000000 NTAMS 0x000000064b000000 space 1024K,   0% used [0x000000064b000000, 0x000000064b100000)
AC   0  F    TS     0 PTAMS 0x000000064b100000 NTAMS 0x000000064b100000 space 1024K,   0% used [0x000000064b100000, 0x000000064b200000)
AC   0  F    TS     0 PTAMS 0x000000064b200000 NTAMS 0x000000064b200000 space 1024K,   0% used [0x000000064b200000, 0x000000064b300000)
AC   0  F    TS     0 PTAMS 0x000000064b300000 NTAMS 0x000000064b300000 space 1024K,   0% used [0x000000064b300000, 0x000000064b400000)
AC   0  F    TS     0 PTAMS 0x000000064b400000 NTAMS 0x000000064b400000 space 1024K,   0% used [0x000000064b400000, 0x000000064b500000)
AC   0  F    TS     0 PTAMS 0x000000064b500000 NTAMS 0x000000064b500000 space 1024K,   0% used [0x000000064b500000, 0x000000064b600000)
AC   0  F    TS     0 PTAMS 0x000000064b600000 NTAMS 0x000000064b600000 space 1024K,   0% used [0x000000064b600000, 0x000000064b700000)
AC   0  F    TS     0 PTAMS 0x000000064b700000 NTAMS 0x000000064b700000 space 1024K,   0% used [0x000000064b700000, 0x000000064b800000)
AC   0  F    TS     0 PTAMS 0x000000064b800000 NTAMS 0x000000064b800000 space 1024K,   0% used [0x000000064b800000, 0x000000064b900000)
AC   0  F    TS     0 PTAMS 0x000000064b900000 NTAMS 0x000000064b900000 space 1024K,   0% used [0x000000064b900000, 0x000000064ba00000)
AC   0  F    TS     0 PTAMS 0x000000064ba00000 NTAMS 0x000000064ba00000 space 1024K,   0% used [0x000000064ba00000, 0x000000064bb00000)
AC   0  F    TS     0 PTAMS 0x000000064bb00000 NTAMS 0x000000064bb00000 space 1024K,   0% used [0x000000064bb00000, 0x000000064bc00000)
AC   0  F    TS     0 PTAMS 0x000000064bc00000 NTAMS 0x000000064bc00000 space 1024K,   0% used [0x000000064bc00000, 0x000000064bd00000)
AC   0  F    TS     0 PTAMS 0x000000064bd00000 NTAMS 0x000000064bd00000 space 1024K,   0% used [0x000000064bd00000, 0x000000064be00000)
AC   0  F    TS     0 PTAMS 0x000000064be00000 NTAMS 0x000000064be00000 space 1024K,   0% used [0x000000064be00000, 0x000000064bf00000)
AC   0  F    TS     0 PTAMS 0x000000064bf00000 NTAMS 0x000000064bf00000 space 1024K,   0% used [0x000000064bf00000, 0x000000064c000000)
AC   0  F    TS     0 PTAMS 0x000000064c000000 NTAMS 0x000000064c000000 space 1024K,   0% used [0x000000064c000000, 0x000000064c100000)
AC   0  F    TS     0 PTAMS 0x000000064c100000 NTAMS 0x000000064c100000 space 1024K,   0% used [0x000000064c100000, 0x000000064c200000)
AC   0  F    TS     0 PTAMS 0x000000064c200000 NTAMS 0x000000064c200000 space 1024K,   0% used [0x000000064c200000, 0x000000064c300000)
AC   0  F    TS     0 PTAMS 0x000000064c300000 NTAMS 0x000000064c300000 space 1024K,   0% used [0x000000064c300000, 0x000000064c400000)
AC   0  F    TS    49 PTAMS 0x000000064c400000 NTAMS 0x000000064c400000 space 1024K,   0% used [0x000000064c400000, 0x000000064c500000)
AC   0  F    TS    47 PTAMS 0x000000064c500000 NTAMS 0x000000064c500000 space 1024K,   0% used [0x000000064c500000, 0x000000064c600000)
AC   0  F    TS    47 PTAMS 0x000000064c600000 NTAMS 0x000000064c600000 space 1024K,   0% used [0x000000064c600000, 0x000000064c700000)
AC   0  F    TS    49 PTAMS 0x000000064c700000 NTAMS 0x000000064c700000 space 1024K,   0% used [0x000000064c700000, 0x000000064c800000)
AC   0  F    TS    49 PTAMS 0x000000064c800000 NTAMS 0x000000064c800000 space 1024K,   0% used [0x000000064c800000, 0x000000064c900000)
AC   0  F    TS    47 PTAMS 0x000000064c900000 NTAMS 0x000000064c900000 space 1024K,   0% used [0x000000064c900000, 0x000000064ca00000)
AC   0  F    TS    49 PTAMS 0x000000064ca00000 NTAMS 0x000000064ca00000 space 1024K,   0% used [0x000000064ca00000, 0x000000064cb00000)
AC   0  F    TS    53 PTAMS 0x000000064cb00000 NTAMS 0x000000064cb00000 space 1024K,   0% used [0x000000064cb00000, 0x000000064cc00000)
AC   0  F    TS    63 PTAMS 0x000000064cc00000 NTAMS 0x000000064cc00000 space 1024K,   0% used [0x000000064cc00000, 0x000000064cd00000)
AC   0  F    TS    63 PTAMS 0x000000064cd00000 NTAMS 0x000000064cd00000 space 1024K,   0% used [0x000000064cd00000, 0x000000064ce00000)
AC   0  F    TS    63 PTAMS 0x000000064ce00000 NTAMS 0x000000064ce00000 space 1024K,   0% used [0x000000064ce00000, 0x000000064cf00000)
AC   0  F    TS    63 PTAMS 0x000000064cf00000 NTAMS 0x000000064cf00000 space 1024K,   0% used [0x000000064cf00000, 0x000000064d000000)
AC   0  F    TS    63 PTAMS 0x000000064d000000 NTAMS 0x000000064d000000 space 1024K,   0% used [0x000000064d000000, 0x000000064d100000)
AC   0  F    TS    63 PTAMS 0x000000064d100000 NTAMS 0x000000064d100000 space 1024K,   0% used [0x000000064d100000, 0x000000064d200000)
AC   0  F    TS    63 PTAMS 0x000000064d200000 NTAMS 0x000000064d200000 space 1024K,   0% used [0x000000064d200000, 0x000000064d300000)
AC   0  F    TS    63 PTAMS 0x000000064d300000 NTAMS 0x000000064d300000 space 1024K,   0% used [0x000000064d300000, 0x000000064d400000)
AC   0  F    TS    63 PTAMS 0x000000064d400000 NTAMS 0x000000064d400000 space 1024K,   0% used [0x000000064d400000, 0x000000064d500000)
AC   0  F    TS    63 PTAMS 0x000000064d500000 NTAMS 0x000000064d500000 space 1024K,   0% used [0x000000064d500000, 0x000000064d600000)
AC   0  F    TS    63 PTAMS 0x000000064d600000 NTAMS 0x000000064d600000 space 1024K,   0% used [0x000000064d600000, 0x000000064d700000)
AC   0  F    TS    63 PTAMS 0x000000064d700000 NTAMS 0x000000064d700000 space 1024K,   0% used [0x000000064d700000, 0x000000064d800000)
AC   0  F    TS    47 PTAMS 0x000000064d800000 NTAMS 0x000000064d800000 space 1024K,   0% used [0x000000064d800000, 0x000000064d900000)
AC   0  F    TS    47 PTAMS 0x000000064d900000 NTAMS 0x000000064d900000 space 1024K,   0% used [0x000000064d900000, 0x000000064da00000)
AC   0  F    TS    47 PTAMS 0x000000064da00000 NTAMS 0x000000064da00000 space 1024K,   0% used [0x000000064da00000, 0x000000064db00000)
AC   0  F    TS    47 PTAMS 0x000000064db00000 NTAMS 0x000000064db00000 space 1024K,   0% used [0x000000064db00000, 0x000000064dc00000)
AC   0  F    TS    47 PTAMS 0x000000064dc00000 NTAMS 0x000000064dc00000 space 1024K,   0% used [0x000000064dc00000, 0x000000064dd00000)
AC   0  F    TS    49 PTAMS 0x000000064dd00000 NTAMS 0x000000064dd00000 space 1024K,   0% used [0x000000064dd00000, 0x000000064de00000)
AC   0  F    TS    47 PTAMS 0x000000064de00000 NTAMS 0x000000064de00000 space 1024K,   0% used [0x000000064de00000, 0x000000064df00000)
AC   0  F    TS    49 PTAMS 0x000000064df00000 NTAMS 0x000000064df00000 space 1024K,   0% used [0x000000064df00000, 0x000000064e000000)
AC   0  F    TS    47 PTAMS 0x000000064e000000 NTAMS 0x000000064e000000 space 1024K,   0% used [0x000000064e000000, 0x000000064e100000)
AC   0  F    TS    49 PTAMS 0x000000064e100000 NTAMS 0x000000064e100000 space 1024K,   0% used [0x000000064e100000, 0x000000064e200000)
AC   0  F    TS    47 PTAMS 0x000000064e200000 NTAMS 0x000000064e200000 space 1024K,   0% used [0x000000064e200000, 0x000000064e300000)
AC   0  F    TS    49 PTAMS 0x000000064e300000 NTAMS 0x000000064e300000 space 1024K,   0% used [0x000000064e300000, 0x000000064e400000)
AC   0  F    TS    47 PTAMS 0x000000064e400000 NTAMS 0x000000064e400000 space 1024K,   0% used [0x000000064e400000, 0x000000064e500000)
AC   0  F    TS    47 PTAMS 0x000000064e500000 NTAMS 0x000000064e500000 space 1024K,   0% used [0x000000064e500000, 0x000000064e600000)
AC   0  F    TS    49 PTAMS 0x000000064e600000 NTAMS 0x000000064e600000 space 1024K,   0% used [0x000000064e600000, 0x000000064e700000)
AC   0  F    TS    47 PTAMS 0x000000064e700000 NTAMS 0x000000064e700000 space 1024K,   0% used [0x000000064e700000, 0x000000064e800000)
AC   0  F    TS    47 PTAMS 0x000000064e800000 NTAMS 0x000000064e800000 space 1024K,   0% used [0x000000064e800000, 0x000000064e900000)
AC   0  F    TS    49 PTAMS 0x000000064e900000 NTAMS 0x000000064e900000 space 1024K,   0% used [0x000000064e900000, 0x000000064ea00000)
AC   0  F    TS    49 PTAMS 0x000000064ea00000 NTAMS 0x000000064ea00000 space 1024K,   0% used [0x000000064ea00000, 0x000000064eb00000)
AC   0  F    TS     0 PTAMS 0x000000064eb00000 NTAMS 0x000000064eb00000 space 1024K,   0% used [0x000000064eb00000, 0x000000064ec00000)
AC   0  F    TS    59 PTAMS 0x000000064ec00000 NTAMS 0x000000064ec00000 space 1024K,   0% used [0x000000064ec00000, 0x000000064ed00000)
AC   0  F    TS    59 PTAMS 0x000000064ed00000 NTAMS 0x000000064ed00000 space 1024K,   0% used [0x000000064ed00000, 0x000000064ee00000)
AC   0  F    TS    59 PTAMS 0x000000064ee00000 NTAMS 0x000000064ee00000 space 1024K,   0% used [0x000000064ee00000, 0x000000064ef00000)
AC   0  F    TS    59 PTAMS 0x000000064ef00000 NTAMS 0x000000064ef00000 space 1024K,   0% used [0x000000064ef00000, 0x000000064f000000)
AC   0  F    TS    59 PTAMS 0x000000064f000000 NTAMS 0x000000064f000000 space 1024K,   0% used [0x000000064f000000, 0x000000064f100000)
AC   0  F    TS    59 PTAMS 0x000000064f100000 NTAMS 0x000000064f100000 space 1024K,   0% used [0x000000064f100000, 0x000000064f200000)
AC   0  F    TS    59 PTAMS 0x000000064f200000 NTAMS 0x000000064f200000 space 1024K,   0% used [0x000000064f200000, 0x000000064f300000)
AC   0  F    TS    59 PTAMS 0x000000064f300000 NTAMS 0x000000064f300000 space 1024K,   0% used [0x000000064f300000, 0x000000064f400000)
AC   0  F    TS    59 PTAMS 0x000000064f400000 NTAMS 0x000000064f400000 space 1024K,   0% used [0x000000064f400000, 0x000000064f500000)
AC   0  F    TS    59 PTAMS 0x000000064f500000 NTAMS 0x000000064f500000 space 1024K,   0% used [0x000000064f500000, 0x000000064f600000)
AC   0  F    TS    59 PTAMS 0x000000064f600000 NTAMS 0x000000064f600000 space 1024K,   0% used [0x000000064f600000, 0x000000064f700000)
AC   0  F    TS    59 PTAMS 0x000000064f700000 NTAMS 0x000000064f700000 space 1024K,   0% used [0x000000064f700000, 0x000000064f800000)
AC   0  F    TS    59 PTAMS 0x000000064f800000 NTAMS 0x000000064f800000 space 1024K,   0% used [0x000000064f800000, 0x000000064f900000)
AC   0  F    TS     0 PTAMS 0x000000064f900000 NTAMS 0x000000064f900000 space 1024K,   0% used [0x000000064f900000, 0x000000064fa00000)
AC   0  F    TS    13 PTAMS 0x000000064fa00000 NTAMS 0x000000064fa00000 space 1024K,   0% used [0x000000064fa00000, 0x000000064fb00000)
AC   0  F    TS    13 PTAMS 0x000000064fb00000 NTAMS 0x000000064fb00000 space 1024K,   0% used [0x000000064fb00000, 0x000000064fc00000)
AC   0  F    TS    13 PTAMS 0x000000064fc00000 NTAMS 0x000000064fc00000 space 1024K,   0% used [0x000000064fc00000, 0x000000064fd00000)
AC   0  F    TS    13 PTAMS 0x000000064fd00000 NTAMS 0x000000064fd00000 space 1024K,   0% used [0x000000064fd00000, 0x000000064fe00000)
AC   0  F    TS    13 PTAMS 0x000000064fe00000 NTAMS 0x000000064fe00000 space 1024K,   0% used [0x000000064fe00000, 0x000000064ff00000)
AC   0  F    TS    13 PTAMS 0x000000064ff00000 NTAMS 0x000000064ff00000 space 1024K,   0% used [0x000000064ff00000, 0x0000000650000000)
AC   0  F    TS    13 PTAMS 0x0000000650000000 NTAMS 0x0000000650000000 space 1024K,   0% used [0x0000000650000000, 0x0000000650100000)
AC   0  F    TS    13 PTAMS 0x0000000650100000 NTAMS 0x0000000650100000 space 1024K,   0% used [0x0000000650100000, 0x0000000650200000)
AC   0  F    TS    13 PTAMS 0x0000000650200000 NTAMS 0x0000000650200000 space 1024K,   0% used [0x0000000650200000, 0x0000000650300000)
AC   0  F    TS    13 PTAMS 0x0000000650300000 NTAMS 0x0000000650300000 space 1024K,   0% used [0x0000000650300000, 0x0000000650400000)
AC   0  F    TS    13 PTAMS 0x0000000650400000 NTAMS 0x0000000650400000 space 1024K,   0% used [0x0000000650400000, 0x0000000650500000)
AC   0  F    TS    13 PTAMS 0x0000000650500000 NTAMS 0x0000000650500000 space 1024K,   0% used [0x0000000650500000, 0x0000000650600000)
AC   0  F    TS    13 PTAMS 0x0000000650600000 NTAMS 0x0000000650600000 space 1024K,   0% used [0x0000000650600000, 0x0000000650700000)
AC   0  F    TS    13 PTAMS 0x0000000650700000 NTAMS 0x0000000650700000 space 1024K,   0% used [0x0000000650700000, 0x0000000650800000)
AC   0  F    TS     0 PTAMS 0x0000000650800000 NTAMS 0x0000000650800000 space 1024K,   0% used [0x0000000650800000, 0x0000000650900000)
AC   0  F    TS     0 PTAMS 0x0000000650900000 NTAMS 0x0000000650900000 space 1024K,   0% used [0x0000000650900000, 0x0000000650a00000)
AC   0  F    TS     0 PTAMS 0x0000000650a00000 NTAMS 0x0000000650a00000 space 1024K,   0% used [0x0000000650a00000, 0x0000000650b00000)
AC   0  F    TS     0 PTAMS 0x0000000650b00000 NTAMS 0x0000000650b00000 space 1024K,   0% used [0x0000000650b00000, 0x0000000650c00000)
AC   0  F    TS     0 PTAMS 0x0000000650c00000 NTAMS 0x0000000650c00000 space 1024K,   0% used [0x0000000650c00000, 0x0000000650d00000)
AC   0  F    TS     0 PTAMS 0x0000000650d00000 NTAMS 0x0000000650d00000 space 1024K,   0% used [0x0000000650d00000, 0x0000000650e00000)
AC   0  F    TS     0 PTAMS 0x0000000650e00000 NTAMS 0x0000000650e00000 space 1024K,   0% used [0x0000000650e00000, 0x0000000650f00000)
AC   0  F    TS     0 PTAMS 0x0000000650f00000 NTAMS 0x0000000650f00000 space 1024K,   0% used [0x0000000650f00000, 0x0000000651000000)
AC   0  F    TS     0 PTAMS 0x0000000651000000 NTAMS 0x0000000651000000 space 1024K,   0% used [0x0000000651000000, 0x0000000651100000)
AC   0  F    TS     0 PTAMS 0x0000000651100000 NTAMS 0x0000000651100000 space 1024K,   0% used [0x0000000651100000, 0x0000000651200000)
AC   0  F    TS     0 PTAMS 0x0000000651200000 NTAMS 0x0000000651200000 space 1024K,   0% used [0x0000000651200000, 0x0000000651300000)
AC   0  F    TS     0 PTAMS 0x0000000651300000 NTAMS 0x0000000651300000 space 1024K,   0% used [0x0000000651300000, 0x0000000651400000)
AC   0  F    TS     0 PTAMS 0x0000000651400000 NTAMS 0x0000000651400000 space 1024K,   0% used [0x0000000651400000, 0x0000000651500000)
AC   0  F    TS     0 PTAMS 0x0000000651500000 NTAMS 0x0000000651500000 space 1024K,   0% used [0x0000000651500000, 0x0000000651600000)
AC   0  F    TS     0 PTAMS 0x0000000651600000 NTAMS 0x0000000651600000 space 1024K,   0% used [0x0000000651600000, 0x0000000651700000)
AC   0  F    TS     0 PTAMS 0x0000000651700000 NTAMS 0x0000000651700000 space 1024K,   0% used [0x0000000651700000, 0x0000000651800000)
AC   0  F    TS     0 PTAMS 0x0000000651800000 NTAMS 0x0000000651800000 space 1024K,   0% used [0x0000000651800000, 0x0000000651900000)
AC   0  F    TS     0 PTAMS 0x0000000651900000 NTAMS 0x0000000651900000 space 1024K,   0% used [0x0000000651900000, 0x0000000651a00000)
AC   0  F    TS     0 PTAMS 0x0000000651a00000 NTAMS 0x0000000651a00000 space 1024K,   0% used [0x0000000651a00000, 0x0000000651b00000)
AC   0  F    TS     0 PTAMS 0x0000000651b00000 NTAMS 0x0000000651b00000 space 1024K,   0% used [0x0000000651b00000, 0x0000000651c00000)
AC   0  F    TS     0 PTAMS 0x0000000651c00000 NTAMS 0x0000000651c00000 space 1024K,   0% used [0x0000000651c00000, 0x0000000651d00000)
AC   0  F    TS    17 PTAMS 0x0000000651d00000 NTAMS 0x0000000651d00000 space 1024K,   0% used [0x0000000651d00000, 0x0000000651e00000)
AC   0  F    TS    17 PTAMS 0x0000000651e00000 NTAMS 0x0000000651e00000 space 1024K,   0% used [0x0000000651e00000, 0x0000000651f00000)
AC   0  F    TS    17 PTAMS 0x0000000651f00000 NTAMS 0x0000000651f00000 space 1024K,   0% used [0x0000000651f00000, 0x0000000652000000)
AC   0  F    TS    17 PTAMS 0x0000000652000000 NTAMS 0x0000000652000000 space 1024K,   0% used [0x0000000652000000, 0x0000000652100000)
AC   0  F    TS    17 PTAMS 0x0000000652100000 NTAMS 0x0000000652100000 space 1024K,   0% used [0x0000000652100000, 0x0000000652200000)
AC   0  F    TS    17 PTAMS 0x0000000652200000 NTAMS 0x0000000652200000 space 1024K,   0% used [0x0000000652200000, 0x0000000652300000)
AC   0  F    TS    17 PTAMS 0x0000000652300000 NTAMS 0x0000000652300000 space 1024K,   0% used [0x0000000652300000, 0x0000000652400000)
AC   0  F    TS    17 PTAMS 0x0000000652400000 NTAMS 0x0000000652400000 space 1024K,   0% used [0x0000000652400000, 0x0000000652500000)
AC   0  F    TS    17 PTAMS 0x0000000652500000 NTAMS 0x0000000652500000 space 1024K,   0% used [0x0000000652500000, 0x0000000652600000)
AC   0  F    TS    17 PTAMS 0x0000000652600000 NTAMS 0x0000000652600000 space 1024K,   0% used [0x0000000652600000, 0x0000000652700000)
AC   0  F    TS    17 PTAMS 0x0000000652700000 NTAMS 0x0000000652700000 space 1024K,   0% used [0x0000000652700000, 0x0000000652800000)
AC   0  F    TS    17 PTAMS 0x0000000652800000 NTAMS 0x0000000652800000 space 1024K,   0% used [0x0000000652800000, 0x0000000652900000)
AC   0  F    TS    17 PTAMS 0x0000000652900000 NTAMS 0x0000000652900000 space 1024K,   0% used [0x0000000652900000, 0x0000000652a00000)
AC   0  F    TS    17 PTAMS 0x0000000652a00000 NTAMS 0x0000000652a00000 space 1024K,   0% used [0x0000000652a00000, 0x0000000652b00000)
AC   0  F    TS    17 PTAMS 0x0000000652b00000 NTAMS 0x0000000652b00000 space 1024K,   0% used [0x0000000652b00000, 0x0000000652c00000)
AC   0  F    TS    17 PTAMS 0x0000000652c00000 NTAMS 0x0000000652c00000 space 1024K,   0% used [0x0000000652c00000, 0x0000000652d00000)
AC   0  F    TS    17 PTAMS 0x0000000652d00000 NTAMS 0x0000000652d00000 space 1024K,   0% used [0x0000000652d00000, 0x0000000652e00000)
AC   0  F    TS     0 PTAMS 0x0000000652e00000 NTAMS 0x0000000652e00000 space 1024K,   0% used [0x0000000652e00000, 0x0000000652f00000)
AC   0  F    TS     0 PTAMS 0x0000000652f00000 NTAMS 0x0000000652f00000 space 1024K,   0% used [0x0000000652f00000, 0x0000000653000000)
AC   0  F    TS     0 PTAMS 0x0000000653000000 NTAMS 0x0000000653000000 space 1024K,   0% used [0x0000000653000000, 0x0000000653100000)
AC   0  F    TS     0 PTAMS 0x0000000653100000 NTAMS 0x0000000653100000 space 1024K,   0% used [0x0000000653100000, 0x0000000653200000)
AC   0  F    TS     0 PTAMS 0x0000000653200000 NTAMS 0x0000000653200000 space 1024K,   0% used [0x0000000653200000, 0x0000000653300000)
AC   0  F    TS     0 PTAMS 0x0000000653300000 NTAMS 0x0000000653300000 space 1024K,   0% used [0x0000000653300000, 0x0000000653400000)
AC   0  F    TS     0 PTAMS 0x0000000653400000 NTAMS 0x0000000653400000 space 1024K,   0% used [0x0000000653400000, 0x0000000653500000)
AC   0  F    TS     0 PTAMS 0x0000000653500000 NTAMS 0x0000000653500000 space 1024K,   0% used [0x0000000653500000, 0x0000000653600000)
AC   0  F    TS     0 PTAMS 0x0000000653600000 NTAMS 0x0000000653600000 space 1024K,   0% used [0x0000000653600000, 0x0000000653700000)
AC   0  F    TS     0 PTAMS 0x0000000653700000 NTAMS 0x0000000653700000 space 1024K,   0% used [0x0000000653700000, 0x0000000653800000)
AC   0  F    TS     0 PTAMS 0x0000000653800000 NTAMS 0x0000000653800000 space 1024K,   0% used [0x0000000653800000, 0x0000000653900000)
AC   0  F    TS     0 PTAMS 0x0000000653900000 NTAMS 0x0000000653900000 space 1024K,   0% used [0x0000000653900000, 0x0000000653a00000)
AC   0  F    TS     0 PTAMS 0x0000000653a00000 NTAMS 0x0000000653a00000 space 1024K,   0% used [0x0000000653a00000, 0x0000000653b00000)
AC   0  F    TS     0 PTAMS 0x0000000653b00000 NTAMS 0x0000000653b00000 space 1024K,   0% used [0x0000000653b00000, 0x0000000653c00000)
AC   0  F    TS     0 PTAMS 0x0000000653c00000 NTAMS 0x0000000653c00000 space 1024K,   0% used [0x0000000653c00000, 0x0000000653d00000)
AC   0  F    TS     0 PTAMS 0x0000000653d00000 NTAMS 0x0000000653d00000 space 1024K,   0% used [0x0000000653d00000, 0x0000000653e00000)
AC   0  F    TS     0 PTAMS 0x0000000653e00000 NTAMS 0x0000000653e00000 space 1024K,   0% used [0x0000000653e00000, 0x0000000653f00000)
AC   0  F    TS     0 PTAMS 0x0000000653f00000 NTAMS 0x0000000653f00000 space 1024K,   0% used [0x0000000653f00000, 0x0000000654000000)
AC   0  F    TS     0 PTAMS 0x0000000654000000 NTAMS 0x0000000654000000 space 1024K,   0% used [0x0000000654000000, 0x0000000654100000)
AC   0  F    TS     0 PTAMS 0x0000000654100000 NTAMS 0x0000000654100000 space 1024K,   0% used [0x0000000654100000, 0x0000000654200000)
AC   0  F    TS     0 PTAMS 0x0000000654200000 NTAMS 0x0000000654200000 space 1024K,   0% used [0x0000000654200000, 0x0000000654300000)
AC   0  F    TS     0 PTAMS 0x0000000654300000 NTAMS 0x0000000654300000 space 1024K,   0% used [0x0000000654300000, 0x0000000654400000)
AC   0  F    TS     0 PTAMS 0x0000000654400000 NTAMS 0x0000000654400000 space 1024K,   0% used [0x0000000654400000, 0x0000000654500000)
AC   0  F    TS    55 PTAMS 0x0000000654500000 NTAMS 0x0000000654500000 space 1024K,   0% used [0x0000000654500000, 0x0000000654600000)
AC   0  F    TS    55 PTAMS 0x0000000654600000 NTAMS 0x0000000654600000 space 1024K,   0% used [0x0000000654600000, 0x0000000654700000)
AC   0  F    TS    55 PTAMS 0x0000000654700000 NTAMS 0x0000000654700000 space 1024K,   0% used [0x0000000654700000, 0x0000000654800000)
AC   0  F    TS    55 PTAMS 0x0000000654800000 NTAMS 0x0000000654800000 space 1024K,   0% used [0x0000000654800000, 0x0000000654900000)
AC   0  F    TS    55 PTAMS 0x0000000654900000 NTAMS 0x0000000654900000 space 1024K,   0% used [0x0000000654900000, 0x0000000654a00000)
AC   0  F    TS    55 PTAMS 0x0000000654a00000 NTAMS 0x0000000654a00000 space 1024K,   0% used [0x0000000654a00000, 0x0000000654b00000)
AC   0  F    TS    55 PTAMS 0x0000000654b00000 NTAMS 0x0000000654b00000 space 1024K,   0% used [0x0000000654b00000, 0x0000000654c00000)
AC   0  F    TS    55 PTAMS 0x0000000654c00000 NTAMS 0x0000000654c00000 space 1024K,   0% used [0x0000000654c00000, 0x0000000654d00000)
AC   0  F    TS    55 PTAMS 0x0000000654d00000 NTAMS 0x0000000654d00000 space 1024K,   0% used [0x0000000654d00000, 0x0000000654e00000)
AC   0  F    TS    55 PTAMS 0x0000000654e00000 NTAMS 0x0000000654e00000 space 1024K,   0% used [0x0000000654e00000, 0x0000000654f00000)
AC   0  F    TS    55 PTAMS 0x0000000654f00000 NTAMS 0x0000000654f00000 space 1024K,   0% used [0x0000000654f00000, 0x0000000655000000)
AC   0  F    TS    55 PTAMS 0x0000000655000000 NTAMS 0x0000000655000000 space 1024K,   0% used [0x0000000655000000, 0x0000000655100000)
AC   0  F    TS    55 PTAMS 0x0000000655100000 NTAMS 0x0000000655100000 space 1024K,   0% used [0x0000000655100000, 0x0000000655200000)
AC   0  F    TS    55 PTAMS 0x0000000655200000 NTAMS 0x0000000655200000 space 1024K,   0% used [0x0000000655200000, 0x0000000655300000)
AC   0  F    TS    55 PTAMS 0x0000000655300000 NTAMS 0x0000000655300000 space 1024K,   0% used [0x0000000655300000, 0x0000000655400000)
AC   0  F    TS    55 PTAMS 0x0000000655400000 NTAMS 0x0000000655400000 space 1024K,   0% used [0x0000000655400000, 0x0000000655500000)
AC   0  F    TS    55 PTAMS 0x0000000655500000 NTAMS 0x0000000655500000 space 1024K,   0% used [0x0000000655500000, 0x0000000655600000)
AC   0  F    TS    55 PTAMS 0x0000000655600000 NTAMS 0x0000000655600000 space 1024K,   0% used [0x0000000655600000, 0x0000000655700000)
AC   0  F    TS    55 PTAMS 0x0000000655700000 NTAMS 0x0000000655700000 space 1024K,   0% used [0x0000000655700000, 0x0000000655800000)
AC   0  F    TS    55 PTAMS 0x0000000655800000 NTAMS 0x0000000655800000 space 1024K,   0% used [0x0000000655800000, 0x0000000655900000)
AC   0  F    TS    55 PTAMS 0x0000000655900000 NTAMS 0x0000000655900000 space 1024K,   0% used [0x0000000655900000, 0x0000000655a00000)
AC   0  F    TS     0 PTAMS 0x0000000655a00000 NTAMS 0x0000000655a00000 space 1024K,   0% used [0x0000000655a00000, 0x0000000655b00000)
AC   0  F    TS     0 PTAMS 0x0000000655b00000 NTAMS 0x0000000655b00000 space 1024K,   0% used [0x0000000655b00000, 0x0000000655c00000)
AC   0  F    TS     0 PTAMS 0x0000000655c00000 NTAMS 0x0000000655c00000 space 1024K,   0% used [0x0000000655c00000, 0x0000000655d00000)
AC   0  F    TS     0 PTAMS 0x0000000655d00000 NTAMS 0x0000000655d00000 space 1024K,   0% used [0x0000000655d00000, 0x0000000655e00000)
AC   0  F    TS     0 PTAMS 0x0000000655e00000 NTAMS 0x0000000655e00000 space 1024K,   0% used [0x0000000655e00000, 0x0000000655f00000)
AC   0  F    TS     0 PTAMS 0x0000000655f00000 NTAMS 0x0000000655f00000 space 1024K,   0% used [0x0000000655f00000, 0x0000000656000000)
AC   0  F    TS     0 PTAMS 0x0000000656000000 NTAMS 0x0000000656000000 space 1024K,   0% used [0x0000000656000000, 0x0000000656100000)
AC   0  F    TS     0 PTAMS 0x0000000656100000 NTAMS 0x0000000656100000 space 1024K,   0% used [0x0000000656100000, 0x0000000656200000)
AC   0  F    TS     0 PTAMS 0x0000000656200000 NTAMS 0x0000000656200000 space 1024K,   0% used [0x0000000656200000, 0x0000000656300000)
AC   0  F    TS     0 PTAMS 0x0000000656300000 NTAMS 0x0000000656300000 space 1024K,   0% used [0x0000000656300000, 0x0000000656400000)
AC   0  F    TS     0 PTAMS 0x0000000656400000 NTAMS 0x0000000656400000 space 1024K,   0% used [0x0000000656400000, 0x0000000656500000)
AC   0  F    TS     0 PTAMS 0x0000000656500000 NTAMS 0x0000000656500000 space 1024K,   0% used [0x0000000656500000, 0x0000000656600000)
AC   0  F    TS     0 PTAMS 0x0000000656600000 NTAMS 0x0000000656600000 space 1024K,   0% used [0x0000000656600000, 0x0000000656700000)
AC   0  F    TS     0 PTAMS 0x0000000656700000 NTAMS 0x0000000656700000 space 1024K,   0% used [0x0000000656700000, 0x0000000656800000)
AC   0  F    TS     0 PTAMS 0x0000000656800000 NTAMS 0x0000000656800000 space 1024K,   0% used [0x0000000656800000, 0x0000000656900000)
AC   0  F    TS     0 PTAMS 0x0000000656900000 NTAMS 0x0000000656900000 space 1024K,   0% used [0x0000000656900000, 0x0000000656a00000)
AC   0  F    TS     0 PTAMS 0x0000000656a00000 NTAMS 0x0000000656a00000 space 1024K,   0% used [0x0000000656a00000, 0x0000000656b00000)
AC   0  F    TS     0 PTAMS 0x0000000656b00000 NTAMS 0x0000000656b00000 space 1024K,   0% used [0x0000000656b00000, 0x0000000656c00000)
AC   0  F    TS     0 PTAMS 0x0000000656c00000 NTAMS 0x0000000656c00000 space 1024K,   0% used [0x0000000656c00000, 0x0000000656d00000)
AC   0  F    TS     0 PTAMS 0x0000000656d00000 NTAMS 0x0000000656d00000 space 1024K,   0% used [0x0000000656d00000, 0x0000000656e00000)
AC   0  F    TS     0 PTAMS 0x0000000656e00000 NTAMS 0x0000000656e00000 space 1024K,   0% used [0x0000000656e00000, 0x0000000656f00000)
AC   0  F    TS     0 PTAMS 0x0000000656f00000 NTAMS 0x0000000656f00000 space 1024K,   0% used [0x0000000656f00000, 0x0000000657000000)
AC   0  F    TS     5 PTAMS 0x0000000657000000 NTAMS 0x0000000657000000 space 1024K,   0% used [0x0000000657000000, 0x0000000657100000)
AC   0  F    TS     5 PTAMS 0x0000000657100000 NTAMS 0x0000000657100000 space 1024K,   0% used [0x0000000657100000, 0x0000000657200000)
AC   0  F    TS     5 PTAMS 0x0000000657200000 NTAMS 0x0000000657200000 space 1024K,   0% used [0x0000000657200000, 0x0000000657300000)
AC   0  F    TS     5 PTAMS 0x0000000657300000 NTAMS 0x0000000657300000 space 1024K,   0% used [0x0000000657300000, 0x0000000657400000)
AC   0  F    TS     5 PTAMS 0x0000000657400000 NTAMS 0x0000000657400000 space 1024K,   0% used [0x0000000657400000, 0x0000000657500000)
AC   0  F    TS     5 PTAMS 0x0000000657500000 NTAMS 0x0000000657500000 space 1024K,   0% used [0x0000000657500000, 0x0000000657600000)
AC   0  F    TS     5 PTAMS 0x0000000657600000 NTAMS 0x0000000657600000 space 1024K,   0% used [0x0000000657600000, 0x0000000657700000)
AC   0  F    TS     5 PTAMS 0x0000000657700000 NTAMS 0x0000000657700000 space 1024K,   0% used [0x0000000657700000, 0x0000000657800000)
AC   0  F    TS     5 PTAMS 0x0000000657800000 NTAMS 0x0000000657800000 space 1024K,   0% used [0x0000000657800000, 0x0000000657900000)
AC   0  F    TS     5 PTAMS 0x0000000657900000 NTAMS 0x0000000657900000 space 1024K,   0% used [0x0000000657900000, 0x0000000657a00000)
AC   0  F    TS     5 PTAMS 0x0000000657a00000 NTAMS 0x0000000657a00000 space 1024K,   0% used [0x0000000657a00000, 0x0000000657b00000)
AC   0  F    TS     1 PTAMS 0x0000000657b00000 NTAMS 0x0000000657b00000 space 1024K,   0% used [0x0000000657b00000, 0x0000000657c00000)
AC   0  F    TS     1 PTAMS 0x0000000657c00000 NTAMS 0x0000000657c00000 space 1024K,   0% used [0x0000000657c00000, 0x0000000657d00000)
AC   0  F    TS     1 PTAMS 0x0000000657d00000 NTAMS 0x0000000657d00000 space 1024K,   0% used [0x0000000657d00000, 0x0000000657e00000)
AC   0  F    TS     1 PTAMS 0x0000000657e00000 NTAMS 0x0000000657e00000 space 1024K,   0% used [0x0000000657e00000, 0x0000000657f00000)
AC   0  F    TS     1 PTAMS 0x0000000657f00000 NTAMS 0x0000000657f00000 space 1024K,   0% used [0x0000000657f00000, 0x0000000658000000)
AC   0  F    TS     1 PTAMS 0x0000000658000000 NTAMS 0x0000000658000000 space 1024K,   0% used [0x0000000658000000, 0x0000000658100000)
AC   0  F    TS     1 PTAMS 0x0000000658100000 NTAMS 0x0000000658100000 space 1024K,   0% used [0x0000000658100000, 0x0000000658200000)
AC   0  F    TS     1 PTAMS 0x0000000658200000 NTAMS 0x0000000658200000 space 1024K,   0% used [0x0000000658200000, 0x0000000658300000)
AC   0  F    TS     1 PTAMS 0x0000000658300000 NTAMS 0x0000000658300000 space 1024K,   0% used [0x0000000658300000, 0x0000000658400000)
AC   0  F    TS     1 PTAMS 0x0000000658400000 NTAMS 0x0000000658400000 space 1024K,   0% used [0x0000000658400000, 0x0000000658500000)
AC   0  F    TS     1 PTAMS 0x0000000658500000 NTAMS 0x0000000658500000 space 1024K,   0% used [0x0000000658500000, 0x0000000658600000)
AC   0  F    TS     1 PTAMS 0x0000000658600000 NTAMS 0x0000000658600000 space 1024K,   0% used [0x0000000658600000, 0x0000000658700000)
AC   0  F    TS     0 PTAMS 0x0000000658700000 NTAMS 0x0000000658700000 space 1024K,   0% used [0x0000000658700000, 0x0000000658800000)
AC   0  F    TS     0 PTAMS 0x0000000658800000 NTAMS 0x0000000658800000 space 1024K,   0% used [0x0000000658800000, 0x0000000658900000)
AC   0  F    TS     0 PTAMS 0x0000000658900000 NTAMS 0x0000000658900000 space 1024K,   0% used [0x0000000658900000, 0x0000000658a00000)
AC   0  F    TS     0 PTAMS 0x0000000658a00000 NTAMS 0x0000000658a00000 space 1024K,   0% used [0x0000000658a00000, 0x0000000658b00000)
AC   0  F    TS     0 PTAMS 0x0000000658b00000 NTAMS 0x0000000658b00000 space 1024K,   0% used [0x0000000658b00000, 0x0000000658c00000)
AC   0  F    TS     0 PTAMS 0x0000000658c00000 NTAMS 0x0000000658c00000 space 1024K,   0% used [0x0000000658c00000, 0x0000000658d00000)
AC   0  F    TS     0 PTAMS 0x0000000658d00000 NTAMS 0x0000000658d00000 space 1024K,   0% used [0x0000000658d00000, 0x0000000658e00000)
AC   0  F    TS     3 PTAMS 0x0000000658e00000 NTAMS 0x0000000658e00000 space 1024K,   0% used [0x0000000658e00000, 0x0000000658f00000)
AC   0  F    TS     3 PTAMS 0x0000000658f00000 NTAMS 0x0000000658f00000 space 1024K,   0% used [0x0000000658f00000, 0x0000000659000000)
AC   0  F    TS     3 PTAMS 0x0000000659000000 NTAMS 0x0000000659000000 space 1024K,   0% used [0x0000000659000000, 0x0000000659100000)
AC   0  F    TS     3 PTAMS 0x0000000659100000 NTAMS 0x0000000659100000 space 1024K,   0% used [0x0000000659100000, 0x0000000659200000)
AC   0  F    TS     3 PTAMS 0x0000000659200000 NTAMS 0x0000000659200000 space 1024K,   0% used [0x0000000659200000, 0x0000000659300000)
AC   0  F    TS     3 PTAMS 0x0000000659300000 NTAMS 0x0000000659300000 space 1024K,   0% used [0x0000000659300000, 0x0000000659400000)
AC   0  F    TS     3 PTAMS 0x0000000659400000 NTAMS 0x0000000659400000 space 1024K,   0% used [0x0000000659400000, 0x0000000659500000)
AC   0  F    TS     3 PTAMS 0x0000000659500000 NTAMS 0x0000000659500000 space 1024K,   0% used [0x0000000659500000, 0x0000000659600000)
AC   0  F    TS     3 PTAMS 0x0000000659600000 NTAMS 0x0000000659600000 space 1024K,   0% used [0x0000000659600000, 0x0000000659700000)
AC   0  F    TS     3 PTAMS 0x0000000659700000 NTAMS 0x0000000659700000 space 1024K,   0% used [0x0000000659700000, 0x0000000659800000)
AC   0  F    TS     3 PTAMS 0x0000000659800000 NTAMS 0x0000000659800000 space 1024K,   0% used [0x0000000659800000, 0x0000000659900000)
AC   0  F    TS     0 PTAMS 0x0000000659900000 NTAMS 0x0000000659900000 space 1024K,   0% used [0x0000000659900000, 0x0000000659a00000)
AC   0  F    TS     0 PTAMS 0x0000000659a00000 NTAMS 0x0000000659a00000 space 1024K,   0% used [0x0000000659a00000, 0x0000000659b00000)
AC   0  F    TS     0 PTAMS 0x0000000659b00000 NTAMS 0x0000000659b00000 space 1024K,   0% used [0x0000000659b00000, 0x0000000659c00000)
AC   0  F    TS     0 PTAMS 0x0000000659c00000 NTAMS 0x0000000659c00000 space 1024K,   0% used [0x0000000659c00000, 0x0000000659d00000)
AC   0  F    TS     0 PTAMS 0x0000000659d00000 NTAMS 0x0000000659d00000 space 1024K,   0% used [0x0000000659d00000, 0x0000000659e00000)
AC   0  F    TS     0 PTAMS 0x0000000659e00000 NTAMS 0x0000000659e00000 space 1024K,   0% used [0x0000000659e00000, 0x0000000659f00000)
AC   0  F    TS     0 PTAMS 0x0000000659f00000 NTAMS 0x0000000659f00000 space 1024K,   0% used [0x0000000659f00000, 0x000000065a000000)
AC   0  F    TS     0 PTAMS 0x000000065a000000 NTAMS 0x000000065a000000 space 1024K,   0% used [0x000000065a000000, 0x000000065a100000)
AC   0  F    TS     0 PTAMS 0x000000065a100000 NTAMS 0x000000065a100000 space 1024K,   0% used [0x000000065a100000, 0x000000065a200000)
AC   0  F    TS     0 PTAMS 0x000000065a200000 NTAMS 0x000000065a200000 space 1024K,   0% used [0x000000065a200000, 0x000000065a300000)
AC   0  F    TS     0 PTAMS 0x000000065a300000 NTAMS 0x000000065a300000 space 1024K,   0% used [0x000000065a300000, 0x000000065a400000)
AC   0  F    TS     0 PTAMS 0x000000065a400000 NTAMS 0x000000065a400000 space 1024K,   0% used [0x000000065a400000, 0x000000065a500000)
AC   0  F    TS     0 PTAMS 0x000000065a500000 NTAMS 0x000000065a500000 space 1024K,   0% used [0x000000065a500000, 0x000000065a600000)
AC   0  F    TS     0 PTAMS 0x000000065a600000 NTAMS 0x000000065a600000 space 1024K,   0% used [0x000000065a600000, 0x000000065a700000)
AC   0  F    TS     0 PTAMS 0x000000065a700000 NTAMS 0x000000065a700000 space 1024K,   0% used [0x000000065a700000, 0x000000065a800000)
AC   0  F    TS     0 PTAMS 0x000000065a800000 NTAMS 0x000000065a800000 space 1024K,   0% used [0x000000065a800000, 0x000000065a900000)
AC   0  F    TS     0 PTAMS 0x000000065a900000 NTAMS 0x000000065a900000 space 1024K,   0% used [0x000000065a900000, 0x000000065aa00000)
AC   0  F    TS     0 PTAMS 0x000000065aa00000 NTAMS 0x000000065aa00000 space 1024K,   0% used [0x000000065aa00000, 0x000000065ab00000)
AC   0  F    TS     0 PTAMS 0x000000065ab00000 NTAMS 0x000000065ab00000 space 1024K,   0% used [0x000000065ab00000, 0x000000065ac00000)
AC   0  F    TS     0 PTAMS 0x000000065ac00000 NTAMS 0x000000065ac00000 space 1024K,   0% used [0x000000065ac00000, 0x000000065ad00000)
AC   0  F    TS     0 PTAMS 0x000000065ad00000 NTAMS 0x000000065ad00000 space 1024K,   0% used [0x000000065ad00000, 0x000000065ae00000)
AC   0  F    TS     0 PTAMS 0x000000065ae00000 NTAMS 0x000000065ae00000 space 1024K,   0% used [0x000000065ae00000, 0x000000065af00000)
AC   0  F    TS     0 PTAMS 0x000000065af00000 NTAMS 0x000000065af00000 space 1024K,   0% used [0x000000065af00000, 0x000000065b000000)
AC   0  F    TS     0 PTAMS 0x000000065b000000 NTAMS 0x000000065b000000 space 1024K,   0% used [0x000000065b000000, 0x000000065b100000)
AC   0  F    TS     0 PTAMS 0x000000065b100000 NTAMS 0x000000065b100000 space 1024K,   0% used [0x000000065b100000, 0x000000065b200000)
AC   0  F    TS     0 PTAMS 0x000000065b200000 NTAMS 0x000000065b200000 space 1024K,   0% used [0x000000065b200000, 0x000000065b300000)
AC   0  F    TS     0 PTAMS 0x000000065b300000 NTAMS 0x000000065b300000 space 1024K,   0% used [0x000000065b300000, 0x000000065b400000)
AC   0  F    TS     0 PTAMS 0x000000065b400000 NTAMS 0x000000065b400000 space 1024K,   0% used [0x000000065b400000, 0x000000065b500000)
AC   0  F    TS     0 PTAMS 0x000000065b500000 NTAMS 0x000000065b500000 space 1024K,   0% used [0x000000065b500000, 0x000000065b600000)
AC   0  F    TS     0 PTAMS 0x000000065b600000 NTAMS 0x000000065b600000 space 1024K,   0% used [0x000000065b600000, 0x000000065b700000)
AC   0  F    TS     0 PTAMS 0x000000065b700000 NTAMS 0x000000065b700000 space 1024K,   0% used [0x000000065b700000, 0x000000065b800000)
AC   0  F    TS     0 PTAMS 0x000000065b800000 NTAMS 0x000000065b800000 space 1024K,   0% used [0x000000065b800000, 0x000000065b900000)
AC   0  F    TS     0 PTAMS 0x000000065b900000 NTAMS 0x000000065b900000 space 1024K,   0% used [0x000000065b900000, 0x000000065ba00000)
AC   0  F    TS     0 PTAMS 0x000000065ba00000 NTAMS 0x000000065ba00000 space 1024K,   0% used [0x000000065ba00000, 0x000000065bb00000)
AC   0  F    TS     0 PTAMS 0x000000065bb00000 NTAMS 0x000000065bb00000 space 1024K,   0% used [0x000000065bb00000, 0x000000065bc00000)
AC   0  F    TS     0 PTAMS 0x000000065bc00000 NTAMS 0x000000065bc00000 space 1024K,   0% used [0x000000065bc00000, 0x000000065bd00000)
AC   0  F    TS     0 PTAMS 0x000000065bd00000 NTAMS 0x000000065bd00000 space 1024K,   0% used [0x000000065bd00000, 0x000000065be00000)
AC   0  F    TS     0 PTAMS 0x000000065be00000 NTAMS 0x000000065be00000 space 1024K,   0% used [0x000000065be00000, 0x000000065bf00000)
AC   0  F    TS     0 PTAMS 0x000000065bf00000 NTAMS 0x000000065bf00000 space 1024K,   0% used [0x000000065bf00000, 0x000000065c000000)
AC   0  F    TS     0 PTAMS 0x000000065c000000 NTAMS 0x000000065c000000 space 1024K,   0% used [0x000000065c000000, 0x000000065c100000)
AC   0  F    TS     0 PTAMS 0x000000065c100000 NTAMS 0x000000065c100000 space 1024K,   0% used [0x000000065c100000, 0x000000065c200000)
AC   0  F    TS     0 PTAMS 0x000000065c200000 NTAMS 0x000000065c200000 space 1024K,   0% used [0x000000065c200000, 0x000000065c300000)
AC   0  F    TS     0 PTAMS 0x000000065c300000 NTAMS 0x000000065c300000 space 1024K,   0% used [0x000000065c300000, 0x000000065c400000)
AC   0  F    TS     0 PTAMS 0x000000065c400000 NTAMS 0x000000065c400000 space 1024K,   0% used [0x000000065c400000, 0x000000065c500000)
AC   0  F    TS     0 PTAMS 0x000000065c500000 NTAMS 0x000000065c500000 space 1024K,   0% used [0x000000065c500000, 0x000000065c600000)
AC   0  F    TS     0 PTAMS 0x000000065c600000 NTAMS 0x000000065c600000 space 1024K,   0% used [0x000000065c600000, 0x000000065c700000)
AC   0  F    TS     0 PTAMS 0x000000065c700000 NTAMS 0x000000065c700000 space 1024K,   0% used [0x000000065c700000, 0x000000065c800000)
AC   0  F    TS     0 PTAMS 0x000000065c800000 NTAMS 0x000000065c800000 space 1024K,   0% used [0x000000065c800000, 0x000000065c900000)
AC   0  F    TS     0 PTAMS 0x000000065c900000 NTAMS 0x000000065c900000 space 1024K,   0% used [0x000000065c900000, 0x000000065ca00000)
AC   0  F    TS     0 PTAMS 0x000000065ca00000 NTAMS 0x000000065ca00000 space 1024K,   0% used [0x000000065ca00000, 0x000000065cb00000)
AC   0  F    TS     0 PTAMS 0x000000065cb00000 NTAMS 0x000000065cb00000 space 1024K,   0% used [0x000000065cb00000, 0x000000065cc00000)
AC   0  F    TS     0 PTAMS 0x000000065cc00000 NTAMS 0x000000065cc00000 space 1024K,   0% used [0x000000065cc00000, 0x000000065cd00000)
AC   0  F    TS     0 PTAMS 0x000000065cd00000 NTAMS 0x000000065cd00000 space 1024K,   0% used [0x000000065cd00000, 0x000000065ce00000)
AC   0  F    TS     0 PTAMS 0x000000065ce00000 NTAMS 0x000000065ce00000 space 1024K,   0% used [0x000000065ce00000, 0x000000065cf00000)
AC   0  F    TS     0 PTAMS 0x000000065cf00000 NTAMS 0x000000065cf00000 space 1024K,   0% used [0x000000065cf00000, 0x000000065d000000)
AC   0  F    TS     0 PTAMS 0x000000065d000000 NTAMS 0x000000065d000000 space 1024K,   0% used [0x000000065d000000, 0x000000065d100000)
AC   0  F    TS     0 PTAMS 0x000000065d100000 NTAMS 0x000000065d100000 space 1024K,   0% used [0x000000065d100000, 0x000000065d200000)
AC   0  F    TS     0 PTAMS 0x000000065d200000 NTAMS 0x000000065d200000 space 1024K,   0% used [0x000000065d200000, 0x000000065d300000)
AC   0  F    TS     0 PTAMS 0x000000065d300000 NTAMS 0x000000065d300000 space 1024K,   0% used [0x000000065d300000, 0x000000065d400000)
AC   0  F    TS     0 PTAMS 0x000000065d400000 NTAMS 0x000000065d400000 space 1024K,   0% used [0x000000065d400000, 0x000000065d500000)
AC   0  F    TS     0 PTAMS 0x000000065d500000 NTAMS 0x000000065d500000 space 1024K,   0% used [0x000000065d500000, 0x000000065d600000)
AC   0  F    TS     0 PTAMS 0x000000065d600000 NTAMS 0x000000065d600000 space 1024K,   0% used [0x000000065d600000, 0x000000065d700000)
AC   0  F    TS     0 PTAMS 0x000000065d700000 NTAMS 0x000000065d700000 space 1024K,   0% used [0x000000065d700000, 0x000000065d800000)
AC   0  F    TS     0 PTAMS 0x000000065d800000 NTAMS 0x000000065d800000 space 1024K,   0% used [0x000000065d800000, 0x000000065d900000)
AC   0  F    TS     0 PTAMS 0x000000065d900000 NTAMS 0x000000065d900000 space 1024K,   0% used [0x000000065d900000, 0x000000065da00000)
AC   0  F    TS     0 PTAMS 0x000000065da00000 NTAMS 0x000000065da00000 space 1024K,   0% used [0x000000065da00000, 0x000000065db00000)
AC   0  F    TS     0 PTAMS 0x000000065db00000 NTAMS 0x000000065db00000 space 1024K,   0% used [0x000000065db00000, 0x000000065dc00000)
AC   0  F    TS     0 PTAMS 0x000000065dc00000 NTAMS 0x000000065dc00000 space 1024K,   0% used [0x000000065dc00000, 0x000000065dd00000)
AC   0  F    TS     0 PTAMS 0x000000065dd00000 NTAMS 0x000000065dd00000 space 1024K,   0% used [0x000000065dd00000, 0x000000065de00000)
AC   0  F    TS     0 PTAMS 0x000000065de00000 NTAMS 0x000000065de00000 space 1024K,   0% used [0x000000065de00000, 0x000000065df00000)
AC   0  F    TS     0 PTAMS 0x000000065df00000 NTAMS 0x000000065df00000 space 1024K,   0% used [0x000000065df00000, 0x000000065e000000)
AC   0  F    TS     0 PTAMS 0x000000065e000000 NTAMS 0x000000065e000000 space 1024K,   0% used [0x000000065e000000, 0x000000065e100000)
AC   0  F    TS     0 PTAMS 0x000000065e100000 NTAMS 0x000000065e100000 space 1024K,   0% used [0x000000065e100000, 0x000000065e200000)
AC   0  F    TS     0 PTAMS 0x000000065e200000 NTAMS 0x000000065e200000 space 1024K,   0% used [0x000000065e200000, 0x000000065e300000)
AC   0  F    TS     0 PTAMS 0x000000065e300000 NTAMS 0x000000065e300000 space 1024K,   0% used [0x000000065e300000, 0x000000065e400000)
AC   0  F    TS     0 PTAMS 0x000000065e400000 NTAMS 0x000000065e400000 space 1024K,   0% used [0x000000065e400000, 0x000000065e500000)
AC   0  F    TS     0 PTAMS 0x000000065e500000 NTAMS 0x000000065e500000 space 1024K,   0% used [0x000000065e500000, 0x000000065e600000)
AC   0  F    TS     0 PTAMS 0x000000065e600000 NTAMS 0x000000065e600000 space 1024K,   0% used [0x000000065e600000, 0x000000065e700000)
AC   0  F    TS     0 PTAMS 0x000000065e700000 NTAMS 0x000000065e700000 space 1024K,   0% used [0x000000065e700000, 0x000000065e800000)
AC   0  F    TS     0 PTAMS 0x000000065e800000 NTAMS 0x000000065e800000 space 1024K,   0% used [0x000000065e800000, 0x000000065e900000)
AC   0  F    TS     0 PTAMS 0x000000065e900000 NTAMS 0x000000065e900000 space 1024K,   0% used [0x000000065e900000, 0x000000065ea00000)
AC   0  F    TS     0 PTAMS 0x000000065ea00000 NTAMS 0x000000065ea00000 space 1024K,   0% used [0x000000065ea00000, 0x000000065eb00000)
AC   0  F    TS     0 PTAMS 0x000000065eb00000 NTAMS 0x000000065eb00000 space 1024K,   0% used [0x000000065eb00000, 0x000000065ec00000)
AC   0  F    TS     0 PTAMS 0x000000065ec00000 NTAMS 0x000000065ec00000 space 1024K,   0% used [0x000000065ec00000, 0x000000065ed00000)
AC   0  F    TS     0 PTAMS 0x000000065ed00000 NTAMS 0x000000065ed00000 space 1024K,   0% used [0x000000065ed00000, 0x000000065ee00000)
AC   0  F    TS     0 PTAMS 0x000000065ee00000 NTAMS 0x000000065ee00000 space 1024K,   0% used [0x000000065ee00000, 0x000000065ef00000)
AC   0  F    TS     0 PTAMS 0x000000065ef00000 NTAMS 0x000000065ef00000 space 1024K,   0% used [0x000000065ef00000, 0x000000065f000000)
AC   0  F    TS     0 PTAMS 0x000000065f000000 NTAMS 0x000000065f000000 space 1024K,   0% used [0x000000065f000000, 0x000000065f100000)
AC   0  F    TS     0 PTAMS 0x000000065f100000 NTAMS 0x000000065f100000 space 1024K,   0% used [0x000000065f100000, 0x000000065f200000)
AC   0  F    TS     0 PTAMS 0x000000065f200000 NTAMS 0x000000065f200000 space 1024K,   0% used [0x000000065f200000, 0x000000065f300000)
AC   0  F    TS     0 PTAMS 0x000000065f300000 NTAMS 0x000000065f300000 space 1024K,   0% used [0x000000065f300000, 0x000000065f400000)
AC   0  F    TS     0 PTAMS 0x000000065f400000 NTAMS 0x000000065f400000 space 1024K,   0% used [0x000000065f400000, 0x000000065f500000)
AC   0  F    TS     0 PTAMS 0x000000065f500000 NTAMS 0x000000065f500000 space 1024K,   0% used [0x000000065f500000, 0x000000065f600000)
AC   0  F    TS     0 PTAMS 0x000000065f600000 NTAMS 0x000000065f600000 space 1024K,   0% used [0x000000065f600000, 0x000000065f700000)
AC   0  F    TS     0 PTAMS 0x000000065f700000 NTAMS 0x000000065f700000 space 1024K,   0% used [0x000000065f700000, 0x000000065f800000)
AC   0  F    TS     0 PTAMS 0x000000065f800000 NTAMS 0x000000065f800000 space 1024K,   0% used [0x000000065f800000, 0x000000065f900000)
AC   0  F    TS     0 PTAMS 0x000000065f900000 NTAMS 0x000000065f900000 space 1024K,   0% used [0x000000065f900000, 0x000000065fa00000)
AC   0  F    TS     0 PTAMS 0x000000065fa00000 NTAMS 0x000000065fa00000 space 1024K,   0% used [0x000000065fa00000, 0x000000065fb00000)
AC   0  F    TS     0 PTAMS 0x000000065fb00000 NTAMS 0x000000065fb00000 space 1024K,   0% used [0x000000065fb00000, 0x000000065fc00000)
AC   0  F    TS    81 PTAMS 0x000000065fc00000 NTAMS 0x000000065fc00000 space 1024K,   0% used [0x000000065fc00000, 0x000000065fd00000)
AC   0  S CS TS    85 PTAMS 0x000000065fd00000 NTAMS 0x000000065fd00000 space 1024K,  99% used [0x000000065fd00000, 0x000000065fe00000)
AC   0  S CS TS    85 PTAMS 0x000000065fe00000 NTAMS 0x000000065fe00000 space 1024K, 100% used [0x000000065fe00000, 0x000000065ff00000)
AC   0  S CS TS    85 PTAMS 0x000000065ff00000 NTAMS 0x000000065ff00000 space 1024K, 100% used [0x000000065ff00000, 0x0000000660000000)
AC   0  F    TS    77 PTAMS 0x0000000660000000 NTAMS 0x0000000660000000 space 1024K,   0% used [0x0000000660000000, 0x0000000660100000)
AC   0  F    TS    83 PTAMS 0x0000000660100000 NTAMS 0x0000000660100000 space 1024K,   0% used [0x0000000660100000, 0x0000000660200000)
AC   0  F    TS    83 PTAMS 0x0000000660200000 NTAMS 0x0000000660200000 space 1024K,   0% used [0x0000000660200000, 0x0000000660300000)
AC   0  F    TS    83 PTAMS 0x0000000660300000 NTAMS 0x0000000660300000 space 1024K,   0% used [0x0000000660300000, 0x0000000660400000)
AC   0  F    TS     0 PTAMS 0x0000000660400000 NTAMS 0x0000000660400000 space 1024K,   0% used [0x0000000660400000, 0x0000000660500000)
AC   0  F    TS     0 PTAMS 0x0000000660500000 NTAMS 0x0000000660500000 space 1024K,   0% used [0x0000000660500000, 0x0000000660600000)
AC   0  F    TS     0 PTAMS 0x0000000660600000 NTAMS 0x0000000660600000 space 1024K,   0% used [0x0000000660600000, 0x0000000660700000)
AC   0  F    TS     0 PTAMS 0x0000000660700000 NTAMS 0x0000000660700000 space 1024K,   0% used [0x0000000660700000, 0x0000000660800000)
AC   0  F    TS     0 PTAMS 0x0000000660800000 NTAMS 0x0000000660800000 space 1024K,   0% used [0x0000000660800000, 0x0000000660900000)
AC   0  F    TS     0 PTAMS 0x0000000660900000 NTAMS 0x0000000660900000 space 1024K,   0% used [0x0000000660900000, 0x0000000660a00000)
AC   0  F    TS     0 PTAMS 0x0000000660a00000 NTAMS 0x0000000660a00000 space 1024K,   0% used [0x0000000660a00000, 0x0000000660b00000)
AC   0  F    TS    65 PTAMS 0x0000000660b00000 NTAMS 0x0000000660b00000 space 1024K,   0% used [0x0000000660b00000, 0x0000000660c00000)
AC   0  F    TS    61 PTAMS 0x0000000660c00000 NTAMS 0x0000000660c00000 space 1024K,   0% used [0x0000000660c00000, 0x0000000660d00000)
AC   0  F    TS     0 PTAMS 0x0000000660d00000 NTAMS 0x0000000660d00000 space 1024K,   0% used [0x0000000660d00000, 0x0000000660e00000)
AC   0  F    TS     0 PTAMS 0x0000000660e00000 NTAMS 0x0000000660e00000 space 1024K,   0% used [0x0000000660e00000, 0x0000000660f00000)
AC   0  F    TS     0 PTAMS 0x0000000660f00000 NTAMS 0x0000000660f00000 space 1024K,   0% used [0x0000000660f00000, 0x0000000661000000)
AC   0  F    TS     0 PTAMS 0x0000000661000000 NTAMS 0x0000000661000000 space 1024K,   0% used [0x0000000661000000, 0x0000000661100000)
AC   0  F    TS    51 PTAMS 0x0000000661100000 NTAMS 0x0000000661100000 space 1024K,   0% used [0x0000000661100000, 0x0000000661200000)
AC   0  F    TS    51 PTAMS 0x0000000661200000 NTAMS 0x0000000661200000 space 1024K,   0% used [0x0000000661200000, 0x0000000661300000)
AC   0  F    TS    51 PTAMS 0x0000000661300000 NTAMS 0x0000000661300000 space 1024K,   0% used [0x0000000661300000, 0x0000000661400000)
AC   0  F    TS    57 PTAMS 0x0000000661400000 NTAMS 0x0000000661400000 space 1024K,   0% used [0x0000000661400000, 0x0000000661500000)
AC   0  F    TS     0 PTAMS 0x0000000661500000 NTAMS 0x0000000661500000 space 1024K,   0% used [0x0000000661500000, 0x0000000661600000)
AC   0  F    TS     0 PTAMS 0x0000000661600000 NTAMS 0x0000000661600000 space 1024K,   0% used [0x0000000661600000, 0x0000000661700000)
AC   0  F    TS     0 PTAMS 0x0000000661700000 NTAMS 0x0000000661700000 space 1024K,   0% used [0x0000000661700000, 0x0000000661800000)
AC   0  F    TS     0 PTAMS 0x0000000661800000 NTAMS 0x0000000661800000 space 1024K,   0% used [0x0000000661800000, 0x0000000661900000)
AC   0  F    TS     0 PTAMS 0x0000000661900000 NTAMS 0x0000000661900000 space 1024K,   0% used [0x0000000661900000, 0x0000000661a00000)

Card table byte_map: [0x00007fe1e7400000,0x00007fe1e8000000] byte_map_base: 0x00007fe1e4200000

Marking Bits (Prev, Next): (CMBitMap*) 0x00007fe20408ce48, (CMBitMap*) 0x00007fe20408cea0
 Prev Bits: [0x00007fe1da000000, 0x00007fe1e0000000)
 Next Bits: [0x00007fe1d4000000, 0x00007fe1da000000)

Polling page: 0x00007fe20cb21000

CodeCache: size=245760Kb used=29757Kb max_used=29962Kb free=216002Kb
 bounds [0x00007fe1f5000000, 0x00007fe1f6d90000, 0x00007fe204000000]
 total_blobs=10318 nmethods=9583 adapters=648
 compilation: enabled

Compilation events (250 events):
Event: 225.885 Thread 0x00007fe204379800 nmethod 11932 0x00007fe1f5403a90 code [0x00007fe1f5403c20, 0x00007fe1f5404028]
Event: 225.967 Thread 0x00007fe204379800 11942 %     3       com.hazelcast.internal.metrics.impl.MetricsCompressor::writeDictionary @ 196 (255 bytes)
Event: 226.091 Thread 0x00007fe204379800 nmethod 11942% 0x00007fe1f6d6b790 code [0x00007fe1f6d6bbe0, 0x00007fe1f6d6efb8]
Event: 226.155 Thread 0x00007fe204379800 11944       3       com.hazelcast.client.impl.protocol.codec.builtin.FixedSizeTypesCodec::decodeInteger (9 bytes)
Event: 226.264 Thread 0x00007fe204379800 nmethod 11944 0x00007fe1f5391310 code [0x00007fe1f53914c0, 0x00007fe1f5391908]
Event: 226.265 Thread 0x00007fe204379800 11943       1       com.hazelcast.client.impl.protocol.ClientMessageReader::getClientMessage (5 bytes)
Event: 226.266 Thread 0x00007fe204379800 nmethod 11943 0x00007fe1f5467410 code [0x00007fe1f5467560, 0x00007fe1f5467670]
Event: 226.367 Thread 0x00007fe204377000 nmethod 11931 0x00007fe1f6d70b90 code [0x00007fe1f6d70ec0, 0x00007fe1f6d72898]
Event: 226.368 Thread 0x00007fe204377000 11937       4       java.util.Map::computeIfAbsent (45 bytes)
Event: 226.520 Thread 0x00007fe204379800 11945       3       org.apache.camel.processor.ChoiceProcessor::doStart (22 bytes)
Event: 226.521 Thread 0x00007fe204379800 nmethod 11945 0x00007fe1f5900310 code [0x00007fe1f59004e0, 0x00007fe1f5900d68]
Event: 226.530 Thread 0x00007fe204379800 11947       3       org.apache.camel.util.ServiceHelper::stopService (66 bytes)
Event: 226.654 Thread 0x00007fe204379800 nmethod 11947 0x00007fe1f5477f50 code [0x00007fe1f54781a0, 0x00007fe1f5479378]
Event: 226.655 Thread 0x00007fe204379800 11951       3       org.apache.camel.support.ServiceSupport::doShutdown (1 bytes)
Event: 226.656 Thread 0x00007fe204379800 nmethod 11951 0x00007fe1f529c210 code [0x00007fe1f529c360, 0x00007fe1f529c4b0]
Event: 226.657 Thread 0x00007fe204379800 11950   !   3       org.apache.camel.support.ServiceSupport::shutdown (80 bytes)
Event: 226.658 Thread 0x00007fe204379800 nmethod 11950 0x00007fe1f5ceb8d0 code [0x00007fe1f5cebae0, 0x00007fe1f5cec6a8]
Event: 226.658 Thread 0x00007fe204379800 11948       3       org.apache.camel.util.ServiceHelper::isStopped (34 bytes)
Event: 226.659 Thread 0x00007fe204379800 nmethod 11948 0x00007fe1f5e027d0 code [0x00007fe1f5e02980, 0x00007fe1f5e03230]
Event: 226.660 Thread 0x00007fe204379800 11949       3       org.apache.camel.impl.DefaultProducer::doStop (35 bytes)
Event: 226.661 Thread 0x00007fe204379800 nmethod 11949 0x00007fe1f51a7bd0 code [0x00007fe1f51a7da0, 0x00007fe1f51a8448]
Event: 226.942 Thread 0x00007fe204377000 nmethod 11937 0x00007fe1f5ed3b10 code [0x00007fe1f5ed3cc0, 0x00007fe1f5ed4318]
Event: 226.990 Thread 0x00007fe204377000 11946       4       java.util.concurrent.atomic.AtomicBoolean::compareAndSet (35 bytes)
Event: 237.482 Thread 0x00007fe204379800 11952       3       java.util.Collections$SetFromMap::iterator (10 bytes)
Event: 239.576 Thread 0x00007fe204377000 nmethod 11946 0x00007fe1f662e710 code [0x00007fe1f662e860, 0x00007fe1f662e918]
Event: 239.585 Thread 0x00007fe204379800 nmethod 11952 0x00007fe1f54e7f90 code [0x00007fe1f54e8100, 0x00007fe1f54e8328]
Event: 239.585 Thread 0x00007fe204379800 11953 %     3       com.hazelcast.internal.metrics.impl.MetricsCompressor::writeDictionary @ 123 (255 bytes)
Event: 239.588 Thread 0x00007fe204379800 nmethod 11953% 0x00007fe1f6b88a10 code [0x00007fe1f6b88e60, 0x00007fe1f6b8c258]
Event: 239.765 Thread 0x00007fe204379800 11956       3       java.util.concurrent.LinkedBlockingQueue::size (8 bytes)
Event: 239.766 Thread 0x00007fe204379800 nmethod 11956 0x00007fe1f5dfd550 code [0x00007fe1f5dfd6c0, 0x00007fe1f5dfd8b0]
Event: 239.766 Thread 0x00007fe204379800 11954       1       java.net.InetAddress$InetAddressHolder::getHostName (5 bytes)
Event: 239.766 Thread 0x00007fe204379800 nmethod 11954 0x00007fe1f52a0750 code [0x00007fe1f52a08a0, 0x00007fe1f52a09b0]
Event: 239.766 Thread 0x00007fe204377000 11957       4       java.lang.Long::valueOf (36 bytes)
Event: 239.776 Thread 0x00007fe204377000 nmethod 11957 0x00007fe1f542e210 code [0x00007fe1f542e360, 0x00007fe1f542e458]
Event: 239.959 Thread 0x00007fe204379800 11958       3       com.zaxxer.hikari.pool.PoolEntry::getState (8 bytes)
Event: 240.114 Thread 0x00007fe204379800 nmethod 11958 0x00007fe1f6936090 code [0x00007fe1f6936220, 0x00007fe1f69365c8]
Event: 240.115 Thread 0x00007fe204379800 11959       3       java.util.concurrent.atomic.AtomicIntegerFieldUpdater$AtomicIntegerFieldUpdaterImpl::get (17 bytes)
Event: 240.115 Thread 0x00007fe204379800 nmethod 11959 0x00007fe1f5312190 code [0x00007fe1f5312300, 0x00007fe1f53125e8]
Event: 240.194 Thread 0x00007fe204377000 11960       4       java.util.concurrent.ConcurrentHashMap$BaseIterator::hasNext (13 bytes)
Event: 248.735 Thread 0x00007fe204377000 nmethod 11960 0x00007fe1f5317d50 code [0x00007fe1f5317ea0, 0x00007fe1f5317f18]
Event: 248.779 Thread 0x00007fe204377000 11961   !   4       javax.management.modelmbean.DescriptorSupport::toNumeric (10 bytes)
Event: 248.891 Thread 0x00007fe204379800 11962       3       com.hazelcast.internal.metrics.impl.MetricsCompressor::writeDictionary (255 bytes)
Event: 248.895 Thread 0x00007fe204379800 nmethod 11962 0x00007fe1f5704a10 code [0x00007fe1f5704e60, 0x00007fe1f57080d8]
Event: 248.895 Thread 0x00007fe204379800 11963       3       com.hazelcast.internal.memory.impl.EndiannessUtil::writeIntL (80 bytes)
Event: 248.895 Thread 0x00007fe204379800 nmethod 11963 0x00007fe1f5fa42d0 code [0x00007fe1f5fa4460, 0x00007fe1f5fa4958]
Event: 248.923 Thread 0x00007fe204377000 nmethod 11961 0x00007fe1f69dac50 code [0x00007fe1f69dade0, 0x00007fe1f69db3d8]
Event: 249.162 Thread 0x00007fe204377000 11964       4       java.util.zip.DeflaterOutputStream::write (88 bytes)
Event: 249.197 Thread 0x00007fe204377000 nmethod 11964 0x00007fe1f6a56590 code [0x00007fe1f6a56760, 0x00007fe1f6a57938]
Event: 249.197 Thread 0x00007fe204377000 11965   !   4       java.util.zip.Deflater::setInput (74 bytes)
Event: 249.239 Thread 0x00007fe204377000 nmethod 11965 0x00007fe1f67c7610 code [0x00007fe1f67c7760, 0x00007fe1f67c7b18]
Event: 249.702 Thread 0x00007fe204377000 11966   !   4       java.util.concurrent.locks.AbstractQueuedSynchronizer::fullyRelease (54 bytes)
Event: 249.707 Thread 0x00007fe204377000 nmethod 11966 0x00007fe1f5698790 code [0x00007fe1f5698900, 0x00007fe1f5698b88]
Event: 250.179 Thread 0x00007fe204377000 11967       4       java.util.concurrent.locks.AbstractQueuedSynchronizer::enq (58 bytes)
Event: 250.261 Thread 0x00007fe204377000 nmethod 11967 0x00007fe1f66dd010 code [0x00007fe1f66dd180, 0x00007fe1f66dd6e8]
Event: 251.870 Thread 0x00007fe204377000 11968       4       javax.management.JMX::isMXBeanInterface (58 bytes)
Event: 251.896 Thread 0x00007fe204377000 nmethod 11968 0x00007fe1f6b0d190 code [0x00007fe1f6b0d360, 0x00007fe1f6b0d9e0]
Event: 252.244 Thread 0x00007fe204379800 11970       1       org.apache.camel.processor.LogProcessor::doStart (1 bytes)
Event: 252.244 Thread 0x00007fe204379800 nmethod 11970 0x00007fe1f5874250 code [0x00007fe1f58743a0, 0x00007fe1f58744b0]
Event: 252.247 Thread 0x00007fe204377000 11969       4       org.apache.camel.processor.interceptor.DefaultChannel::doStart (30 bytes)
Event: 252.272 Thread 0x00007fe204377000 nmethod 11969 0x00007fe1f6a288d0 code [0x00007fe1f6a28aa0, 0x00007fe1f6a29418]
Event: 254.469 Thread 0x00007fe204377000 11971       4       javax.management.ImmutableDescriptor::clone (5 bytes)
Event: 254.470 Thread 0x00007fe204377000 nmethod 11971 0x00007fe1f55379d0 code [0x00007fe1f5537b20, 0x00007fe1f5537b78]
Event: 254.490 Thread 0x00007fe204379800 11972       1       org.apache.camel.com.github.benmanes.caffeine.cache.WILMS::mainProtectedMaximum (11 bytes)
Event: 254.499 Thread 0x00007fe204379800 nmethod 11972 0x00007fe1f5d0ad90 code [0x00007fe1f5d0aee0, 0x00007fe1f5d0aff0]
Event: 254.726 Thread 0x00007fe204379800 11973       3       ai.pelican.camel.component.audit.AuditEndpoint::createProducer (9 bytes)
Event: 254.727 Thread 0x00007fe204379800 nmethod 11973 0x00007fe1f6785fd0 code [0x00007fe1f6786160, 0x00007fe1f6786618]
Event: 254.727 Thread 0x00007fe204379800 11974       3       ai.pelican.camel.component.audit.AuditProducer::<init> (11 bytes)
Event: 254.727 Thread 0x00007fe204379800 nmethod 11974 0x00007fe1f6c715d0 code [0x00007fe1f6c71760, 0x00007fe1f6c71b78]
Event: 255.402 Thread 0x00007fe204379800 11975       1       org.apache.camel.com.github.benmanes.caffeine.cache.WILMS::lazySetWeightedSize (12 bytes)
Event: 255.402 Thread 0x00007fe204379800 nmethod 11975 0x00007fe1f6803190 code [0x00007fe1f68032e0, 0x00007fe1f68033f0]
Event: 255.535 Thread 0x00007fe204377000 11976       4       org.apache.camel.management.MBeanInfoAssembler::doDoExtractAttributesAndOperations (376 bytes)
Event: 256.192 Thread 0x00007fe204379800 11978       3       com.hazelcast.client.impl.protocol.ClientMessage$ForwardFrameIterator::next (25 bytes)
Event: 256.193 Thread 0x00007fe204379800 nmethod 11978 0x00007fe1f5563f10 code [0x00007fe1f5564080, 0x00007fe1f5564270]
Event: 256.215 Thread 0x00007fe204379800 11979       1       org.apache.camel.com.github.benmanes.caffeine.cache.FW::getValueReference (11 bytes)
Event: 256.215 Thread 0x00007fe204379800 nmethod 11979 0x00007fe1f6d64110 code [0x00007fe1f6d64260, 0x00007fe1f6d64370]
Event: 256.238 Thread 0x00007fe204377000 nmethod 11976 0x00007fe1f6bf3010 code [0x00007fe1f6bf3540, 0x00007fe1f6bf7220]
Event: 256.238 Thread 0x00007fe204377000 11977       4       com.hazelcast.internal.memory.impl.ByteArrayAccessStrategy::getByte (10 bytes)
Event: 256.239 Thread 0x00007fe204377000 nmethod 11977 0x00007fe1f514b7d0 code [0x00007fe1f514b920, 0x00007fe1f514b9d8]
Event: 257.424 Thread 0x00007fe204379800 11980       3       org.apache.camel.management.mbean.ManagedSendProcessor::getProcessor (5 bytes)
Event: 257.425 Thread 0x00007fe204379800 nmethod 11980 0x00007fe1f60fa4d0 code [0x00007fe1f60fa640, 0x00007fe1f60fa7d0]
Event: 258.186 Thread 0x00007fe204377000 11981       4       java.util.regex.Pattern$BnM::match (161 bytes)
Event: 258.274 Thread 0x00007fe204377000 nmethod 11981 0x00007fe1f67cd1d0 code [0x00007fe1f67cd360, 0x00007fe1f67cda88]
Event: 258.928 Thread 0x00007fe204379800 11983       3       java.net.URISyntaxException::<init> (45 bytes)
Event: 258.972 Thread 0x00007fe204379800 nmethod 11983 0x00007fe1f679c150 code [0x00007fe1f679c320, 0x00007fe1f679c9e8]
Event: 258.972 Thread 0x00007fe204379800 11982       3       java.net.URI$Parser::fail (14 bytes)
Event: 258.973 Thread 0x00007fe204379800 nmethod 11982 0x00007fe1f5f5ac50 code [0x00007fe1f5f5adc0, 0x00007fe1f5f5afc8]
Event: 259.003 Thread 0x00007fe204379800 11984       1       java.util.concurrent.ThreadPoolExecutor::afterExecute (1 bytes)
Event: 259.003 Thread 0x00007fe204379800 nmethod 11984 0x00007fe1f5f5a910 code [0x00007fe1f5f5aa60, 0x00007fe1f5f5ab70]
Event: 259.429 Thread 0x00007fe204377000 11985       4       com.hazelcast.internal.metrics.impl.MetricDescriptorImpl::readTags (43 bytes)
Event: 259.433 Thread 0x00007fe204377000 nmethod 11985 0x00007fe1f5995250 code [0x00007fe1f59953a0, 0x00007fe1f5995418]
Event: 259.984 Thread 0x00007fe204379800 11986       3       java.net.URI::access$2302 (7 bytes)
Event: 259.984 Thread 0x00007fe204379800 nmethod 11986 0x00007fe1f679bd90 code [0x00007fe1f679bf00, 0x00007fe1f679c090]
Event: 260.602 Thread 0x00007fe204379800 11987       3       org.apache.camel.processor.RemoveHeadersProcessor::doStart (1 bytes)
Event: 260.604 Thread 0x00007fe204379800 nmethod 11987 0x00007fe1f60fa150 code [0x00007fe1f60fa2a0, 0x00007fe1f60fa3f0]
Event: 261.235 Thread 0x00007fe204379800 11988       3       org.apache.camel.management.MBeanInfoAssembler$ManagedOperationInfo::<init> (8 bytes)
Event: 261.235 Thread 0x00007fe204379800 nmethod 11988 0x00007fe1f66a7cd0 code [0x00007fe1f66a7e40, 0x00007fe1f66a8130]
Event: 261.237 Thread 0x00007fe204379800 11989       3       org.apache.camel.management.MBeanInfoAssembler$ManagedOperationInfo::<init> (20 bytes)
Event: 261.237 Thread 0x00007fe204379800 nmethod 11989 0x00007fe1f51c1310 code [0x00007fe1f51c1480, 0x00007fe1f51c1710]
Event: 261.482 Thread 0x00007fe204379800 11990       1       org.apache.camel.processor.SetHeaderProcessor::doStart (1 bytes)
Event: 261.486 Thread 0x00007fe204379800 nmethod 11990 0x00007fe1f51c0fd0 code [0x00007fe1f51c1120, 0x00007fe1f51c1230]
Event: 261.487 Thread 0x00007fe204379800 11992       3       org.apache.camel.component.direct.DirectEndpoint::createProducer (9 bytes)
Event: 261.488 Thread 0x00007fe204379800 nmethod 11992 0x00007fe1f5689950 code [0x00007fe1f5689b00, 0x00007fe1f568a038]
Event: 261.489 Thread 0x00007fe204379800 11991       3       org.apache.camel.processor.DelegateAsyncProcessor::hasNext (13 bytes)
Event: 261.489 Thread 0x00007fe204379800 nmethod 11991 0x00007fe1f518e9d0 code [0x00007fe1f518eb40, 0x00007fe1f518ecf0]
Event: 261.795 Thread 0x00007fe204377000 11993       4       java.net.URI$Parser::parse (265 bytes)
Event: 262.132 Thread 0x00007fe204379800 11995       1       org.apache.camel.impl.DefaultRoute::getServices (5 bytes)
Event: 262.229 Thread 0x00007fe204379800 nmethod 11995 0x00007fe1f5c3e050 code [0x00007fe1f5c3e1a0, 0x00007fe1f5c3e2b0]
Event: 262.230 Thread 0x00007fe204379800 11996       3       org.apache.camel.processor.FilterProcessor::doStart (16 bytes)
Event: 262.231 Thread 0x00007fe204379800 nmethod 11996 0x00007fe1f67ca650 code [0x00007fe1f67ca880, 0x00007fe1f67cb6e8]
Event: 262.284 Thread 0x00007fe204377000 nmethod 11993 0x00007fe1f601dd50 code [0x00007fe1f601e200, 0x00007fe1f6022fb0]
Event: 262.285 Thread 0x00007fe204377000 11994       4       java.net.URI::<init> (53 bytes)
Event: 262.334 Thread 0x00007fe204377000 nmethod 11994 0x00007fe1f6174bd0 code [0x00007fe1f6174d20, 0x00007fe1f6175328]
Event: 262.349 Thread 0x00007fe204379800 11997       1       org.apache.camel.impl.RouteService::getCamelContext (5 bytes)
Event: 262.349 Thread 0x00007fe204379800 nmethod 11997 0x00007fe1f5d79ad0 code [0x00007fe1f5d79c20, 0x00007fe1f5d79d30]
Event: 262.350 Thread 0x00007fe204379800 11998       1       org.apache.camel.impl.EventDrivenConsumerRoute::getProcessor (5 bytes)
Event: 262.351 Thread 0x00007fe204379800 nmethod 11998 0x00007fe1f6466f90 code [0x00007fe1f64670e0, 0x00007fe1f64671f0]
Event: 262.358 Thread 0x00007fe204379800 11999   !   3       com.sun.proxy.$Proxy127::annotationType (29 bytes)
Event: 262.359 Thread 0x00007fe204379800 nmethod 11999 0x00007fe1f680b350 code [0x00007fe1f680b4e0, 0x00007fe1f680b918]
Event: 262.933 Thread 0x00007fe204377000 12000       4       org.apache.camel.impl.DefaultProducer::isSingleton (10 bytes)
Event: 262.944 Thread 0x00007fe204377000 nmethod 12000 0x00007fe1f67ccf50 code [0x00007fe1f67cd0a0, 0x00007fe1f67cd138]
Event: 264.273 Thread 0x00007fe204377000 12002       4       javax.management.MBeanInfo::<init> (105 bytes)
Event: 264.282 Thread 0x00007fe204379800 12001       1       org.apache.camel.com.github.benmanes.caffeine.cache.WILMS::lazySetEdenWeightedSize (12 bytes)
Event: 264.283 Thread 0x00007fe204379800 nmethod 12001 0x00007fe1f5744890 code [0x00007fe1f57449e0, 0x00007fe1f5744af0]
Event: 264.436 Thread 0x00007fe204377000 nmethod 12002 0x00007fe1f6d6a390 code [0x00007fe1f6d6a540, 0x00007fe1f6d6b1f8]
Event: 264.439 Thread 0x00007fe204379800 12003       3       java.util.concurrent.ConcurrentHashMap::size (31 bytes)
Event: 264.440 Thread 0x00007fe204379800 nmethod 12003 0x00007fe1f67ca190 code [0x00007fe1f67ca300, 0x00007fe1f67ca5c8]
Event: 264.440 Thread 0x00007fe204379800 12004       1       java.net.InetSocketAddress$InetSocketAddressHolder::getAddress (5 bytes)
Event: 264.440 Thread 0x00007fe204379800 nmethod 12004 0x00007fe1f6d6a050 code [0x00007fe1f6d6a1a0, 0x00007fe1f6d6a2b0]
Event: 264.970 Thread 0x00007fe204377000 12005       4       org.apache.camel.util.ObjectHelper::hasAnnotation (39 bytes)
Event: 265.033 Thread 0x00007fe204377000 nmethod 12005 0x00007fe1f5744f10 code [0x00007fe1f5745060, 0x00007fe1f57451b8]
Event: 265.305 Thread 0x00007fe204377000 12006       4       javax.management.NotCompliantMBeanException::<init> (6 bytes)
Event: 265.334 Thread 0x00007fe204377000 nmethod 12006 0x00007fe1f67d3110 code [0x00007fe1f67d3280, 0x00007fe1f67d3a08]
Event: 265.625 Thread 0x00007fe204379800 12007       3       org.apache.camel.com.github.benmanes.caffeine.cache.BoundedLocalCache::ceilingPowerOfTwo (10 bytes)
Event: 265.639 Thread 0x00007fe204379800 nmethod 12007 0x00007fe1f67ab410 code [0x00007fe1f67ab580, 0x00007fe1f67ab6e8]
Event: 266.022 Thread 0x00007fe204379800 12008       3       ai.pelican.camel.component.aceq.DatabaseEndpoint::hashCode (236 bytes)
Event: 266.026 Thread 0x00007fe204379800 nmethod 12008 0x00007fe1f6c62850 code [0x00007fe1f6c62a80, 0x00007fe1f6c63828]
Event: 266.026 Thread 0x00007fe204379800 12009       3       ai.pelican.camel.component.aceq.DatabaseEndpoint::createProducer (80 bytes)
Event: 266.026 Thread 0x00007fe204379800 nmethod 12009 0x00007fe1f5391d10 code [0x00007fe1f5391f20, 0x00007fe1f5392948]
Event: 266.440 Thread 0x00007fe204379800 12010       3       org.apache.camel.component.sql.DefaultSqlPrepareStatementStrategy::<init> (10 bytes)
Event: 266.444 Thread 0x00007fe204377000 12011       4       javax.management.modelmbean.ModelMBeanInfoSupport::validDescriptor (381 bytes)
Event: 266.457 Thread 0x00007fe204379800 nmethod 12010 0x00007fe1f68d4910 code [0x00007fe1f68d4a80, 0x00007fe1f68d4c30]
Event: 266.839 Thread 0x00007fe204377000 nmethod 12011 0x00007fe1f6cc8d10 code [0x00007fe1f6cc92a0, 0x00007fe1f6ccdf58]
Event: 267.979 Thread 0x00007fe204379800 12012       3       org.apache.camel.component.sql.SqlEndpoint::createProducer (66 bytes)
Event: 268.475 Thread 0x00007fe204379800 nmethod 12012 0x00007fe1f51d88d0 code [0x00007fe1f51d8a80, 0x00007fe1f51d9348]
Event: 268.582 Thread 0x00007fe204379800 12013       3       org.apache.camel.component.sql.SqlProducer::<init> (40 bytes)
Event: 268.583 Thread 0x00007fe204379800 nmethod 12013 0x00007fe1f67faa90 code [0x00007fe1f67fac20, 0x00007fe1f67fb138]
Event: 269.537 Thread 0x00007fe204377000 12014       4       java.io.DataOutputStream::writeLong (118 bytes)
Event: 269.539 Thread 0x00007fe204379800 12015       1       java.nio.channels.spi.AbstractSelectionKey::isValid (5 bytes)
Event: 269.540 Thread 0x00007fe204379800 nmethod 12015 0x00007fe1f68d4650 code [0x00007fe1f68d47a0, 0x00007fe1f68d48b0]
Event: 269.597 Thread 0x00007fe204377000 nmethod 12014 0x00007fe1f611b390 code [0x00007fe1f611b500, 0x00007fe1f611b6a8]
Event: 269.597 Thread 0x00007fe204377000 12016       4       java.util.ArrayList::addAll (54 bytes)
Event: 269.603 Thread 0x00007fe204377000 nmethod 12016 0x00007fe1f5f893d0 code [0x00007fe1f5f89540, 0x00007fe1f5f89a98]
Event: 270.523 Thread 0x00007fe204379800 12017       3       org.apache.logging.log4j.core.util.datetime.FastDatePrinter::appendDigits (31 bytes)
Event: 270.524 Thread 0x00007fe204379800 nmethod 12017 0x00007fe1f6c41c10 code [0x00007fe1f6c41da0, 0x00007fe1f6c420d8]
Event: 274.129 Thread 0x00007fe204379800 12018       3       org.apache.camel.com.github.benmanes.caffeine.cache.BaseMpscLinkedArrayQueue::offerSlowPath (87 bytes)
Event: 274.134 Thread 0x00007fe204379800 nmethod 12018 0x00007fe1f5168ed0 code [0x00007fe1f5169080, 0x00007fe1f5169698]
Event: 274.180 Thread 0x00007fe204377000 12019       4       com.hazelcast.internal.metrics.impl.MetricsDictionary::getDictionaryId (72 bytes)
Event: 274.224 Thread 0x00007fe204377000 nmethod 12019 0x00007fe1f69ebe50 code [0x00007fe1f69ebfe0, 0x00007fe1f69ec3f8]
Event: 275.425 Thread 0x00007fe204377000 12020       4       java.util.ArrayList::toArray (60 bytes)
Event: 276.069 Thread 0x00007fe204379800 12022  s    3       sun.management.MemoryImpl::getMemoryManagers (16 bytes)
Event: 276.374 Thread 0x00007fe204379800 nmethod 12022 0x00007fe1f60c05d0 code [0x00007fe1f60c0740, 0x00007fe1f60c0ae8]
Event: 277.282 Thread 0x00007fe204379800 12023       3       sun.management.ManagementFactoryHelper::getGarbageCollectorMXBeans (66 bytes)
Event: 277.284 Thread 0x00007fe204379800 nmethod 12023 0x00007fe1f6ba2d10 code [0x00007fe1f6ba2f60, 0x00007fe1f6ba3ee8]
Event: 277.984 Thread 0x00007fe204377000 nmethod 12020 0x00007fe1f5c56210 code [0x00007fe1f5c56360, 0x00007fe1f5c56838]
Event: 277.984 Thread 0x00007fe204377000 12021       4       org.apache.camel.util.URISupport::normalizeUri (329 bytes)
Event: 278.285 Thread 0x00007fe204379800 12025       3       com.hazelcast.cluster.Address::equals (63 bytes)
Event: 278.286 Thread 0x00007fe204379800 nmethod 12025 0x00007fe1f69e6150 code [0x00007fe1f69e62e0, 0x00007fe1f69e6848]
Event: 279.330 Thread 0x00007fe204379800 12026       3       com.hazelcast.internal.metrics.metricsets.GarbageCollectionMetricSet$GcStats::run (202 bytes)
Event: 279.335 Thread 0x00007fe204379800 nmethod 12026 0x00007fe1f67b53d0 code [0x00007fe1f67b5660, 0x00007fe1f67b6758]
Event: 279.336 Thread 0x00007fe204379800 12027       3       com.hazelcast.internal.networking.nio.NioNetworking$PublishAllTask::run (179 bytes)
Event: 279.338 Thread 0x00007fe204379800 nmethod 12027 0x00007fe1f5f6a910 code [0x00007fe1f5f6ac40, 0x00007fe1f5f6c4a8]
Event: 279.398 Thread 0x00007fe204379800 12030       3       com.hazelcast.internal.metrics.impl.MetricDescriptorImpl::withDiscriminator (7 bytes)
Event: 279.399 Thread 0x00007fe204379800 nmethod 12030 0x00007fe1f6c757d0 code [0x00007fe1f6c75940, 0x00007fe1f6c75c30]
Event: 279.400 Thread 0x00007fe204379800 12031       3       com.hazelcast.internal.metrics.impl.MetricDescriptorImpl::withDiscriminator (12 bytes)
Event: 279.400 Thread 0x00007fe204379800 nmethod 12031 0x00007fe1f67b4f10 code [0x00007fe1f67b5080, 0x00007fe1f67b5290]
Event: 279.444 Thread 0x00007fe204379800 12032       3       java.util.concurrent.locks.ReentrantLock$NonfairSync::tryAcquire (6 bytes)
Event: 279.444 Thread 0x00007fe204379800 nmethod 12032 0x00007fe1f6c753d0 code [0x00007fe1f6c75540, 0x00007fe1f6c75748]
Event: 280.339 Thread 0x00007fe204379800 12033       3       com.hazelcast.internal.networking.nio.NioNetworking$PublishAllTask$$Lambda$870/2145088305::run (8 bytes)
Event: 280.344 Thread 0x00007fe204379800 nmethod 12033 0x00007fe1f5247310 code [0x00007fe1f5247480, 0x00007fe1f52476a8]
Event: 280.345 Thread 0x00007fe204379800 12034       3       com.hazelcast.internal.networking.nio.NioOutboundPipeline::publishMetrics (152 bytes)
Event: 280.345 Thread 0x00007fe204379800 nmethod 12034 0x00007fe1f53a1bd0 code [0x00007fe1f53a1dc0, 0x00007fe1f53a2758]
Event: 280.347 Thread 0x00007fe204379800 12035       3       com.hazelcast.internal.networking.nio.NioNetworking$PublishAllTask$$Lambda$869/1897694050::run (8 bytes)
Event: 280.347 Thread 0x00007fe204379800 nmethod 12035 0x00007fe1f5246ed0 code [0x00007fe1f5247040, 0x00007fe1f5247268]
Event: 280.398 Thread 0x00007fe204377000 nmethod 12021 0x00007fe1f6d7c110 code [0x00007fe1f6d7c6e0, 0x00007fe1f6d82f90]
Event: 280.399 Thread 0x00007fe204377000 12024   !   4       java.util.concurrent.locks.AbstractQueuedSynchronizer::acquireQueued (93 bytes)
Event: 282.550 Thread 0x00007fe204379800 12036       3       java.util.TaskQueue::rescheduleMin (16 bytes)
Event: 283.524 Thread 0x00007fe204379800 nmethod 12036 0x00007fe1f61552d0 code [0x00007fe1f6155440, 0x00007fe1f6155608]
Event: 283.574 Thread 0x00007fe204379800 12037       3       org.apache.camel.processor.MulticastProcessor::next (21 bytes)
Event: 283.575 Thread 0x00007fe204379800 nmethod 12037 0x00007fe1f5477810 code [0x00007fe1f54779a0, 0x00007fe1f5477e18]
Event: 283.576 Thread 0x00007fe204379800 12038       3       java.util.TaskQueue::fixDown (108 bytes)
Event: 283.577 Thread 0x00007fe204379800 nmethod 12038 0x00007fe1f5c3fd10 code [0x00007fe1f5c3fec0, 0x00007fe1f5c405b0]
Event: 289.685 Thread 0x00007fe204379800 12040       3       org.apache.catalina.webresources.CachedResource::getNextCheck (5 bytes)
Event: 289.784 Thread 0x00007fe204377000 nmethod 12024 0x00007fe1f68a0b50 code [0x00007fe1f68a0cc0, 0x00007fe1f68a1678]
Event: 290.485 Thread 0x00007fe204377000 12029       4       java.lang.Long::<init> (10 bytes)
Event: 310.306 Thread 0x00007fe204379800 nmethod 12040 0x00007fe1f54774d0 code [0x00007fe1f5477620, 0x00007fe1f5477770]
Event: 311.935 Thread 0x00007fe204379800 12042       3       java.nio.HeapByteBuffer::get (15 bytes)
Event: 316.979 Thread 0x00007fe204377000 nmethod 12029 0x00007fe1f5246cd0 code [0x00007fe1f5246e20, 0x00007fe1f5246e78]
Event: 316.983 Thread 0x00007fe204379800 nmethod 12042 0x00007fe1f52af4d0 code [0x00007fe1f52af640, 0x00007fe1f52af8f0]
Event: 317.022 Thread 0x00007fe204377000 12047       4       java.util.concurrent.ConcurrentHashMap$Traverser::<init> (36 bytes)
Event: 317.027 Thread 0x00007fe204379800 12043       3       com.hazelcast.internal.memory.impl.ByteBufferAccessStrategy::getByte (10 bytes)
Event: 317.028 Thread 0x00007fe204379800 nmethod 12043 0x00007fe1f6787e90 code [0x00007fe1f6788020, 0x00007fe1f6788408]
Event: 317.028 Thread 0x00007fe204379800 12041       1       org.apache.catalina.core.ContainerBase::getBackgroundProcessorDelay (5 bytes)
Event: 317.028 Thread 0x00007fe204379800 nmethod 12041 0x00007fe1f67ab110 code [0x00007fe1f67ab260, 0x00007fe1f67ab370]
Event: 317.093 Thread 0x00007fe204379800 12048       3       com.hazelcast.client.impl.protocol.ClientMessageReader::readFrame (290 bytes)
Event: 317.098 Thread 0x00007fe204379800 nmethod 12048 0x00007fe1f6c92cd0 code [0x00007fe1f6c931e0, 0x00007fe1f6c968c8]
Event: 317.098 Thread 0x00007fe204379800 12049       3       com.hazelcast.internal.nio.Bits::readIntL (10 bytes)
Event: 317.098 Thread 0x00007fe204379800 nmethod 12049 0x00007fe1f60c0210 code [0x00007fe1f60c0380, 0x00007fe1f60c0508]
Event: 317.098 Thread 0x00007fe204379800 12050       3       com.hazelcast.internal.nio.Bits::readShortL (10 bytes)
Event: 317.098 Thread 0x00007fe204379800 nmethod 12050 0x00007fe1f6787a50 code [0x00007fe1f6787bc0, 0x00007fe1f6787d48]
Event: 317.098 Thread 0x00007fe204379800 12051       3       com.hazelcast.internal.memory.impl.EndiannessUtil::readShortL (40 bytes)
Event: 317.098 Thread 0x00007fe204379800 nmethod 12051 0x00007fe1f6c926d0 code [0x00007fe1f6c92840, 0x00007fe1f6c92b38]
Event: 317.171 Thread 0x00007fe204379800 12058       3       com.hazelcast.internal.metrics.impl.MetricDescriptorImpl::<init> (44 bytes)
Event: 317.172 Thread 0x00007fe204379800 nmethod 12058 0x00007fe1f6a02510 code [0x00007fe1f6a026c0, 0x00007fe1f6a02d68]
Event: 317.172 Thread 0x00007fe204379800 12054       3       com.hazelcast.internal.metrics.impl.MetricsCollectionCycle::extractAndCollectDynamicMetrics (262 bytes)
Event: 317.174 Thread 0x00007fe204379800 nmethod 12054 0x00007fe1f601a190 code [0x00007fe1f601a560, 0x00007fe1f601ce08]
Event: 317.174 Thread 0x00007fe204379800 12053       3       com.hazelcast.internal.metrics.impl.MetricsRegistryImpl::loadSourceMetadata (54 bytes)
Event: 317.174 Thread 0x00007fe204379800 nmethod 12053 0x00007fe1f6a3ce50 code [0x00007fe1f6a3d000, 0x00007fe1f6a3d5e8]
Event: 317.174 Thread 0x00007fe204379800 12055       3       com.hazelcast.internal.metrics.impl.MetricsCollectionCycle$MetricsContext::collect (10 bytes)
Event: 317.175 Thread 0x00007fe204379800 nmethod 12055 0x00007fe1f52aef90 code [0x00007fe1f52af100, 0x00007fe1f52af2e8]
Event: 317.175 Thread 0x00007fe204379800 12056       3       com.hazelcast.internal.metrics.impl.MetricsCollectionCycle::access$200 (7 bytes)
Event: 317.175 Thread 0x00007fe204379800 nmethod 12056 0x00007fe1f6019d50 code [0x00007fe1f6019ec0, 0x00007fe1f601a028]
Event: 317.175 Thread 0x00007fe204379800 12057       3       com.hazelcast.internal.metrics.impl.MetricsRegistryImpl$$Lambda$846/787066560::apply (12 bytes)
Event: 317.175 Thread 0x00007fe204379800 nmethod 12057 0x00007fe1f6a73510 code [0x00007fe1f6a73680, 0x00007fe1f6a73908]
Event: 317.321 Thread 0x00007fe204377000 nmethod 12047 0x00007fe1f6a73190 code [0x00007fe1f6a732e0, 0x00007fe1f6a734b8]
Event: 317.321 Thread 0x00007fe204377000 12052       4       com.hazelcast.internal.metrics.impl.MetricsDictionary$Word::<init> (7 bytes)
Event: 317.322 Thread 0x00007fe204377000 nmethod 12052 0x00007fe1f6a72e50 code [0x00007fe1f6a72fa0, 0x00007fe1f6a730f8]
Event: 317.648 Thread 0x00007fe204379800 12059       3       java.util.concurrent.atomic.AtomicReference::compareAndSet (13 bytes)
Event: 317.649 Thread 0x00007fe204379800 nmethod 12059 0x00007fe1f633b610 code [0x00007fe1f633b780, 0x00007fe1f633b950]
Event: 320.915 Thread 0x00007fe204379800 12060       3       java.io.DataOutputStream::flush (8 bytes)
Event: 321.082 Thread 0x00007fe204379800 nmethod 12060 0x00007fe1f633b1d0 code [0x00007fe1f633b340, 0x00007fe1f633b568]
Event: 321.083 Thread 0x00007fe204379800 12061       3       com.hazelcast.client.impl.protocol.ClientMessage::getHeaderFlags (8 bytes)
Event: 321.083 Thread 0x00007fe204379800 nmethod 12061 0x00007fe1f633ae50 code [0x00007fe1f633afc0, 0x00007fe1f633b130]
Event: 321.180 Thread 0x00007fe204377000 12062       4       java.util.concurrent.locks.AbstractQueuedSynchronizer$ConditionObject::doSignal (43 bytes)
Event: 322.079 Thread 0x00007fe204377000 nmethod 12062 0x00007fe1f6d16f90 code [0x00007fe1f6d17100, 0x00007fe1f6d17928]
Event: 322.325 Thread 0x00007fe204377000 12063       4       org.apache.camel.com.github.benmanes.caffeine.cache.AbstractLinkedDeque::linkLast (35 bytes)
Event: 322.586 Thread 0x00007fe204377000 nmethod 12063 0x00007fe1f6bb3ed0 code [0x00007fe1f6bb4040, 0x00007fe1f6bb4498]
Event: 324.890 Thread 0x00007fe204379800 12064       1       com.hazelcast.client.impl.clientside.HazelcastClientInstanceImpl::getConnectionManager (5 bytes)
Event: 326.074 Thread 0x00007fe204379800 nmethod 12064 0x00007fe1f6bb3c10 code [0x00007fe1f6bb3d60, 0x00007fe1f6bb3e70]
Event: 329.338 Thread 0x00007fe204379800 12065       3       com.hazelcast.client.impl.connection.nio.ClientConnection::isAlive (18 bytes)
Event: 331.360 Thread 0x00007fe204377000 12066       4       java.util.concurrent.locks.ReentrantLock$Sync::isHeldExclusively (16 bytes)
Event: 331.361 Thread 0x00007fe204377000 nmethod 12066 0x00007fe1f53a1950 code [0x00007fe1f53a1aa0, 0x00007fe1f53a1b38]
Event: 331.362 Thread 0x00007fe204379800 nmethod 12065 0x00007fe1f5359610 code [0x00007fe1f5359780, 0x00007fe1f5359a30]
Event: 331.367 Thread 0x00007fe204377000 12067       4       com.hazelcast.internal.util.ConcurrentReferenceHashMap::get (17 bytes)
Event: 331.452 Thread 0x00007fe204377000 nmethod 12067 0x00007fe1f5564d50 code [0x00007fe1f5564f40, 0x00007fe1f55660a8]
Event: 331.692 Thread 0x00007fe204379800 12068       3       java.util.Calendar::setTimeInMillis (84 bytes)
Event: 332.697 Thread 0x00007fe204379800 nmethod 12068 0x00007fe1f5358d50 code [0x00007fe1f5358ee0, 0x00007fe1f53594a8]
Event: 332.775 Thread 0x00007fe204379800 12069       3       org.apache.camel.util.IntrospectionSupport::getSetterShorthandName (68 bytes)
Event: 332.776 Thread 0x00007fe204379800 nmethod 12069 0x00007fe1f6a74490 code [0x00007fe1f6a746e0, 0x00007fe1f6a75508]
Event: 336.224 Thread 0x00007fe204379800 12070       3       org.apache.camel.com.github.benmanes.caffeine.cache.MpscGrowableArrayQueue::getCurrentBufferCapacity (22 bytes)
Event: 336.570 Thread 0x00007fe204379800 nmethod 12070 0x00007fe1f6ac6810 code [0x00007fe1f6ac6980, 0x00007fe1f6ac6b50]

GC Heap History (105 events):
Event: 2.483 GC heap before
{Heap before GC invocations=0 (full 0):
 garbage-first heap   total 524288K, used 25600K [0x0000000640000000, 0x0000000640101000, 0x00000007c0000000)
  region size 1024K, 25 young (25600K), 0 survivors (0K)
 Metaspace       used 9462K, capacity 9658K, committed 9984K, reserved 1058816K
  class space    used 1140K, capacity 1197K, committed 1280K, reserved 1048576K
Event: 2.499 GC heap after
Heap after GC invocations=1 (full 0):
 garbage-first heap   total 524288K, used 4886K [0x0000000640000000, 0x0000000640101000, 0x00000007c0000000)
  region size 1024K, 4 young (4096K), 4 survivors (4096K)
 Metaspace       used 9462K, capacity 9658K, committed 9984K, reserved 1058816K
  class space    used 1140K, capacity 1197K, committed 1280K, reserved 1048576K
}
Event: 3.729 GC heap before
{Heap before GC invocations=1 (full 0):
 garbage-first heap   total 524288K, used 26390K [0x0000000640000000, 0x0000000640101000, 0x00000007c0000000)
  region size 1024K, 25 young (25600K), 4 survivors (4096K)
 Metaspace       used 14451K, capacity 14688K, committed 14848K, reserved 1062912K
  class space    used 1674K, capacity 1755K, committed 1792K, reserved 1048576K
Event: 3.748 GC heap after
Heap after GC invocations=2 (full 0):
 garbage-first heap   total 524288K, used 5599K [0x0000000640000000, 0x0000000640101000, 0x00000007c0000000)
  region size 1024K, 2 young (2048K), 2 survivors (2048K)
 Metaspace       used 14451K, capacity 14688K, committed 14848K, reserved 1062912K
  class space    used 1674K, capacity 1755K, committed 1792K, reserved 1048576K
}
Event: 4.415 GC heap before
{Heap before GC invocations=2 (full 0):
 garbage-first heap   total 524288K, used 32223K [0x0000000640000000, 0x0000000640101000, 0x00000007c0000000)
  region size 1024K, 28 young (28672K), 2 survivors (2048K)
 Metaspace       used 18133K, capacity 18396K, committed 18688K, reserved 1064960K
  class space    used 2149K, capacity 2239K, committed 2304K, reserved 1048576K
Event: 4.428 GC heap after
Heap after GC invocations=3 (full 0):
 garbage-first heap   total 524288K, used 8704K [0x0000000640000000, 0x0000000640101000, 0x00000007c0000000)
  region size 1024K, 4 young (4096K), 4 survivors (4096K)
 Metaspace       used 18133K, capacity 18396K, committed 18688K, reserved 1064960K
  class space    used 2149K, capacity 2239K, committed 2304K, reserved 1048576K
}
Event: 5.102 GC heap before
{Heap before GC invocations=3 (full 0):
 garbage-first heap   total 524288K, used 52736K [0x0000000640000000, 0x0000000640101000, 0x00000007c0000000)
  region size 1024K, 48 young (49152K), 4 survivors (4096K)
 Metaspace       used 20755K, capacity 21182K, committed 21504K, reserved 1069056K
  class space    used 2590K, capacity 2720K, committed 2816K, reserved 1048576K
Event: 5.143 GC heap after
Heap after GC invocations=4 (full 0):
 garbage-first heap   total 524288K, used 9728K [0x0000000640000000, 0x0000000640101000, 0x00000007c0000000)
  region size 1024K, 5 young (5120K), 5 survivors (5120K)
 Metaspace       used 20755K, capacity 21182K, committed 21504K, reserved 1069056K
  class space    used 2590K, capacity 2720K, committed 2816K, reserved 1048576K
}
Event: 8.083 GC heap before
{Heap before GC invocations=5 (full 0):
 garbage-first heap   total 524288K, used 131071K [0x0000000640000000, 0x0000000640101000, 0x00000007c0000000)
  region size 1024K, 124 young (126976K), 5 survivors (5120K)
 Metaspace       used 27510K, capacity 28080K, committed 28160K, reserved 1073152K
  class space    used 3390K, capacity 3537K, committed 3584K, reserved 1048576K
Event: 8.135 GC heap after
Heap after GC invocations=6 (full 0):
 garbage-first heap   total 524288K, used 17407K [0x0000000640000000, 0x0000000640101000, 0x00000007c0000000)
  region size 1024K, 13 young (13312K), 13 survivors (13312K)
 Metaspace       used 27510K, capacity 28080K, committed 28160K, reserved 1073152K
  class space    used 3390K, capacity 3537K, committed 3584K, reserved 1048576K
}
Event: 11.957 GC heap before
{Heap before GC invocations=6 (full 0):
 garbage-first heap   total 524288K, used 211967K [0x0000000640000000, 0x0000000640101000, 0x00000007c0000000)
  region size 1024K, 204 young (208896K), 13 survivors (13312K)
 Metaspace       used 34977K, capacity 35716K, committed 35840K, reserved 1081344K
  class space    used 4405K, capacity 4587K, committed 4608K, reserved 1048576K
Event: 12.056 GC heap after
Heap after GC invocations=7 (full 0):
 garbage-first heap   total 524288K, used 23551K [0x0000000640000000, 0x0000000640101000, 0x00000007c0000000)
  region size 1024K, 19 young (19456K), 19 survivors (19456K)
 Metaspace       used 34977K, capacity 35716K, committed 35840K, reserved 1081344K
  class space    used 4405K, capacity 4587K, committed 4608K, reserved 1048576K
}
Event: 20.145 GC heap before
{Heap before GC invocations=8 (full 0):
 garbage-first heap   total 524288K, used 318463K [0x0000000640000000, 0x0000000640101000, 0x00000007c0000000)
  region size 1024K, 307 young (314368K), 19 survivors (19456K)
 Metaspace       used 46457K, capacity 47920K, committed 48128K, reserved 1091584K
  class space    used 5822K, capacity 6109K, committed 6144K, reserved 1048576K
Event: 20.295 GC heap after
Heap after GC invocations=9 (full 0):
 garbage-first heap   total 524288K, used 45266K [0x0000000640000000, 0x0000000640101000, 0x00000007c0000000)
  region size 1024K, 39 young (39936K), 39 survivors (39936K)
 Metaspace       used 46457K, capacity 47920K, committed 48128K, reserved 1091584K
  class space    used 5822K, capacity 6109K, committed 6144K, reserved 1048576K
}
Event: 26.219 GC heap before
{Heap before GC invocations=9 (full 0):
 garbage-first heap   total 524288K, used 215250K [0x0000000640000000, 0x0000000640101000, 0x00000007c0000000)
  region size 1024K, 206 young (210944K), 39 survivors (39936K)
 Metaspace       used 57936K, capacity 60054K, committed 60160K, reserved 1101824K
  class space    used 7551K, capacity 8120K, committed 8192K, reserved 1048576K
Event: 26.338 GC heap after
Heap after GC invocations=10 (full 0):
 garbage-first heap   total 524288K, used 41469K [0x0000000640000000, 0x0000000640101000, 0x00000007c0000000)
  region size 1024K, 26 young (26624K), 26 survivors (26624K)
 Metaspace       used 57936K, capacity 60054K, committed 60160K, reserved 1101824K
  class space    used 7551K, capacity 8120K, committed 8192K, reserved 1048576K
}
Event: 26.465 GC heap before
{Heap before GC invocations=10 (full 0):
 garbage-first heap   total 524288K, used 43517K [0x0000000640000000, 0x0000000640101000, 0x00000007c0000000)
  region size 1024K, 28 young (28672K), 26 survivors (26624K)
 Metaspace       used 58238K, capacity 60438K, committed 60492K, reserved 1101824K
  class space    used 7585K, capacity 8184K, committed 8192K, reserved 1048576K
Event: 26.569 GC heap after
Heap after GC invocations=11 (full 0):
 garbage-first heap   total 524288K, used 35840K [0x0000000640000000, 0x0000000640101000, 0x00000007c0000000)
  region size 1024K, 2 young (2048K), 2 survivors (2048K)
 Metaspace       used 58238K, capacity 60438K, committed 60492K, reserved 1101824K
  class space    used 7585K, capacity 8184K, committed 8192K, reserved 1048576K
}
Event: 36.517 GC heap before
{Heap before GC invocations=12 (full 0):
 garbage-first heap   total 524288K, used 502557K [0x0000000640000000, 0x0000000640101000, 0x00000007c0000000)
  region size 1024K, 201 young (205824K), 2 survivors (2048K)
 Metaspace       used 75593K, capacity 78000K, committed 78464K, reserved 1118208K
  class space    used 9634K, capacity 10303K, committed 10368K, reserved 1048576K
Event: 36.658 GC heap after
Heap after GC invocations=13 (full 0):
 garbage-first heap   total 550912K, used 62150K [0x0000000640000000, 0x00000006401010d0, 0x00000007c0000000)
  region size 1024K, 26 young (26624K), 26 survivors (26624K)
 Metaspace       used 75593K, capacity 78000K, committed 78464K, reserved 1118208K
  class space    used 9634K, capacity 10303K, committed 10368K, reserved 1048576K
}
Event: 40.678 GC heap before
{Heap before GC invocations=14 (full 0):
 garbage-first heap   total 550912K, used 290270K [0x0000000640000000, 0x00000006401010d0, 0x00000007c0000000)
  region size 1024K, 147 young (150528K), 26 survivors (26624K)
 Metaspace       used 81570K, capacity 84258K, committed 84480K, reserved 1122304K
  class space    used 10313K, capacity 10970K, committed 11008K, reserved 1048576K
Event: 40.908 GC heap after
Heap after GC invocations=15 (full 0):
 garbage-first heap   total 550912K, used 74868K [0x0000000640000000, 0x00000006401010d0, 0x00000007c0000000)
  region size 1024K, 15 young (15360K), 15 survivors (15360K)
 Metaspace       used 81570K, capacity 84258K, committed 84480K, reserved 1122304K
  class space    used 10313K, capacity 10970K, committed 11008K, reserved 1048576K
}
Event: 43.730 GC heap before
{Heap before GC invocations=15 (full 0):
 garbage-first heap   total 550912K, used 206964K [0x0000000640000000, 0x00000006401010d0, 0x00000007c0000000)
  region size 1024K, 144 young (147456K), 15 survivors (15360K)
 Metaspace       used 83437K, capacity 86174K, committed 86272K, reserved 1124352K
  class space    used 10518K, capacity 11196K, committed 11264K, reserved 1048576K
Event: 43.902 GC heap after
Heap after GC invocations=16 (full 0):
 garbage-first heap   total 550912K, used 83060K [0x0000000640000000, 0x00000006401010d0, 0x00000007c0000000)
  region size 1024K, 11 young (11264K), 11 survivors (11264K)
 Metaspace       used 83437K, capacity 86174K, committed 86272K, reserved 1124352K
  class space    used 10518K, capacity 11196K, committed 11264K, reserved 1048576K
}
Event: 47.179 GC heap before
{Heap before GC invocations=16 (full 0):
 garbage-first heap   total 550912K, used 234612K [0x0000000640000000, 0x00000006401010d0, 0x00000007c0000000)
  region size 1024K, 159 young (162816K), 11 survivors (11264K)
 Metaspace       used 85694K, capacity 88902K, committed 88960K, reserved 1126400K
  class space    used 10863K, capacity 11628K, committed 11648K, reserved 1048576K
Event: 47.230 GC heap after
Heap after GC invocations=17 (full 0):
 garbage-first heap   total 550912K, used 82548K [0x0000000640000000, 0x00000006401010d0, 0x00000007c0000000)
  region size 1024K, 11 young (11264K), 11 survivors (11264K)
 Metaspace       used 85694K, capacity 88902K, committed 88960K, reserved 1126400K
  class space    used 10863K, capacity 11628K, committed 11648K, reserved 1048576K
}
Event: 50.176 GC heap before
{Heap before GC invocations=17 (full 0):
 garbage-first heap   total 550912K, used 369268K [0x0000000640000000, 0x00000006401010d0, 0x00000007c0000000)
  region size 1024K, 291 young (297984K), 11 survivors (11264K)
 Metaspace       used 85888K, capacity 89052K, committed 89216K, reserved 1126400K
  class space    used 10869K, capacity 11631K, committed 11648K, reserved 1048576K
Event: 50.251 GC heap after
Heap after GC invocations=18 (full 0):
 garbage-first heap   total 550912K, used 82036K [0x0000000640000000, 0x00000006401010d0, 0x00000007c0000000)
  region size 1024K, 10 young (10240K), 10 survivors (10240K)
 Metaspace       used 85888K, capacity 89052K, committed 89216K, reserved 1126400K
  class space    used 10869K, capacity 11631K, committed 11648K, reserved 1048576K
}
Event: 53.597 GC heap before
{Heap before GC invocations=18 (full 0):
 garbage-first heap   total 550912K, used 401524K [0x0000000640000000, 0x00000006401010d0, 0x00000007c0000000)
  region size 1024K, 322 young (329728K), 10 survivors (10240K)
 Metaspace       used 86116K, capacity 89308K, committed 89472K, reserved 1126400K
  class space    used 10882K, capacity 11631K, committed 11648K, reserved 1048576K
Event: 53.733 GC heap after
Heap after GC invocations=19 (full 0):
 garbage-first heap   total 550912K, used 83060K [0x0000000640000000, 0x00000006401010d0, 0x00000007c0000000)
  region size 1024K, 11 young (11264K), 11 survivors (11264K)
 Metaspace       used 86116K, capacity 89308K, committed 89472K, reserved 1126400K
  class space    used 10882K, capacity 11631K, committed 11648K, reserved 1048576K
}
Event: 57.420 GC heap before
{Heap before GC invocations=19 (full 0):
 garbage-first heap   total 550912K, used 401524K [0x0000000640000000, 0x00000006401010d0, 0x00000007c0000000)
  region size 1024K, 322 young (329728K), 11 survivors (11264K)
 Metaspace       used 86257K, capacity 89506K, committed 89856K, reserved 1128448K
  class space    used 10894K, capacity 11652K, committed 11776K, reserved 1048576K
Event: 57.582 GC heap after
Heap after GC invocations=20 (full 0):
 garbage-first heap   total 550912K, used 84596K [0x0000000640000000, 0x00000006401010d0, 0x00000007c0000000)
  region size 1024K, 13 young (13312K), 13 survivors (13312K)
 Metaspace       used 86257K, capacity 89506K, committed 89856K, reserved 1128448K
  class space    used 10894K, capacity 11652K, committed 11776K, reserved 1048576K
}
Event: 61.211 GC heap before
{Heap before GC invocations=20 (full 0):
 garbage-first heap   total 550912K, used 365172K [0x0000000640000000, 0x00000006401010d0, 0x00000007c0000000)
  region size 1024K, 287 young (293888K), 13 survivors (13312K)
 Metaspace       used 86335K, capacity 89654K, committed 89856K, reserved 1128448K
  class space    used 10901K, capacity 11666K, committed 11776K, reserved 1048576K
Event: 61.313 GC heap after
Heap after GC invocations=21 (full 0):
 garbage-first heap   total 550912K, used 86132K [0x0000000640000000, 0x00000006401010d0, 0x00000007c0000000)
  region size 1024K, 14 young (14336K), 14 survivors (14336K)
 Metaspace       used 86335K, capacity 89654K, committed 89856K, reserved 1128448K
  class space    used 10901K, capacity 11666K, committed 11776K, reserved 1048576K
}
Event: 65.254 GC heap before
{Heap before GC invocations=21 (full 0):
 garbage-first heap   total 550912K, used 401524K [0x0000000640000000, 0x00000006401010d0, 0x00000007c0000000)
  region size 1024K, 322 young (329728K), 14 survivors (14336K)
 Metaspace       used 86422K, capacity 89778K, committed 90112K, reserved 1128448K
  class space    used 10911K, capacity 11676K, committed 11776K, reserved 1048576K
Event: 65.455 GC heap after
Heap after GC invocations=22 (full 0):
 garbage-first heap   total 550912K, used 87156K [0x0000000640000000, 0x00000006401010d0, 0x00000007c0000000)
  region size 1024K, 15 young (15360K), 15 survivors (15360K)
 Metaspace       used 86422K, capacity 89778K, committed 90112K, reserved 1128448K
  class space    used 10911K, capacity 11676K, committed 11776K, reserved 1048576K
}
Event: 69.935 GC heap before
{Heap before GC invocations=22 (full 0):
 garbage-first heap   total 550912K, used 328820K [0x0000000640000000, 0x00000006401010d0, 0x00000007c0000000)
  region size 1024K, 251 young (257024K), 15 survivors (15360K)
 Metaspace       used 86514K, capacity 89938K, committed 90112K, reserved 1128448K
  class space    used 10924K, capacity 11692K, committed 11776K, reserved 1048576K
Event: 70.185 GC heap after
Heap after GC invocations=23 (full 0):
 garbage-first heap   total 550912K, used 88692K [0x0000000640000000, 0x00000006401010d0, 0x00000007c0000000)
  region size 1024K, 17 young (17408K), 17 survivors (17408K)
 Metaspace       used 86514K, capacity 89938K, committed 90112K, reserved 1128448K
  class space    used 10924K, capacity 11692K, committed 11776K, reserved 1048576K
}
Event: 70.647 GC heap before
{Heap before GC invocations=23 (full 0):
 garbage-first heap   total 550912K, used 113268K [0x0000000640000000, 0x00000006401010d0, 0x00000007c0000000)
  region size 1024K, 41 young (41984K), 17 survivors (17408K)
 Metaspace       used 86525K, capacity 90002K, committed 90112K, reserved 1128448K
  class space    used 10924K, capacity 11692K, committed 11776K, reserved 1048576K
Event: 70.817 GC heap after
Heap after GC invocations=24 (full 0):
 garbage-first heap   total 550912K, used 87726K [0x0000000640000000, 0x00000006401010d0, 0x00000007c0000000)
  region size 1024K, 3 young (3072K), 3 survivors (3072K)
 Metaspace       used 86525K, capacity 90002K, committed 90112K, reserved 1128448K
  class space    used 10924K, capacity 11692K, committed 11776K, reserved 1048576K
}
Event: 76.289 GC heap before
{Heap before GC invocations=24 (full 0):
 garbage-first heap   total 550912K, used 414382K [0x0000000640000000, 0x00000006401010d0, 0x00000007c0000000)
  region size 1024K, 322 young (329728K), 3 survivors (3072K)
 Metaspace       used 86597K, capacity 90152K, committed 90368K, reserved 1128448K
  class space    used 10938K, capacity 11717K, committed 11776K, reserved 1048576K
Event: 76.418 GC heap after
Heap after GC invocations=25 (full 0):
 garbage-first heap   total 550912K, used 90286K [0x0000000640000000, 0x00000006401010d0, 0x00000007c0000000)
  region size 1024K, 5 young (5120K), 5 survivors (5120K)
 Metaspace       used 86597K, capacity 90152K, committed 90368K, reserved 1128448K
  class space    used 10938K, capacity 11717K, committed 11776K, reserved 1048576K
}
Event: 81.707 GC heap before
{Heap before GC invocations=25 (full 0):
 garbage-first heap   total 550912K, used 414894K [0x0000000640000000, 0x00000006401010d0, 0x00000007c0000000)
  region size 1024K, 322 young (329728K), 5 survivors (5120K)
 Metaspace       used 86661K, capacity 90266K, committed 90368K, reserved 1128448K
  class space    used 10949K, capacity 11736K, committed 11776K, reserved 1048576K
Event: 81.792 GC heap after
Heap after GC invocations=26 (full 0):
 garbage-first heap   total 550912K, used 91310K [0x0000000640000000, 0x00000006401010d0, 0x00000007c0000000)
  region size 1024K, 6 young (6144K), 6 survivors (6144K)
 Metaspace       used 86661K, capacity 90266K, committed 90368K, reserved 1128448K
  class space    used 10949K, capacity 11736K, committed 11776K, reserved 1048576K
}
Event: 85.272 GC heap before
{Heap before GC invocations=26 (full 0):
 garbage-first heap   total 550912K, used 414894K [0x0000000640000000, 0x00000006401010d0, 0x00000007c0000000)
  region size 1024K, 322 young (329728K), 6 survivors (6144K)
 Metaspace       used 86678K, capacity 90274K, committed 90368K, reserved 1128448K
  class space    used 10949K, capacity 11736K, committed 11776K, reserved 1048576K
Event: 85.315 GC heap after
Heap after GC invocations=27 (full 0):
 garbage-first heap   total 550912K, used 92334K [0x0000000640000000, 0x00000006401010d0, 0x00000007c0000000)
  region size 1024K, 7 young (7168K), 7 survivors (7168K)
 Metaspace       used 86678K, capacity 90274K, committed 90368K, reserved 1128448K
  class space    used 10949K, capacity 11736K, committed 11776K, reserved 1048576K
}
Event: 88.755 GC heap before
{Heap before GC invocations=27 (full 0):
 garbage-first heap   total 550912K, used 414894K [0x0000000640000000, 0x00000006401010d0, 0x00000007c0000000)
  region size 1024K, 322 young (329728K), 7 survivors (7168K)
 Metaspace       used 86687K, capacity 90338K, committed 90624K, reserved 1128448K
  class space    used 10949K, capacity 11736K, committed 11776K, reserved 1048576K
Event: 88.859 GC heap after
Heap after GC invocations=28 (full 0):
 garbage-first heap   total 550912K, used 92846K [0x0000000640000000, 0x00000006401010d0, 0x00000007c0000000)
  region size 1024K, 8 young (8192K), 8 survivors (8192K)
 Metaspace       used 86687K, capacity 90338K, committed 90624K, reserved 1128448K
  class space    used 10949K, capacity 11736K, committed 11776K, reserved 1048576K
}
Event: 91.568 GC heap before
{Heap before GC invocations=28 (full 0):
 garbage-first heap   total 550912K, used 414382K [0x0000000640000000, 0x00000006401010d0, 0x00000007c0000000)
  region size 1024K, 322 young (329728K), 8 survivors (8192K)
 Metaspace       used 86692K, capacity 90338K, committed 90624K, reserved 1128448K
  class space    used 10949K, capacity 11736K, committed 11776K, reserved 1048576K
Event: 91.652 GC heap after
Heap after GC invocations=29 (full 0):
 garbage-first heap   total 550912K, used 94382K [0x0000000640000000, 0x00000006401010d0, 0x00000007c0000000)
  region size 1024K, 9 young (9216K), 9 survivors (9216K)
 Metaspace       used 86692K, capacity 90338K, committed 90624K, reserved 1128448K
  class space    used 10949K, capacity 11736K, committed 11776K, reserved 1048576K
}
Event: 95.593 GC heap before
{Heap before GC invocations=29 (full 0):
 garbage-first heap   total 550912K, used 414894K [0x0000000640000000, 0x00000006401010d0, 0x00000007c0000000)
  region size 1024K, 322 young (329728K), 9 survivors (9216K)
 Metaspace       used 86704K, capacity 90338K, committed 90624K, reserved 1128448K
  class space    used 10949K, capacity 11736K, committed 11776K, reserved 1048576K
Event: 95.644 GC heap after
Heap after GC invocations=30 (full 0):
 garbage-first heap   total 550912K, used 94894K [0x0000000640000000, 0x00000006401010d0, 0x00000007c0000000)
  region size 1024K, 10 young (10240K), 10 survivors (10240K)
 Metaspace       used 86704K, capacity 90338K, committed 90624K, reserved 1128448K
  class space    used 10949K, capacity 11736K, committed 11776K, reserved 1048576K
}
Event: 98.468 GC heap before
{Heap before GC invocations=30 (full 0):
 garbage-first heap   total 550912K, used 414382K [0x0000000640000000, 0x00000006401010d0, 0x00000007c0000000)
  region size 1024K, 322 young (329728K), 10 survivors (10240K)
 Metaspace       used 86709K, capacity 90338K, committed 90624K, reserved 1128448K
  class space    used 10949K, capacity 11736K, committed 11776K, reserved 1048576K
Event: 98.555 GC heap after
Heap after GC invocations=31 (full 0):
 garbage-first heap   total 550912K, used 95918K [0x0000000640000000, 0x00000006401010d0, 0x00000007c0000000)
  region size 1024K, 11 young (11264K), 11 survivors (11264K)
 Metaspace       used 86709K, capacity 90338K, committed 90624K, reserved 1128448K
  class space    used 10949K, capacity 11736K, committed 11776K, reserved 1048576K
}
Event: 102.683 GC heap before
{Heap before GC invocations=31 (full 0):
 garbage-first heap   total 550912K, used 414382K [0x0000000640000000, 0x00000006401010d0, 0x00000007c0000000)
  region size 1024K, 322 young (329728K), 11 survivors (11264K)
 Metaspace       used 86802K, capacity 90464K, committed 90624K, reserved 1128448K
  class space    used 10961K, capacity 11757K, committed 11776K, reserved 1048576K
Event: 102.803 GC heap after
Heap after GC invocations=32 (full 0):
 garbage-first heap   total 550912K, used 97454K [0x0000000640000000, 0x00000006401010d0, 0x00000007c0000000)
  region size 1024K, 12 young (12288K), 12 survivors (12288K)
 Metaspace       used 86802K, capacity 90464K, committed 90624K, reserved 1128448K
  class space    used 10961K, capacity 11757K, committed 11776K, reserved 1048576K
}
Event: 106.227 GC heap before
{Heap before GC invocations=32 (full 0):
 garbage-first heap   total 550912K, used 414894K [0x0000000640000000, 0x00000006401010d0, 0x00000007c0000000)
  region size 1024K, 322 young (329728K), 12 survivors (12288K)
 Metaspace       used 86818K, capacity 90476K, committed 90624K, reserved 1128448K
  class space    used 10962K, capacity 11759K, committed 11776K, reserved 1048576K
Event: 106.400 GC heap after
Heap after GC invocations=33 (full 0):
 garbage-first heap   total 550912K, used 98990K [0x0000000640000000, 0x00000006401010d0, 0x00000007c0000000)
  region size 1024K, 14 young (14336K), 14 survivors (14336K)
 Metaspace       used 86818K, capacity 90476K, committed 90624K, reserved 1128448K
  class space    used 10962K, capacity 11759K, committed 11776K, reserved 1048576K
}
Event: 111.833 GC heap before
{Heap before GC invocations=33 (full 0):
 garbage-first heap   total 550912K, used 414382K [0x0000000640000000, 0x00000006401010d0, 0x00000007c0000000)
  region size 1024K, 322 young (329728K), 14 survivors (14336K)
 Metaspace       used 86834K, capacity 90482K, committed 90624K, reserved 1128448K
  class space    used 10962K, capacity 11760K, committed 11776K, reserved 1048576K
Event: 111.985 GC heap after
Heap after GC invocations=34 (full 0):
 garbage-first heap   total 550912K, used 100526K [0x0000000640000000, 0x00000006401010d0, 0x00000007c0000000)
  region size 1024K, 15 young (15360K), 15 survivors (15360K)
 Metaspace       used 86834K, capacity 90482K, committed 90624K, reserved 1128448K
  class space    used 10962K, capacity 11760K, committed 11776K, reserved 1048576K
}
Event: 118.149 GC heap before
{Heap before GC invocations=34 (full 0):
 garbage-first heap   total 550912K, used 414894K [0x0000000640000000, 0x00000006401010d0, 0x00000007c0000000)
  region size 1024K, 322 young (329728K), 15 survivors (15360K)
 Metaspace       used 86846K, capacity 90482K, committed 90624K, reserved 1128448K
  class space    used 10963K, capacity 11760K, committed 11776K, reserved 1048576K
Event: 118.246 GC heap after
Heap after GC invocations=35 (full 0):
 garbage-first heap   total 550912K, used 102062K [0x0000000640000000, 0x00000006401010d0, 0x00000007c0000000)
  region size 1024K, 17 young (17408K), 17 survivors (17408K)
 Metaspace       used 86846K, capacity 90482K, committed 90624K, reserved 1128448K
  class space    used 10963K, capacity 11760K, committed 11776K, reserved 1048576K
}
Event: 122.235 GC heap before
{Heap before GC invocations=35 (full 0):
 garbage-first heap   total 550912K, used 414382K [0x0000000640000000, 0x00000006401010d0, 0x00000007c0000000)
  region size 1024K, 322 young (329728K), 17 survivors (17408K)
 Metaspace       used 86873K, capacity 90546K, committed 90624K, reserved 1128448K
  class space    used 10966K, capacity 11760K, committed 11776K, reserved 1048576K
Event: 122.322 GC heap after
Heap after GC invocations=36 (full 0):
 garbage-first heap   total 550912K, used 103598K [0x0000000640000000, 0x00000006401010d0, 0x00000007c0000000)
  region size 1024K, 18 young (18432K), 18 survivors (18432K)
 Metaspace       used 86873K, capacity 90546K, committed 90624K, reserved 1128448K
  class space    used 10966K, capacity 11760K, committed 11776K, reserved 1048576K
}
Event: 125.531 GC heap before
{Heap before GC invocations=36 (full 0):
 garbage-first heap   total 550912K, used 414894K [0x0000000640000000, 0x00000006401010d0, 0x00000007c0000000)
  region size 1024K, 322 young (329728K), 18 survivors (18432K)
 Metaspace       used 86889K, capacity 90546K, committed 90624K, reserved 1128448K
  class space    used 10966K, capacity 11760K, committed 11776K, reserved 1048576K
Event: 125.642 GC heap after
Heap after GC invocations=37 (full 0):
 garbage-first heap   total 550912K, used 104823K [0x0000000640000000, 0x00000006401010d0, 0x00000007c0000000)
  region size 1024K, 18 young (18432K), 18 survivors (18432K)
 Metaspace       used 86889K, capacity 90546K, committed 90624K, reserved 1128448K
  class space    used 10966K, capacity 11760K, committed 11776K, reserved 1048576K
}
Event: 131.731 GC heap before
{Heap before GC invocations=37 (full 0):
 garbage-first heap   total 550912K, used 416119K [0x0000000640000000, 0x00000006401010d0, 0x00000007c0000000)
  region size 1024K, 322 young (329728K), 18 survivors (18432K)
 Metaspace       used 86898K, capacity 90564K, committed 90624K, reserved 1128448K
  class space    used 10968K, capacity 11763K, committed 11776K, reserved 1048576K
Event: 131.982 GC heap after
Heap after GC invocations=38 (full 0):
 garbage-first heap   total 550912K, used 106998K [0x0000000640000000, 0x00000006401010d0, 0x00000007c0000000)
  region size 1024K, 19 young (19456K), 19 survivors (19456K)
 Metaspace       used 86898K, capacity 90564K, committed 90624K, reserved 1128448K
  class space    used 10968K, capacity 11763K, committed 11776K, reserved 1048576K
}
Event: 137.191 GC heap before
{Heap before GC invocations=38 (full 0):
 garbage-first heap   total 550912K, used 417270K [0x0000000640000000, 0x00000006401010d0, 0x00000007c0000000)
  region size 1024K, 322 young (329728K), 19 survivors (19456K)
 Metaspace       used 87014K, capacity 90776K, committed 91008K, reserved 1128448K
  class space    used 10986K, capacity 11815K, committed 11904K, reserved 1048576K
Event: 137.496 GC heap after
Heap after GC invocations=39 (full 0):
 garbage-first heap   total 550912K, used 109120K [0x0000000640000000, 0x00000006401010d0, 0x00000007c0000000)
  region size 1024K, 20 young (20480K), 20 survivors (20480K)
 Metaspace       used 87014K, capacity 90776K, committed 91008K, reserved 1128448K
  class space    used 10986K, capacity 11815K, committed 11904K, reserved 1048576K
}
Event: 137.745 GC heap before
{Heap before GC invocations=39 (full 0):
 garbage-first heap   total 550912K, used 115264K [0x0000000640000000, 0x00000006401010d0, 0x00000007c0000000)
  region size 1024K, 26 young (26624K), 20 survivors (20480K)
 Metaspace       used 87054K, capacity 90776K, committed 91008K, reserved 1128448K
  class space    used 10993K, capacity 11815K, committed 11904K, reserved 1048576K
Event: 138.061 GC heap after
Heap after GC invocations=40 (full 0):
 garbage-first heap   total 550912K, used 111747K [0x0000000640000000, 0x00000006401010d0, 0x00000007c0000000)
  region size 1024K, 3 young (3072K), 3 survivors (3072K)
 Metaspace       used 87054K, capacity 90776K, committed 91008K, reserved 1128448K
  class space    used 10993K, capacity 11815K, committed 11904K, reserved 1048576K
}
Event: 154.485 GC heap before
{Heap before GC invocations=40 (full 0):
 garbage-first heap   total 550912K, used 438403K [0x0000000640000000, 0x00000006401010d0, 0x00000007c0000000)
  region size 1024K, 322 young (329728K), 3 survivors (3072K)
 Metaspace       used 87675K, capacity 91430K, committed 91520K, reserved 1128448K
  class space    used 11060K, capacity 11882K, committed 11904K, reserved 1048576K
Event: 154.597 GC heap after
Heap after GC invocations=41 (full 0):
 garbage-first heap   total 550912K, used 122499K [0x0000000640000000, 0x00000006401010d0, 0x00000007c0000000)
  region size 1024K, 13 young (13312K), 13 survivors (13312K)
 Metaspace       used 87675K, capacity 91430K, committed 91520K, reserved 1128448K
  class space    used 11060K, capacity 11882K, committed 11904K, reserved 1048576K
}
Event: 176.245 GC heap before
{Heap before GC invocations=41 (full 0):
 garbage-first heap   total 550912K, used 319107K [0x0000000640000000, 0x00000006401010d0, 0x00000007c0000000)
  region size 1024K, 205 young (209920K), 13 survivors (13312K)
 Metaspace       used 87697K, capacity 91430K, committed 91520K, reserved 1128448K
  class space    used 11060K, capacity 11882K, committed 11904K, reserved 1048576K
Event: 176.734 GC heap after
Heap after GC invocations=42 (full 0):
 garbage-first heap   total 550912K, used 130691K [0x0000000640000000, 0x00000006401010d0, 0x00000007c0000000)
  region size 1024K, 21 young (21504K), 21 survivors (21504K)
 Metaspace       used 87697K, capacity 91430K, committed 91520K, reserved 1128448K
  class space    used 11060K, capacity 11882K, committed 11904K, reserved 1048576K
}
Event: 177.061 GC heap before
{Heap before GC invocations=42 (full 0):
 garbage-first heap   total 550912K, used 135811K [0x0000000640000000, 0x00000006401010d0, 0x00000007c0000000)
  region size 1024K, 26 young (26624K), 21 survivors (21504K)
 Metaspace       used 87697K, capacity 91430K, committed 91520K, reserved 1128448K
  class space    used 11060K, capacity 11882K, committed 11904K, reserved 1048576K
Event: 177.263 GC heap after
Heap after GC invocations=43 (full 0):
 garbage-first heap   total 550912K, used 135700K [0x0000000640000000, 0x00000006401010d0, 0x00000007c0000000)
  region size 1024K, 1 young (1024K), 1 survivors (1024K)
 Metaspace       used 87697K, capacity 91430K, committed 91520K, reserved 1128448K
  class space    used 11060K, capacity 11882K, committed 11904K, reserved 1048576K
}
Event: 254.927 GC heap before
{Heap before GC invocations=43 (full 0):
 garbage-first heap   total 550912K, used 430612K [0x0000000640000000, 0x00000006401010d0, 0x00000007c0000000)
  region size 1024K, 289 young (295936K), 1 survivors (1024K)
 Metaspace       used 87746K, capacity 91558K, committed 91776K, reserved 1128448K
  class space    used 11066K, capacity 11882K, committed 11904K, reserved 1048576K
Event: 255.139 GC heap after
Heap after GC invocations=44 (full 0):
 garbage-first heap   total 550912K, used 147476K [0x0000000640000000, 0x00000006401010d0, 0x00000007c0000000)
  region size 1024K, 13 young (13312K), 13 survivors (13312K)
 Metaspace       used 87746K, capacity 91558K, committed 91776K, reserved 1128448K
  class space    used 11066K, capacity 11882K, committed 11904K, reserved 1048576K
}
Event: 255.895 GC heap before
{Heap before GC invocations=44 (full 0):
 garbage-first heap   total 550912K, used 160788K [0x0000000640000000, 0x00000006401010d0, 0x00000007c0000000)
  region size 1024K, 26 young (26624K), 13 survivors (13312K)
 Metaspace       used 87746K, capacity 91558K, committed 91776K, reserved 1128448K
  class space    used 11066K, capacity 11882K, committed 11904K, reserved 1048576K
Event: 256.137 GC heap after
Heap after GC invocations=45 (full 0):
 garbage-first heap   total 550912K, used 147572K [0x0000000640000000, 0x00000006401010d0, 0x00000007c0000000)
  region size 1024K, 1 young (1024K), 1 survivors (1024K)
 Metaspace       used 87746K, capacity 91558K, committed 91776K, reserved 1128448K
  class space    used 11066K, capacity 11882K, committed 11904K, reserved 1048576K
}
Event: 272.733 GC heap before
{Heap before GC invocations=45 (full 0):
 garbage-first heap   total 550912K, used 476276K [0x0000000640000000, 0x00000006401010d0, 0x00000007c0000000)
  region size 1024K, 322 young (329728K), 1 survivors (1024K)
 Metaspace       used 87754K, capacity 91558K, committed 91776K, reserved 1128448K
  class space    used 11066K, capacity 11882K, committed 11904K, reserved 1048576K
Event: 273.534 GC heap after
Heap after GC invocations=46 (full 0):
 garbage-first heap   total 550912K, used 158836K [0x0000000640000000, 0x00000006401010d0, 0x00000007c0000000)
  region size 1024K, 12 young (12288K), 12 survivors (12288K)
 Metaspace       used 87754K, capacity 91558K, committed 91776K, reserved 1128448K
  class space    used 11066K, capacity 11882K, committed 11904K, reserved 1048576K
}
Event: 274.632 GC heap before
{Heap before GC invocations=46 (full 0):
 garbage-first heap   total 550912K, used 173172K [0x0000000640000000, 0x00000006401010d0, 0x00000007c0000000)
  region size 1024K, 26 young (26624K), 12 survivors (12288K)
 Metaspace       used 87755K, capacity 91558K, committed 91776K, reserved 1128448K
  class space    used 11066K, capacity 11882K, committed 11904K, reserved 1048576K
Event: 274.946 GC heap after
Heap after GC invocations=47 (full 0):
 garbage-first heap   total 550912K, used 160372K [0x0000000640000000, 0x00000006401010d0, 0x00000007c0000000)
  region size 1024K, 1 young (1024K), 1 survivors (1024K)
 Metaspace       used 87755K, capacity 91558K, committed 91776K, reserved 1128448K
  class space    used 11066K, capacity 11882K, committed 11904K, reserved 1048576K
}
Event: 276.670 GC heap before
{Heap before GC invocations=47 (full 0):
 garbage-first heap   total 550912K, used 185972K [0x0000000640000000, 0x00000006401010d0, 0x00000007c0000000)
  region size 1024K, 26 young (26624K), 1 survivors (1024K)
 Metaspace       used 87755K, capacity 91558K, committed 91776K, reserved 1128448K
  class space    used 11066K, capacity 11882K, committed 11904K, reserved 1048576K
Event: 277.249 GC heap after
Heap after GC invocations=48 (full 0):
 garbage-first heap   total 550912K, used 160884K [0x0000000640000000, 0x00000006401010d0, 0x00000007c0000000)
  region size 1024K, 2 young (2048K), 2 survivors (2048K)
 Metaspace       used 87755K, capacity 91558K, committed 91776K, reserved 1128448K
  class space    used 11066K, capacity 11882K, committed 11904K, reserved 1048576K
}
Event: 280.921 GC heap before
{Heap before GC invocations=48 (full 0):
 garbage-first heap   total 550912K, used 185460K [0x0000000640000000, 0x00000006401010d0, 0x00000007c0000000)
  region size 1024K, 26 young (26624K), 2 survivors (2048K)
 Metaspace       used 87765K, capacity 91558K, committed 91776K, reserved 1128448K
  class space    used 11066K, capacity 11882K, committed 11904K, reserved 1048576K
Event: 281.498 GC heap after
Heap after GC invocations=49 (full 0):
 garbage-first heap   total 550912K, used 161908K [0x0000000640000000, 0x00000006401010d0, 0x00000007c0000000)
  region size 1024K, 3 young (3072K), 3 survivors (3072K)
 Metaspace       used 87765K, capacity 91558K, committed 91776K, reserved 1128448K
  class space    used 11066K, capacity 11882K, committed 11904K, reserved 1048576K
}
Event: 318.378 GC heap before
{Heap before GC invocations=49 (full 0):
 garbage-first heap   total 550912K, used 185460K [0x0000000640000000, 0x00000006401010d0, 0x00000007c0000000)
  region size 1024K, 26 young (26624K), 3 survivors (3072K)
 Metaspace       used 87776K, capacity 91558K, committed 91776K, reserved 1128448K
  class space    used 11067K, capacity 11882K, committed 11904K, reserved 1048576K
Event: 320.357 GC heap after
Heap after GC invocations=50 (full 0):
 garbage-first heap   total 550912K, used 162932K [0x0000000640000000, 0x00000006401010d0, 0x00000007c0000000)
  region size 1024K, 4 young (4096K), 4 survivors (4096K)
 Metaspace       used 87776K, capacity 91558K, committed 91776K, reserved 1128448K
  class space    used 11067K, capacity 11882K, committed 11904K, reserved 1048576K
}
Event: 321.774 GC heap before
{Heap before GC invocations=50 (full 0):
 garbage-first heap   total 550912K, used 185460K [0x0000000640000000, 0x00000006401010d0, 0x00000007c0000000)
  region size 1024K, 26 young (26624K), 4 survivors (4096K)
 Metaspace       used 87776K, capacity 91558K, committed 91776K, reserved 1128448K
  class space    used 11067K, capacity 11882K, committed 11904K, reserved 1048576K
Event: 321.940 GC heap after
Heap after GC invocations=51 (full 0):
 garbage-first heap   total 550912K, used 163943K [0x0000000640000000, 0x00000006401010d0, 0x00000007c0000000)
  region size 1024K, 4 young (4096K), 4 survivors (4096K)
 Metaspace       used 87776K, capacity 91558K, committed 91776K, reserved 1128448K
  class space    used 11067K, capacity 11882K, committed 11904K, reserved 1048576K
}
Event: 323.481 GC heap before
{Heap before GC invocations=51 (full 0):
 garbage-first heap   total 550912K, used 186471K [0x0000000640000000, 0x00000006401010d0, 0x00000007c0000000)
  region size 1024K, 26 young (26624K), 4 survivors (4096K)
 Metaspace       used 87776K, capacity 91558K, committed 91776K, reserved 1128448K
  class space    used 11067K, capacity 11882K, committed 11904K, reserved 1048576K
Event: 323.843 GC heap after
Heap after GC invocations=52 (full 0):
 garbage-first heap   total 550912K, used 164113K [0x0000000640000000, 0x00000006401010d0, 0x00000007c0000000)
  region size 1024K, 3 young (3072K), 3 survivors (3072K)
 Metaspace       used 87776K, capacity 91558K, committed 91776K, reserved 1128448K
  class space    used 11067K, capacity 11882K, committed 11904K, reserved 1048576K
}
Event: 325.013 GC heap before
{Heap before GC invocations=52 (full 0):
 garbage-first heap   total 550912K, used 187665K [0x0000000640000000, 0x00000006401010d0, 0x00000007c0000000)
  region size 1024K, 26 young (26624K), 3 survivors (3072K)
 Metaspace       used 87776K, capacity 91558K, committed 91776K, reserved 1128448K
  class space    used 11067K, capacity 11882K, committed 11904K, reserved 1048576K
Event: 325.932 GC heap after
Heap after GC invocations=53 (full 0):
 garbage-first heap   total 550912K, used 165137K [0x0000000640000000, 0x00000006401010d0, 0x00000007c0000000)
  region size 1024K, 4 young (4096K), 4 survivors (4096K)
 Metaspace       used 87776K, capacity 91558K, committed 91776K, reserved 1128448K
  class space    used 11067K, capacity 11882K, committed 11904K, reserved 1048576K
}
Event: 327.130 GC heap before
{Heap before GC invocations=53 (full 0):
 garbage-first heap   total 550912K, used 187665K [0x0000000640000000, 0x00000006401010d0, 0x00000007c0000000)
  region size 1024K, 26 young (26624K), 4 survivors (4096K)
 Metaspace       used 87776K, capacity 91558K, committed 91776K, reserved 1128448K
  class space    used 11067K, capacity 11882K, committed 11904K, reserved 1048576K
Event: 328.174 GC heap after
Heap after GC invocations=54 (full 0):
 garbage-first heap   total 550912K, used 165432K [0x0000000640000000, 0x00000006401010d0, 0x00000007c0000000)
  region size 1024K, 2 young (2048K), 2 survivors (2048K)
 Metaspace       used 87776K, capacity 91558K, committed 91776K, reserved 1128448K
  class space    used 11067K, capacity 11882K, committed 11904K, reserved 1048576K
}
Event: 329.424 GC heap before
{Heap before GC invocations=54 (full 0):
 garbage-first heap   total 550912K, used 190008K [0x0000000640000000, 0x00000006401010d0, 0x00000007c0000000)
  region size 1024K, 26 young (26624K), 2 survivors (2048K)
 Metaspace       used 87776K, capacity 91558K, committed 91776K, reserved 1128448K
  class space    used 11067K, capacity 11882K, committed 11904K, reserved 1048576K
Event: 331.323 GC heap after
Heap after GC invocations=55 (full 0):
 garbage-first heap   total 550912K, used 166968K [0x0000000640000000, 0x00000006401010d0, 0x00000007c0000000)
  region size 1024K, 4 young (4096K), 4 survivors (4096K)
 Metaspace       used 87776K, capacity 91558K, committed 91776K, reserved 1128448K
  class space    used 11067K, capacity 11882K, committed 11904K, reserved 1048576K
}
Event: 334.077 GC heap before
{Heap before GC invocations=55 (full 0):
 garbage-first heap   total 550912K, used 189496K [0x0000000640000000, 0x00000006401010d0, 0x00000007c0000000)
  region size 1024K, 26 young (26624K), 4 survivors (4096K)
 Metaspace       used 87777K, capacity 91558K, committed 91776K, reserved 1128448K
  class space    used 11067K, capacity 11882K, committed 11904K, reserved 1048576K
Event: 334.783 GC heap after
Heap after GC invocations=56 (full 0):
 garbage-first heap   total 550912K, used 168187K [0x0000000640000000, 0x00000006401010d0, 0x00000007c0000000)
  region size 1024K, 3 young (3072K), 3 survivors (3072K)
 Metaspace       used 87777K, capacity 91558K, committed 91776K, reserved 1128448K
  class space    used 11067K, capacity 11882K, committed 11904K, reserved 1048576K
}
Event: 337.381 GC heap before
{Heap before GC invocations=56 (full 0):
 garbage-first heap   total 550912K, used 191739K [0x0000000640000000, 0x00000006401010d0, 0x00000007c0000000)
  region size 1024K, 26 young (26624K), 3 survivors (3072K)
 Metaspace       used 87778K, capacity 91558K, committed 91776K, reserved 1128448K
  class space    used 11067K, capacity 11882K, committed 11904K, reserved 1048576K

Deoptimization events (250 events):
Event: 8.607 Thread 0x00007fe1c4007000 Uncommon trap: reason=null_check action=make_not_entrant pc=0x00007fe1f567c498 method=java.security.SecureClassLoader.getProtectionDomain(Ljava/security/CodeSource;)Ljava/security/ProtectionDomain; @ 23
Event: 9.349 Thread 0x00007fe1c4007000 Uncommon trap: reason=bimorphic action=maybe_recompile pc=0x00007fe1f5138944 method=java.lang.ThreadLocal.get()Ljava/lang/Object; @ 6
Event: 9.363 Thread 0x00007fe1c4007000 Uncommon trap: reason=bimorphic action=maybe_recompile pc=0x00007fe1f5138944 method=java.lang.ThreadLocal.get()Ljava/lang/Object; @ 6
Event: 9.376 Thread 0x00007fe1c4007000 Uncommon trap: reason=bimorphic action=maybe_recompile pc=0x00007fe1f5138944 method=java.lang.ThreadLocal.get()Ljava/lang/Object; @ 6
Event: 9.376 Thread 0x00007fe1c4007000 Uncommon trap: reason=bimorphic action=maybe_recompile pc=0x00007fe1f5138944 method=java.lang.ThreadLocal.get()Ljava/lang/Object; @ 6
Event: 9.568 Thread 0x00007fe1c4007000 Uncommon trap: reason=unstable_if action=reinterpret pc=0x00007fe1f554a148 method=com.sun.org.apache.xerces.internal.impl.XMLEntityScanner.scanLiteral(ILcom/sun/org/apache/xerces/internal/xni/XMLString;Z)I @ 660
Event: 9.602 Thread 0x00007fe1c4007000 Uncommon trap: reason=unstable_if action=reinterpret pc=0x00007fe1f5519514 method=com.sun.org.apache.xerces.internal.impl.XMLEntityScanner.checkBeforeLoad(Lcom/sun/xml/internal/stream/Entity$ScannedEntity;II)I @ 18
Event: 9.777 Thread 0x00007fe1c4007000 Uncommon trap: reason=unstable_if action=reinterpret pc=0x00007fe1f5635c00 method=com.sun.org.apache.xerces.internal.impl.XMLEntityScanner.peekChar()I @ 14
Event: 10.228 Thread 0x00007fe1c4007000 Uncommon trap: reason=unstable_if action=reinterpret pc=0x00007fe1f54ea910 method=java.util.HashMap.putVal(ILjava/lang/Object;Ljava/lang/Object;ZZ)Ljava/lang/Object; @ 162
Event: 10.246 Thread 0x00007fe1c4007000 Uncommon trap: reason=unstable_if action=reinterpret pc=0x00007fe1f5579864 method=java.util.HashMap.putVal(ILjava/lang/Object;Ljava/lang/Object;ZZ)Ljava/lang/Object; @ 162
Event: 10.246 Thread 0x00007fe1c4007000 Uncommon trap: reason=unstable_if action=reinterpret pc=0x00007fe1f5357264 method=java.util.HashMap.getNode(ILjava/lang/Object;)Ljava/util/HashMap$Node; @ 84
Event: 10.246 Thread 0x00007fe1c4007000 Uncommon trap: reason=unstable_if action=reinterpret pc=0x00007fe1f5357940 method=java.util.HashMap.getNode(ILjava/lang/Object;)Ljava/util/HashMap$Node; @ 84
Event: 10.260 Thread 0x00007fe1c4007000 Uncommon trap: reason=unstable_if action=reinterpret pc=0x00007fe1f588b6b4 method=com.sun.org.apache.xerces.internal.util.NamespaceSupport.pushContext()V @ 11
Event: 10.345 Thread 0x00007fe1c4007000 Uncommon trap: reason=unstable_if action=reinterpret pc=0x00007fe1f58407d4 method=com.sun.org.apache.xerces.internal.impl.XMLEntityScanner.scanLiteral(ILcom/sun/org/apache/xerces/internal/xni/XMLString;Z)I @ 134
Event: 10.536 Thread 0x00007fe1c4007000 Uncommon trap: reason=unstable_if action=reinterpret pc=0x00007fe1f56e45a4 method=java.util.concurrent.ConcurrentHashMap.putVal(Ljava/lang/Object;Ljava/lang/Object;Z)Ljava/lang/Object; @ 206
Event: 11.444 Thread 0x00007fe1c4007000 Uncommon trap: reason=class_check action=maybe_recompile pc=0x00007fe1f5668a58 method=java.util.AbstractList$Itr.hasNext()Z @ 8
Event: 11.479 Thread 0x00007fe1c4007000 Uncommon trap: reason=class_check action=maybe_recompile pc=0x00007fe1f5668a58 method=java.util.AbstractList$Itr.hasNext()Z @ 8
Event: 11.479 Thread 0x00007fe1c4007000 Uncommon trap: reason=class_check action=maybe_recompile pc=0x00007fe1f5668a58 method=java.util.AbstractList$Itr.hasNext()Z @ 8
Event: 11.480 Thread 0x00007fe1c4007000 Uncommon trap: reason=class_check action=maybe_recompile pc=0x00007fe1f5668a58 method=java.util.AbstractList$Itr.hasNext()Z @ 8
Event: 11.747 Thread 0x00007fe1c4007000 Uncommon trap: reason=predicate action=maybe_recompile pc=0x00007fe1f522985c method=java.util.AbstractCollection.toArray([Ljava/lang/Object;)[Ljava/lang/Object; @ 49
Event: 11.840 Thread 0x00007fe1c4007000 Uncommon trap: reason=array_check action=maybe_recompile pc=0x00007fe1f5a2f1b4 method=java.util.AbstractCollection.toArray([Ljava/lang/Object;)[Ljava/lang/Object; @ 119
Event: 11.842 Thread 0x00007fe1c4007000 Uncommon trap: reason=array_check action=maybe_recompile pc=0x00007fe1f5a2f1b4 method=java.util.AbstractCollection.toArray([Ljava/lang/Object;)[Ljava/lang/Object; @ 119
Event: 11.842 Thread 0x00007fe1c4007000 Uncommon trap: reason=array_check action=maybe_recompile pc=0x00007fe1f5a2f1b4 method=java.util.AbstractCollection.toArray([Ljava/lang/Object;)[Ljava/lang/Object; @ 119
Event: 11.843 Thread 0x00007fe1c4007000 Uncommon trap: reason=array_check action=maybe_recompile pc=0x00007fe1f5a2f1b4 method=java.util.AbstractCollection.toArray([Ljava/lang/Object;)[Ljava/lang/Object; @ 119
Event: 12.540 Thread 0x00007fe1c4007000 Uncommon trap: reason=unstable_if action=reinterpret pc=0x00007fe1f5a785e4 method=com.sun.xml.bind.v2.model.nav.TypeVisitor.visit(Ljava/lang/reflect/Type;Ljava/lang/Object;)Ljava/lang/Object; @ 73
Event: 13.332 Thread 0x00007fe1c4007000 Uncommon trap: reason=unstable_if action=reinterpret pc=0x00007fe1f5185360 method=java.lang.CharacterData.of(I)Ljava/lang/CharacterData; @ 4
Event: 13.728 Thread 0x00007fe1c4007000 Uncommon trap: reason=unstable_if action=reinterpret pc=0x00007fe1f57e6824 method=com.sun.org.apache.xerces.internal.impl.io.UTF8Reader.read([CII)I @ 131
Event: 14.264 Thread 0x00007fe1c4007000 Uncommon trap: reason=unstable_if action=reinterpret pc=0x00007fe1f5c5b684 method=java.lang.ThreadLocal$ThreadLocalMap.nextIndex(II)I @ 4
Event: 14.265 Thread 0x00007fe1c4007000 Uncommon trap: reason=unstable_if action=reinterpret pc=0x00007fe1f5c4d8ac method=java.lang.ThreadLocal$ThreadLocalMap.nextIndex(II)I @ 4
Event: 14.290 Thread 0x00007fe1c4007000 Uncommon trap: reason=unstable_if action=reinterpret pc=0x00007fe1f5c49e7c method=java.lang.ThreadLocal$ThreadLocalMap.nextIndex(II)I @ 4
Event: 14.307 Thread 0x00007fe1c4007000 Uncommon trap: reason=unstable_if action=reinterpret pc=0x00007fe1f5c747b4 method=com.sun.org.apache.xerces.internal.dom.ParentNode.nodeListItem(I)Lorg/w3c/dom/Node; @ 76
Event: 14.308 Thread 0x00007fe1c4007000 Uncommon trap: reason=unstable_if action=reinterpret pc=0x00007fe1f5c5c874 method=com.sun.org.apache.xerces.internal.dom.ParentNode.nodeListItem(I)Lorg/w3c/dom/Node; @ 76
Event: 16.001 Thread 0x00007fe1c4007000 Uncommon trap: reason=unstable_if action=reinterpret pc=0x00007fe1f564e154 method=org.springframework.asm.ClassReader.readUtf(II[C)Ljava/lang/String; @ 41
Event: 16.216 Thread 0x00007fe1c4007000 Uncommon trap: reason=unstable_if action=reinterpret pc=0x00007fe1f56ecd40 method=org.springframework.asm.MethodVisitor.visitMethodInsn(ILjava/lang/String;Ljava/lang/String;Ljava/lang/String;Z)V @ 50
Event: 16.283 Thread 0x00007fe1c4007000 Uncommon trap: reason=unstable_if action=reinterpret pc=0x00007fe1f5d6393c method=java.util.LinkedList.node(I)Ljava/util/LinkedList$Node; @ 49
Event: 16.787 Thread 0x00007fe1c4007000 Uncommon trap: reason=bimorphic action=maybe_recompile pc=0x00007fe1f5d25210 method=java.util.stream.ReferencePipeline$2$1.accept(Ljava/lang/Object;)V @ 21
Event: 16.787 Thread 0x00007fe1c4007000 Uncommon trap: reason=bimorphic action=maybe_recompile pc=0x00007fe1f5d25210 method=java.util.stream.ReferencePipeline$2$1.accept(Ljava/lang/Object;)V @ 21
Event: 16.787 Thread 0x00007fe1c4007000 Uncommon trap: reason=bimorphic action=maybe_recompile pc=0x00007fe1f5d25210 method=java.util.stream.ReferencePipeline$2$1.accept(Ljava/lang/Object;)V @ 21
Event: 16.787 Thread 0x00007fe1c4007000 Uncommon trap: reason=bimorphic action=maybe_recompile pc=0x00007fe1f5d25210 method=java.util.stream.ReferencePipeline$2$1.accept(Ljava/lang/Object;)V @ 21
Event: 16.991 Thread 0x00007fe1c4007000 Uncommon trap: reason=unstable_if action=reinterpret pc=0x00007fe1f59d7668 method=java.util.WeakHashMap.remove(Ljava/lang/Object;)Ljava/lang/Object; @ 94
Event: 17.416 Thread 0x00007fe1c4007000 Uncommon trap: reason=unstable_if action=reinterpret pc=0x00007fe1f5dba014 method=org.springframework.util.ConcurrentReferenceHashMap$Segment.findInChain(Lorg/springframework/util/ConcurrentReferenceHashMap$Reference;Ljava/lang/Object;I)Lorg/springframewo
Event: 17.417 Thread 0x00007fe1c4007000 Uncommon trap: reason=unstable_if action=reinterpret pc=0x00007fe1f5d7de6c method=org.springframework.util.ConcurrentReferenceHashMap$Segment.findInChain(Lorg/springframework/util/ConcurrentReferenceHashMap$Reference;Ljava/lang/Object;I)Lorg/springframewo
Event: 17.476 Thread 0x00007fe1c4007000 Uncommon trap: reason=bimorphic action=maybe_recompile pc=0x00007fe1f5ed4eb8 method=org.springframework.beans.factory.support.AbstractAutowireCapableBeanFactory.predictBeanType(Ljava/lang/String;Lorg/springframework/beans/factory/support/RootBeanDefinitio
Event: 17.496 Thread 0x00007fe1c4007000 Uncommon trap: reason=bimorphic action=maybe_recompile pc=0x00007fe1f5ed4eb8 method=org.springframework.beans.factory.support.AbstractAutowireCapableBeanFactory.predictBeanType(Ljava/lang/String;Lorg/springframework/beans/factory/support/RootBeanDefinitio
Event: 17.497 Thread 0x00007fe1c4007000 Uncommon trap: reason=bimorphic action=maybe_recompile pc=0x00007fe1f5ed4eb8 method=org.springframework.beans.factory.support.AbstractAutowireCapableBeanFactory.predictBeanType(Ljava/lang/String;Lorg/springframework/beans/factory/support/RootBeanDefinitio
Event: 17.521 Thread 0x00007fe1c4007000 Uncommon trap: reason=bimorphic action=maybe_recompile pc=0x00007fe1f5ed4eb8 method=org.springframework.beans.factory.support.AbstractAutowireCapableBeanFactory.predictBeanType(Ljava/lang/String;Lorg/springframework/beans/factory/support/RootBeanDefinitio
Event: 17.803 Thread 0x00007fe1c4007000 Uncommon trap: reason=bimorphic action=maybe_recompile pc=0x00007fe1f5f05a90 method=java.util.concurrent.ConcurrentHashMap.putVal(Ljava/lang/Object;Ljava/lang/Object;Z)Ljava/lang/Object; @ 192
Event: 17.855 Thread 0x00007fe1c4007000 Uncommon trap: reason=predicate action=maybe_recompile pc=0x00007fe1f5d15cd8 method=org.springframework.boot.context.properties.source.ConfigurationPropertyName.elementEquals(Lorg/springframework/boot/context/properties/source/ConfigurationPropertyName$El
Event: 17.855 Thread 0x00007fe1c4007000 Uncommon trap: reason=unstable_if action=reinterpret pc=0x00007fe1f5d1e194 method=org.springframework.boot.context.properties.source.ConfigurationPropertyName.elementEquals(Lorg/springframework/boot/context/properties/source/ConfigurationPropertyName$Elem
Event: 17.863 Thread 0x00007fe1c4007000 Uncommon trap: reason=unstable_if action=reinterpret pc=0x00007fe1f5cff2f0 method=org.springframework.boot.context.properties.source.ConfigurationPropertyName$Elements.charAt(II)C @ 13
Event: 17.902 Thread 0x00007fe1c4007000 Uncommon trap: reason=bimorphic action=maybe_recompile pc=0x00007fe1f5f05a90 method=java.util.concurrent.ConcurrentHashMap.putVal(Ljava/lang/Object;Ljava/lang/Object;Z)Ljava/lang/Object; @ 192
Event: 17.919 Thread 0x00007fe1c4007000 Uncommon trap: reason=bimorphic action=maybe_recompile pc=0x00007fe1f5f05a90 method=java.util.concurrent.ConcurrentHashMap.putVal(Ljava/lang/Object;Ljava/lang/Object;Z)Ljava/lang/Object; @ 192
Event: 17.942 Thread 0x00007fe1c4007000 Uncommon trap: reason=bimorphic action=maybe_recompile pc=0x00007fe1f5f05a90 method=java.util.concurrent.ConcurrentHashMap.putVal(Ljava/lang/Object;Ljava/lang/Object;Z)Ljava/lang/Object; @ 192
Event: 18.231 Thread 0x00007fe1c4007000 Uncommon trap: reason=unstable_if action=reinterpret pc=0x00007fe1f57b4870 method=java.util.Properties$LineReader.readLine()I @ 440
Event: 18.231 Thread 0x00007fe1c4007000 Uncommon trap: reason=unstable_if action=reinterpret pc=0x00007fe1f5650d00 method=java.util.Properties$LineReader.readLine()I @ 323
Event: 18.237 Thread 0x00007fe1c4007000 Uncommon trap: reason=unstable_if action=reinterpret pc=0x00007fe1f5249b18 method=java.lang.Class.searchMethods([Ljava/lang/reflect/Method;Ljava/lang/String;[Ljava/lang/Class;)Ljava/lang/reflect/Method; @ 47
Event: 18.248 Thread 0x00007fe1c4007000 Uncommon trap: reason=unstable_if action=reinterpret pc=0x00007fe1f56984d4 method=java.util.concurrent.ConcurrentHashMap.get(Ljava/lang/Object;)Ljava/lang/Object; @ 152
Event: 18.432 Thread 0x00007fe1c4007000 Uncommon trap: reason=bimorphic action=maybe_recompile pc=0x00007fe1f5f72290 method=java.util.AbstractList$Itr.next()Ljava/lang/Object; @ 14
Event: 18.511 Thread 0x00007fe1c4007000 Uncommon trap: reason=unstable_if action=reinterpret pc=0x00007fe1f59c4d4c method=java.util.LinkedHashMap.get(Ljava/lang/Object;)Ljava/lang/Object; @ 20
Event: 18.525 Thread 0x00007fe1c4007000 Uncommon trap: reason=unstable_if action=reinterpret pc=0x00007fe1f57b5aa8 method=java.util.Properties.loadConvert([CII[C)Ljava/lang/String; @ 445
Event: 18.658 Thread 0x00007fe1c4007000 Uncommon trap: reason=unstable_if action=reinterpret pc=0x00007fe1f54bf304 method=sun.misc.ASCIICaseInsensitiveComparator.compare(Ljava/lang/String;Ljava/lang/String;)I @ 83
Event: 18.859 Thread 0x00007fe1c4007000 Uncommon trap: reason=unstable_if action=reinterpret pc=0x00007fe1f5fbdc84 method=org.apache.tomcat.util.IntrospectionUtils.setProperty(Ljava/lang/Object;Ljava/lang/String;Ljava/lang/String;Z)Z @ 520
Event: 19.027 Thread 0x00007fe1c4007000 Uncommon trap: reason=unstable_if action=reinterpret pc=0x00007fe1f5bd813c method=java.util.logging.Logger.isLoggable(Ljava/util/logging/Level;)Z @ 8
Event: 19.414 Thread 0x00007fe1c4007000 Uncommon trap: reason=class_check action=maybe_recompile pc=0x00007fe1f5a08df0 method=java.util.zip.InflaterInputStream.read([BII)I @ 100
Event: 19.414 Thread 0x00007fe1c4007000 Uncommon trap: reason=class_check action=maybe_recompile pc=0x00007fe1f5a08df0 method=java.util.zip.InflaterInputStream.read([BII)I @ 100
Event: 19.420 Thread 0x00007fe1c4007000 Uncommon trap: reason=class_check action=maybe_recompile pc=0x00007fe1f5a08df0 method=java.util.zip.InflaterInputStream.read([BII)I @ 100
Event: 19.420 Thread 0x00007fe1c4007000 Uncommon trap: reason=class_check action=maybe_recompile pc=0x00007fe1f5a08df0 method=java.util.zip.InflaterInputStream.read([BII)I @ 100
Event: 19.434 Thread 0x00007fe1c4007000 Uncommon trap: reason=unstable_if action=reinterpret pc=0x00007fe1f523e5c4 method=sun.nio.cs.UTF_8$Decoder.decode([BII[C)I @ 30
Event: 21.336 Thread 0x00007fe1c4007000 Uncommon trap: reason=bimorphic action=maybe_recompile pc=0x00007fe1f568c180 method=java.util.Hashtable.get(Ljava/lang/Object;)Ljava/lang/Object; @ 6
Event: 21.336 Thread 0x00007fe1c4007000 Uncommon trap: reason=bimorphic action=maybe_recompile pc=0x00007fe1f568c180 method=java.util.Hashtable.get(Ljava/lang/Object;)Ljava/lang/Object; @ 6
Event: 21.708 Thread 0x00007fe1c4007000 Uncommon trap: reason=bimorphic action=maybe_recompile pc=0x00007fe1f5f72290 method=java.util.AbstractList$Itr.next()Ljava/lang/Object; @ 14
Event: 21.751 Thread 0x00007fe1c4007000 Uncommon trap: reason=bimorphic action=maybe_recompile pc=0x00007fe1f5f33ccc method=java.net.URL.<init>(Ljava/net/URL;Ljava/lang/String;Ljava/net/URLStreamHandler;)V @ 504
Event: 21.751 Thread 0x00007fe1c4007000 Uncommon trap: reason=unstable_if action=reinterpret pc=0x00007fe1f5551900 method=java.net.URLStreamHandler.parseURL(Ljava/net/URL;Ljava/lang/String;II)V @ 155
Event: 21.751 Thread 0x00007fe1c4007000 Uncommon trap: reason=unstable_if action=reinterpret pc=0x00007fe1f56f4aa8 method=sun.net.util.IPAddressUtil.scan(Ljava/lang/String;JJ[C)I @ 14
Event: 22.033 Thread 0x00007fe1c4007000 Uncommon trap: reason=unstable_if action=reinterpret pc=0x00007fe1f5840770 method=java.util.Properties$LineReader.readLine()I @ 174
Event: 22.192 Thread 0x00007fe1c4007000 Uncommon trap: reason=class_check action=maybe_recompile pc=0x00007fe1f523ba08 method=java.lang.reflect.Array.newInstance(Ljava/lang/Class;I)Ljava/lang/Object; @ 2
Event: 22.194 Thread 0x00007fe1c4007000 Uncommon trap: reason=class_check action=maybe_recompile pc=0x00007fe1f523ba08 method=java.lang.reflect.Array.newInstance(Ljava/lang/Class;I)Ljava/lang/Object; @ 2
Event: 22.242 Thread 0x00007fe1c4007000 Uncommon trap: reason=class_check action=maybe_recompile pc=0x00007fe1f584b24c method=org.springframework.core.annotation.AnnotationUtils.getDeclaredAnnotations(Ljava/lang/reflect/AnnotatedElement;)[Ljava/lang/annotation/Annotation; @ 33
Event: 22.242 Thread 0x00007fe1c4007000 Uncommon trap: reason=null_check action=make_not_entrant pc=0x00007fe1f54ec0f4 method=org.springframework.util.ClassUtils.isAssignable(Ljava/lang/Class;Ljava/lang/Class;)Z @ 14
Event: 22.268 Thread 0x00007fe1c4007000 Uncommon trap: reason=class_check action=maybe_recompile pc=0x00007fe1f584b24c method=org.springframework.core.annotation.AnnotationUtils.getDeclaredAnnotations(Ljava/lang/reflect/AnnotatedElement;)[Ljava/lang/annotation/Annotation; @ 33
Event: 22.984 Thread 0x00007fe1c4007000 Uncommon trap: reason=unstable_if action=reinterpret pc=0x00007fe1f5f33b20 method=sun.net.www.protocol.jar.Handler.parseURL(Ljava/net/URL;Ljava/lang/String;II)V @ 94
Event: 23.972 Thread 0x00007fe1c4007000 Uncommon trap: reason=unstable_if action=reinterpret pc=0x00007fe1f60421a4 method=jdk.internal.org.objectweb.asm.Type.getArgumentsAndReturnSizes(Ljava/lang/String;)I @ 41
Event: 24.063 Thread 0x00007fe1c0d12000 Uncommon trap: reason=unstable_if action=reinterpret pc=0x00007fe1f5134828 method=java.lang.String.indexOf(II)I @ 7
Event: 24.171 Thread 0x00007fe1c0d11000 Uncommon trap: reason=bimorphic action=maybe_recompile pc=0x00007fe1f537c308 method=java.io.DataOutputStream.writeByte(I)V @ 5
Event: 24.183 Thread 0x00007fe1c0d11000 Uncommon trap: reason=bimorphic action=maybe_recompile pc=0x00007fe1f537c308 method=java.io.DataOutputStream.writeByte(I)V @ 5
Event: 24.183 Thread 0x00007fe1c0d11000 Uncommon trap: reason=bimorphic action=maybe_recompile pc=0x00007fe1f537c308 method=java.io.DataOutputStream.writeByte(I)V @ 5
Event: 24.183 Thread 0x00007fe1c0d11000 Uncommon trap: reason=bimorphic action=maybe_recompile pc=0x00007fe1f537c308 method=java.io.DataOutputStream.writeByte(I)V @ 5
Event: 24.186 Thread 0x00007fe1c0d11000 Uncommon trap: reason=class_check action=maybe_recompile pc=0x00007fe1f5d86924 method=java.util.AbstractCollection.containsAll(Ljava/util/Collection;)Z @ 1
Event: 24.186 Thread 0x00007fe1c0d11000 Uncommon trap: reason=class_check action=maybe_recompile pc=0x00007fe1f5d86924 method=java.util.AbstractCollection.containsAll(Ljava/util/Collection;)Z @ 1
Event: 24.201 Thread 0x00007fe1c0d11000 Uncommon trap: reason=unstable_if action=reinterpret pc=0x00007fe1f5d28690 method=java.lang.ClassLoader.checkCerts(Ljava/lang/String;Ljava/security/CodeSource;)V @ 45
Event: 24.210 Thread 0x00007fe1c0d11000 Uncommon trap: reason=class_check action=maybe_recompile pc=0x00007fe1f5d86924 method=java.util.AbstractCollection.containsAll(Ljava/util/Collection;)Z @ 1
Event: 24.210 Thread 0x00007fe1c0d11000 Uncommon trap: reason=class_check action=maybe_recompile pc=0x00007fe1f5d86924 method=java.util.AbstractCollection.containsAll(Ljava/util/Collection;)Z @ 1
Event: 24.264 Thread 0x00007fe1c0cd5800 Uncommon trap: reason=class_check action=maybe_recompile pc=0x00007fe1f5c5a740 method=java.lang.ThreadLocal.setInitialValue()Ljava/lang/Object; @ 31
Event: 24.286 Thread 0x00007fe1c0d0b800 Uncommon trap: reason=class_check action=maybe_recompile pc=0x00007fe1f5c5a740 method=java.lang.ThreadLocal.setInitialValue()Ljava/lang/Object; @ 31
Event: 24.329 Thread 0x00007fe1c4007000 Uncommon trap: reason=class_check action=maybe_recompile pc=0x00007fe1f584b24c method=org.springframework.core.annotation.AnnotationUtils.getDeclaredAnnotations(Ljava/lang/reflect/AnnotatedElement;)[Ljava/lang/annotation/Annotation; @ 33
Event: 24.488 Thread 0x00007fe1c4007000 Uncommon trap: reason=class_check action=maybe_recompile pc=0x00007fe1f5fa86d0 method=org.springframework.beans.factory.support.AbstractBeanFactory.isTypeMatch(Ljava/lang/String;Lorg/springframework/core/ResolvableType;)Z @ 47
Event: 24.488 Thread 0x00007fe1c4007000 Uncommon trap: reason=class_check action=maybe_recompile pc=0x00007fe1f5fa86d0 method=org.springframework.beans.factory.support.AbstractBeanFactory.isTypeMatch(Ljava/lang/String;Lorg/springframework/core/ResolvableType;)Z @ 47
Event: 24.488 Thread 0x00007fe1c4007000 Uncommon trap: reason=class_check action=maybe_recompile pc=0x00007fe1f5fa86d0 method=org.springframework.beans.factory.support.AbstractBeanFactory.isTypeMatch(Ljava/lang/String;Lorg/springframework/core/ResolvableType;)Z @ 47
Event: 25.038 Thread 0x00007fe1c4007000 Uncommon trap: reason=class_check action=maybe_recompile pc=0x00007fe1f5fa86d0 method=org.springframework.beans.factory.support.AbstractBeanFactory.isTypeMatch(Ljava/lang/String;Lorg/springframework/core/ResolvableType;)Z @ 47
Event: 25.060 Thread 0x00007fe1c4007000 Uncommon trap: reason=class_check action=maybe_recompile pc=0x00007fe1f523ba08 method=java.lang.reflect.Array.newInstance(Ljava/lang/Class;I)Ljava/lang/Object; @ 2
Event: 25.060 Thread 0x00007fe1c4007000 Uncommon trap: reason=class_check action=maybe_recompile pc=0x00007fe1f523ba08 method=java.lang.reflect.Array.newInstance(Ljava/lang/Class;I)Ljava/lang/Object; @ 2
Event: 25.188 Thread 0x00007fe1c4007000 Uncommon trap: reason=class_check action=maybe_recompile pc=0x00007fe1f5cf8794 method=java.util.regex.Matcher.search(I)Z @ 86
Event: 25.188 Thread 0x00007fe1c4007000 Uncommon trap: reason=class_check action=maybe_recompile pc=0x00007fe1f5cf8794 method=java.util.regex.Matcher.search(I)Z @ 86
Event: 25.188 Thread 0x00007fe1c4007000 Uncommon trap: reason=class_check action=maybe_recompile pc=0x00007fe1f5cf8794 method=java.util.regex.Matcher.search(I)Z @ 86
Event: 25.391 Thread 0x00007fe1c4007000 Uncommon trap: reason=predicate action=maybe_recompile pc=0x00007fe1f5115e78 method=java.lang.String.regionMatches(ZILjava/lang/String;II)Z @ 63
Event: 25.772 Thread 0x00007fe1c4007000 Uncommon trap: reason=null_check action=make_not_entrant pc=0x00007fe1f6085e84 method=org.springframework.core.annotation.AnnotatedElementUtils.searchWithFindSemantics(Ljava/lang/reflect/AnnotatedElement;Ljava/util/Set;Ljava/lang/String;Ljava/lang/Class;L
Event: 25.948 Thread 0x00007fe1c4007000 Uncommon trap: reason=unstable_if action=reinterpret pc=0x00007fe1f52ce704 method=java.lang.String.lastIndexOf([CII[CIII)I @ 17
Event: 26.948 Thread 0x00007fe1c4007000 Uncommon trap: reason=class_check action=maybe_recompile pc=0x00007fe1f5bd774c method=java.util.Hashtable.containsKey(Ljava/lang/Object;)Z @ 6
Event: 27.012 Thread 0x00007fe1c4007000 Uncommon trap: reason=bimorphic action=maybe_recompile pc=0x00007fe1f568c180 method=java.util.Hashtable.get(Ljava/lang/Object;)Ljava/lang/Object; @ 6
Event: 27.012 Thread 0x00007fe1c4007000 Uncommon trap: reason=bimorphic action=maybe_recompile pc=0x00007fe1f568c180 method=java.util.Hashtable.get(Ljava/lang/Object;)Ljava/lang/Object; @ 6
Event: 27.078 Thread 0x00007fe1c4007000 Uncommon trap: reason=unstable_if action=reinterpret pc=0x00007fe1f5188e18 method=java.lang.StringCoding.encode(Ljava/lang/String;[CII)[B @ 38
Event: 27.078 Thread 0x00007fe1c4007000 Uncommon trap: reason=class_check action=maybe_recompile pc=0x00007fe1f5155150 method=java.lang.StringCoding$StringEncoder.encode([CII)[B @ 30
Event: 27.095 Thread 0x00007fe1c4007000 Uncommon trap: reason=class_check action=maybe_recompile pc=0x00007fe1f5155150 method=java.lang.StringCoding$StringEncoder.encode([CII)[B @ 30
Event: 27.170 Thread 0x00007fe1c4007000 Uncommon trap: reason=bimorphic action=maybe_recompile pc=0x00007fe1f5f72290 method=java.util.AbstractList$Itr.next()Ljava/lang/Object; @ 14
Event: 27.247 Thread 0x00007fe1c4007000 Uncommon trap: reason=class_check action=maybe_recompile pc=0x00007fe1f5155150 method=java.lang.StringCoding$StringEncoder.encode([CII)[B @ 30
Event: 27.416 Thread 0x00007fe1c4007000 Uncommon trap: reason=speculate_class_check action=maybe_recompile pc=0x00007fe1f60d0d88 method=sun.security.provider.DigestBase.engineReset()V @ 11
Event: 27.416 Thread 0x00007fe1c4007000 Uncommon trap: reason=speculate_class_check action=maybe_recompile pc=0x00007fe1f60d0d88 method=sun.security.provider.DigestBase.engineReset()V @ 11
Event: 27.480 Thread 0x00007fe1c14f1000 Uncommon trap: reason=class_check action=maybe_recompile pc=0x00007fe1f5c5a740 method=java.lang.ThreadLocal.setInitialValue()Ljava/lang/Object; @ 31
Event: 27.656 Thread 0x00007fe1a0027800 Uncommon trap: reason=class_check action=maybe_recompile pc=0x00007fe1f5bd774c method=java.util.Hashtable.containsKey(Ljava/lang/Object;)Z @ 6
Event: 27.669 Thread 0x00007fe1a0027800 Uncommon trap: reason=class_check action=maybe_recompile pc=0x00007fe1f5155150 method=java.lang.StringCoding$StringEncoder.encode([CII)[B @ 30
Event: 27.885 Thread 0x00007fe1a0027800 Uncommon trap: reason=speculate_class_check action=maybe_recompile pc=0x00007fe1f60d0d88 method=sun.security.provider.DigestBase.engineReset()V @ 11
Event: 27.885 Thread 0x00007fe1a0027800 Uncommon trap: reason=speculate_class_check action=maybe_recompile pc=0x00007fe1f60d0d88 method=sun.security.provider.DigestBase.engineReset()V @ 11
Event: 27.913 Thread 0x00007fe1a0027800 Uncommon trap: reason=unstable_if action=reinterpret pc=0x00007fe1f53e67d8 method=java.util.regex.Pattern$SliceI.match(Ljava/util/regex/Matcher;ILjava/lang/CharSequence;)Z @ 18
Event: 27.915 Thread 0x00007fe1a0027800 Uncommon trap: reason=class_check action=maybe_recompile pc=0x00007fe1f5bd774c method=java.util.Hashtable.containsKey(Ljava/lang/Object;)Z @ 6
Event: 28.167 Thread 0x00007fe1a0027800 Uncommon trap: reason=class_check action=maybe_recompile pc=0x00007fe1f5bd774c method=java.util.Hashtable.containsKey(Ljava/lang/Object;)Z @ 6
Event: 28.181 Thread 0x00007fe1c4007000 Uncommon trap: reason=unstable_if action=reinterpret pc=0x00007fe1f56344b4 method=java.lang.Class.arrayContentsEq([Ljava/lang/Object;[Ljava/lang/Object;)Z @ 1
Event: 29.780 Thread 0x00007fe1c4007000 Uncommon trap: reason=class_check action=maybe_recompile pc=0x00007fe1f51a3170 method=java.lang.String.equals(Ljava/lang/Object;)Z @ 8
Event: 30.369 Thread 0x00007fe1c4007000 Uncommon trap: reason=class_check action=maybe_recompile pc=0x00007fe1f51a3170 method=java.lang.String.equals(Ljava/lang/Object;)Z @ 8
Event: 30.369 Thread 0x00007fe1c4007000 Uncommon trap: reason=class_check action=maybe_recompile pc=0x00007fe1f51a3170 method=java.lang.String.equals(Ljava/lang/Object;)Z @ 8
Event: 30.369 Thread 0x00007fe1c4007000 Uncommon trap: reason=class_check action=maybe_recompile pc=0x00007fe1f51a3170 method=java.lang.String.equals(Ljava/lang/Object;)Z @ 8
Event: 30.592 Thread 0x00007fe1c4007000 Uncommon trap: reason=unstable_if action=reinterpret pc=0x00007fe1f616da90 method=java.util.RegularEnumSet.contains(Ljava/lang/Object;)Z @ 16
Event: 32.236 Thread 0x00007fe1c4007000 Uncommon trap: reason=unstable_if action=reinterpret pc=0x00007fe1f6214fec method=com.oracle.js.parser.TokenLookup.lookupOperator(CCCCI)Lcom/oracle/js/parser/TokenType; @ 149
Event: 32.414 Thread 0x00007fe1c4007000 Uncommon trap: reason=unstable_if action=reinterpret pc=0x00007fe1f62159cc method=com.oracle.js.parser.Lexer.isJSWhitespace(C)Z @ 35
Event: 32.614 Thread 0x00007fe1c4007000 Uncommon trap: reason=unstable_if action=reinterpret pc=0x00007fe1f620b640 method=com.oracle.js.parser.Scanner.charAt(I)C @ 5
Event: 32.614 Thread 0x00007fe1c4007000 Uncommon trap: reason=unstable_if action=reinterpret pc=0x00007fe1f6208f64 method=com.oracle.js.parser.Scanner.charAt(I)C @ 5
Event: 32.614 Thread 0x00007fe1c4007000 Uncommon trap: reason=unstable_if action=reinterpret pc=0x00007fe1f6209208 method=com.oracle.js.parser.Lexer.isJSWhitespace(C)Z @ 9
Event: 32.621 Thread 0x00007fe1c4007000 Uncommon trap: reason=unstable_if action=reinterpret pc=0x00007fe1f6264748 method=com.oracle.js.parser.AbstractParser.nextToken()Lcom/oracle/js/parser/TokenType; @ 7
Event: 33.075 Thread 0x00007fe1c4007000 Uncommon trap: reason=unstable_if action=reinterpret pc=0x00007fe1f62aaa78 method=com.oracle.js.parser.ParserContext.getCurrentFunction()Lcom/oracle/js/parser/ParserContextFunctionNode; @ 8
Event: 33.077 Thread 0x00007fe1c4007000 Uncommon trap: reason=unstable_if action=reinterpret pc=0x00007fe1f6270714 method=com.oracle.js.parser.Lexer.scanIdentifier()I @ 76
Event: 33.082 Thread 0x00007fe1c4007000 Uncommon trap: reason=class_check action=maybe_recompile pc=0x00007fe1f630ee14 method=com.oracle.js.parser.Parser.leftHandSideExpression(ZZ)Lcom/oracle/js/parser/ir/Expression; @ 259
Event: 33.129 Thread 0x00007fe1c4007000 Uncommon trap: reason=unstable_if action=reinterpret pc=0x00007fe1f54dc2dc method=java.lang.ClassLoader.getClassLoadingLock(Ljava/lang/String;)Ljava/lang/Object; @ 6
Event: 33.579 Thread 0x00007fe1c4007000 Uncommon trap: reason=unstable_if action=reinterpret pc=0x00007fe1f62245e8 method=com.oracle.js.parser.Lexer.isJSEOL(C)Z @ 9
Event: 33.739 Thread 0x00007fe1c4007000 Uncommon trap: reason=unstable_if action=reinterpret pc=0x00007fe1f628e4f4 method=com.oracle.js.parser.AbstractParser.nextToken()Lcom/oracle/js/parser/TokenType; @ 7
Event: 33.811 Thread 0x00007fe1c4007000 Uncommon trap: reason=unstable_if action=reinterpret pc=0x00007fe1f630d6c4 method=com.oracle.js.parser.Parser.assignmentExpression(ZZZZ)Lcom/oracle/js/parser/ir/Expression; @ 111
Event: 34.595 Thread 0x00007fe1c4007000 Uncommon trap: reason=unstable_if action=reinterpret pc=0x00007fe1f63f4008 method=org.graalvm.collections.EconomicMapImpl.getHashIndex(Ljava/lang/Object;)I @ 4
Event: 34.672 Thread 0x00007fe1c4007000 Uncommon trap: reason=unstable_if action=reinterpret pc=0x00007fe1f6408674 method=org.graalvm.collections.EconomicMapImpl.getHashIndex(Ljava/lang/Object;)I @ 4
Event: 36.340 Thread 0x00007fe1c4007000 Uncommon trap: reason=unstable_if action=reinterpret pc=0x00007fe1f6511bac method=com.oracle.truffle.object.ShapeImpl.check(Lcom/oracle/truffle/api/object/DynamicObject;)Z @ 5
Event: 36.659 Thread 0x00007fe1c4007000 Uncommon trap: reason=unstable_if action=reinterpret pc=0x00007fe1f63c7280 method=com.oracle.js.parser.Lexer.skipEOL(Z)V @ 6
Event: 36.659 Thread 0x00007fe1c4007000 Uncommon trap: reason=unstable_if action=reinterpret pc=0x00007fe1f6214b48 method=com.oracle.js.parser.Lexer.isJSEOL(C)Z @ 9
Event: 36.688 Thread 0x00007fe1c4007000 Uncommon trap: reason=unstable_if action=reinterpret pc=0x00007fe1f6515f94 method=com.oracle.truffle.js.nodes.access.JSGetOwnPropertyNodeGen.execute(Lcom/oracle/truffle/api/object/DynamicObject;Ljava/lang/Object;)Lcom/oracle/truffle/js/runtime/objects/Pro
Event: 36.688 Thread 0x00007fe1c4007000 Uncommon trap: reason=unstable_if action=reinterpret pc=0x00007fe1f65227f8 method=com.oracle.truffle.js.nodes.access.IsExtensibleNodeGen.executeBoolean(Lcom/oracle/truffle/api/object/DynamicObject;)Z @ 6
Event: 36.688 Thread 0x00007fe1c4007000 Uncommon trap: reason=null_check action=make_not_entrant pc=0x00007fe1f6526798 method=com.oracle.truffle.js.nodes.access.PropertySetNode.setValue(Ljava/lang/Object;Ljava/lang/Object;Ljava/lang/Object;)V @ 4
Event: 36.855 Thread 0x00007fe1c4007000 Uncommon trap: reason=class_check action=maybe_recompile pc=0x00007fe1f6447c3c method=com.oracle.js.parser.AbstractParser.getLiteral()Lcom/oracle/js/parser/ir/LiteralNode; @ 72
Event: 37.487 Thread 0x00007fe1c06db800 Uncommon trap: reason=class_check action=maybe_recompile pc=0x00007fe1f5c5a740 method=java.lang.ThreadLocal.setInitialValue()Ljava/lang/Object; @ 31
Event: 37.822 Thread 0x00007fe1c4007000 Uncommon trap: reason=unstable_if action=reinterpret pc=0x00007fe1f614b118 method=oracle.sql.CharacterSet.convertAL32UTF8BytesToJavaChars([BI[CI[IZI)I @ 2
Event: 37.822 Thread 0x00007fe1c4007000 Uncommon trap: reason=class_check action=maybe_recompile pc=0x00007fe1f5cf8794 method=java.util.regex.Matcher.search(I)Z @ 86
Event: 38.079 Thread 0x00007fe1c4007000 Uncommon trap: reason=unstable_if action=reinterpret pc=0x00007fe1f596ee2c method=com.sun.org.apache.xerces.internal.impl.XMLEntityScanner.peekChar()I @ 51
Event: 38.079 Thread 0x00007fe1c4007000 Uncommon trap: reason=unstable_if action=reinterpret pc=0x00007fe1f5836c60 method=com.sun.org.apache.xerces.internal.impl.XMLEntityScanner.scanContent(Lcom/sun/org/apache/xerces/internal/xni/XMLString;)I @ 163
Event: 38.079 Thread 0x00007fe1c4007000 Uncommon trap: reason=unstable_if action=reinterpret pc=0x00007fe1f554b1c8 method=com.sun.org.apache.xerces.internal.impl.XMLEntityScanner.skipSpaces()Z @ 85
Event: 38.306 Thread 0x00007fe1c4007000 Uncommon trap: reason=unstable_if action=reinterpret pc=0x00007fe1f52ef820 method=java.lang.CharacterDataLatin1.isWhitespace(I)Z @ 14
Event: 38.393 Thread 0x00007fe1c12ce800 Uncommon trap: reason=bimorphic action=maybe_recompile pc=0x00007fe1f5f72290 method=java.util.AbstractList$Itr.next()Ljava/lang/Object; @ 14
Event: 38.450 Thread 0x00007fe1c12ce800 Uncommon trap: reason=bimorphic action=maybe_recompile pc=0x00007fe1f53494a4 method=java.io.DataInputStream.readUnsignedShort()I @ 4
Event: 38.450 Thread 0x00007fe1c12ce800 Uncommon trap: reason=bimorphic action=maybe_recompile pc=0x00007fe1f53494a4 method=java.io.DataInputStream.readUnsignedShort()I @ 4
Event: 38.450 Thread 0x00007fe1c12ce800 Uncommon trap: reason=unstable_if action=reinterpret pc=0x00007fe1f530f424 method=sun.security.provider.DigestBase.engineUpdate([BII)V @ 119
Event: 38.498 Thread 0x00007fe1c12ce800 Uncommon trap: reason=bimorphic action=maybe_recompile pc=0x00007fe1f53494a4 method=java.io.DataInputStream.readUnsignedShort()I @ 4
Event: 38.498 Thread 0x00007fe1c12ce800 Uncommon trap: reason=bimorphic action=maybe_recompile pc=0x00007fe1f53494a4 method=java.io.DataInputStream.readUnsignedShort()I @ 4
Event: 38.676 Thread 0x00007fe1c12ce800 Uncommon trap: reason=unstable_if action=reinterpret pc=0x00007fe1f652c704 method=java.net.URI$Parser.scan(IIJJ)I @ 25
Event: 38.687 Thread 0x00007fe1c12ce800 Uncommon trap: reason=predicate action=maybe_recompile pc=0x00007fe1f661f27c method=java.util.TreeMap.put(Ljava/lang/Object;Ljava/lang/Object;)Ljava/lang/Object; @ 132
Event: 38.725 Thread 0x00007fe1c12ce800 Uncommon trap: reason=bimorphic action=maybe_recompile pc=0x00007fe1f611e938 method=java.util.Hashtable.addEntry(ILjava/lang/Object;Ljava/lang/Object;I)V @ 38
Event: 38.805 Thread 0x00007fe1c12ce800 Uncommon trap: reason=class_check action=maybe_recompile pc=0x00007fe1f6639dc8 method=sun.security.util.math.intpoly.IntegerPolynomial$MutableElement.setSum(Lsun/security/util/math/IntegerModuloP;)Lsun/security/util/math/intpoly/IntegerPolynomial$MutableE
Event: 38.805 Thread 0x00007fe1c12ce800 Uncommon trap: reason=class_check action=maybe_recompile pc=0x00007fe1f6639dc8 method=sun.security.util.math.intpoly.IntegerPolynomial$MutableElement.setSum(Lsun/security/util/math/IntegerModuloP;)Lsun/security/util/math/intpoly/IntegerPolynomial$MutableE
Event: 38.805 Thread 0x00007fe1c12ce800 Uncommon trap: reason=class_check action=maybe_recompile pc=0x00007fe1f6639dc8 method=sun.security.util.math.intpoly.IntegerPolynomial$MutableElement.setSum(Lsun/security/util/math/IntegerModuloP;)Lsun/security/util/math/intpoly/IntegerPolynomial$MutableE
Event: 38.805 Thread 0x00007fe1c12ce800 Uncommon trap: reason=class_check action=maybe_recompile pc=0x00007fe1f6639dc8 method=sun.security.util.math.intpoly.IntegerPolynomial$MutableElement.setSum(Lsun/security/util/math/IntegerModuloP;)Lsun/security/util/math/intpoly/IntegerPolynomial$MutableE
Event: 38.936 Thread 0x00007fe1c12ce800 Uncommon trap: reason=unstable_if action=reinterpret pc=0x00007fe1f613f1e8 method=java.lang.CharacterDataLatin1.digit(II)I @ 60
Event: 39.101 Thread 0x00007fe1c4007000 Uncommon trap: reason=bimorphic action=maybe_recompile pc=0x00007fe1f6604374 method=java.util.Properties$LineReader.readLine()I @ 62
Event: 39.101 Thread 0x00007fe1c4007000 Uncommon trap: reason=bimorphic action=maybe_recompile pc=0x00007fe1f6604374 method=java.util.Properties$LineReader.readLine()I @ 62
Event: 39.102 Thread 0x00007fe1c4007000 Uncommon trap: reason=unstable_if action=reinterpret pc=0x00007fe1f613943c method=java.util.Properties.getProperty(Ljava/lang/String;)Ljava/lang/String; @ 30
Event: 39.699 Thread 0x00007fe1c4007000 Uncommon trap: reason=class_check action=maybe_recompile pc=0x00007fe1f60bc5d4 method=org.springframework.core.annotation.AnnotatedElementUtils.searchWithFindSemantics(Ljava/lang/reflect/AnnotatedElement;Ljava/util/Set;Ljava/lang/String;Ljava/lang/Class;L
Event: 39.699 Thread 0x00007fe1c4007000 Uncommon trap: reason=class_check action=maybe_recompile pc=0x00007fe1f60bc5d4 method=org.springframework.core.annotation.AnnotatedElementUtils.searchWithFindSemantics(Ljava/lang/reflect/AnnotatedElement;Ljava/util/Set;Ljava/lang/String;Ljava/lang/Class;L
Event: 39.699 Thread 0x00007fe1c4007000 Uncommon trap: reason=class_check action=maybe_recompile pc=0x00007fe1f60bc5d4 method=org.springframework.core.annotation.AnnotatedElementUtils.searchWithFindSemantics(Ljava/lang/reflect/AnnotatedElement;Ljava/util/Set;Ljava/lang/String;Ljava/lang/Class;L
Event: 39.699 Thread 0x00007fe1c4007000 Uncommon trap: reason=class_check action=maybe_recompile pc=0x00007fe1f60bc5d4 method=org.springframework.core.annotation.AnnotatedElementUtils.searchWithFindSemantics(Ljava/lang/reflect/AnnotatedElement;Ljava/util/Set;Ljava/lang/String;Ljava/lang/Class;L
Event: 40.045 Thread 0x00007fe1c4007000 Uncommon trap: reason=unstable_if action=reinterpret pc=0x00007fe1f5bb4fc8 method=java.util.HashMap.putMapEntries(Ljava/util/Map;Z)V @ 53
Event: 40.113 Thread 0x00007fe1c4007000 Uncommon trap: reason=unstable_if action=reinterpret pc=0x00007fe1f56e45e0 method=java.util.concurrent.ConcurrentHashMap.putVal(Ljava/lang/Object;Ljava/lang/Object;Z)Ljava/lang/Object; @ 331
Event: 40.174 Thread 0x00007fe1c4007000 Uncommon trap: reason=unstable_if action=reinterpret pc=0x00007fe1f5fa1958 method=java.util.concurrent.ConcurrentHashMap.get(Ljava/lang/Object;)Ljava/lang/Object; @ 86
Event: 40.247 Thread 0x00007fe1c4007000 Uncommon trap: reason=unstable_if action=reinterpret pc=0x00007fe1f609fa94 method=org.springframework.beans.factory.support.AbstractBeanFactory.isTypeMatch(Ljava/lang/String;Lorg/springframework/core/ResolvableType;)Z @ 66
Event: 40.341 Thread 0x00007fe1c4007000 Uncommon trap: reason=predicate action=maybe_recompile pc=0x00007fe1f66820e0 method=org.springframework.util.ReflectionUtils.doWithMethods(Ljava/lang/Class;Lorg/springframework/util/ReflectionUtils$MethodCallback;Lorg/springframework/util/ReflectionUtils$
Event: 40.956 Thread 0x00007fe204341000 Uncommon trap: reason=unstable_if action=reinterpret pc=0x00007fe1f5fe21d4 method=java.lang.ref.Finalizer.remove()V @ 10
Event: 41.350 Thread 0x00007fe1c4007000 Uncommon trap: reason=unstable_if action=reinterpret pc=0x00007fe1f5dd3e64 method=java.util.HashMap$EntrySpliterator.forEachRemaining(Ljava/util/function/Consumer;)V @ 31
Event: 41.750 Thread 0x00007fe1c4007000 Uncommon trap: reason=unstable_if action=reinterpret pc=0x00007fe1f5b496dc method=java.util.concurrent.ConcurrentHashMap.transfer([Ljava/util/concurrent/ConcurrentHashMap$Node;[Ljava/util/concurrent/ConcurrentHashMap$Node;)V @ 356
Event: 41.770 Thread 0x00007fe1c4007000 Uncommon trap: reason=unstable_if action=reinterpret pc=0x00007fe1f54aaf48 method=java.util.concurrent.ConcurrentHashMap.transfer([Ljava/util/concurrent/ConcurrentHashMap$Node;[Ljava/util/concurrent/ConcurrentHashMap$Node;)V @ 356
Event: 42.761 Thread 0x00007fe1c4007000 Uncommon trap: reason=bimorphic action=maybe_recompile pc=0x00007fe1f5ce3cb0 method=com.sun.org.apache.xerces.internal.impl.XMLNSDocumentScannerImpl.scanStartElement()Z @ 1016
Event: 42.761 Thread 0x00007fe1c4007000 Uncommon trap: reason=bimorphic action=maybe_recompile pc=0x00007fe1f5ce37e0 method=com.sun.org.apache.xerces.internal.impl.XMLNSDocumentScannerImpl.scanStartElement()Z @ 953
Event: 42.761 Thread 0x00007fe1c4007000 Uncommon trap: reason=bimorphic action=maybe_recompile pc=0x00007fe1f5ce37e0 method=com.sun.org.apache.xerces.internal.impl.XMLNSDocumentScannerImpl.scanStartElement()Z @ 953
Event: 42.761 Thread 0x00007fe1c4007000 Uncommon trap: reason=bimorphic action=maybe_recompile pc=0x00007fe1f5ce37e0 method=com.sun.org.apache.xerces.internal.impl.XMLNSDocumentScannerImpl.scanStartElement()Z @ 953
Event: 44.466 Thread 0x00007fe1c4007000 Uncommon trap: reason=bimorphic action=maybe_recompile pc=0x00007fe1f6604374 method=java.util.Properties$LineReader.readLine()I @ 62
Event: 44.478 Thread 0x00007fe1c4007000 Uncommon trap: reason=class_check action=maybe_recompile pc=0x00007fe1f517e0cc method=java.util.Properties$LineReader.readLine()I @ 410
Event: 44.478 Thread 0x00007fe1c4007000 Uncommon trap: reason=bimorphic action=maybe_recompile pc=0x00007fe1f6604374 method=java.util.Properties$LineReader.readLine()I @ 62
Event: 44.753 Thread 0x00007fe1c4007000 Uncommon trap: reason=unstable_if action=reinterpret pc=0x00007fe1f56305cc method=java.net.URI.match(CJJ)Z @ 45
Event: 44.807 Thread 0x00007fe1c4007000 Uncommon trap: reason=unstable_if action=reinterpret pc=0x00007fe1f5346a78 method=java.util.regex.Pattern$Curly.match(Ljava/util/regex/Matcher;ILjava/lang/CharSequence;)Z @ 45
Event: 45.248 Thread 0x00007fe1c4007000 Uncommon trap: reason=unstable_if action=reinterpret pc=0x00007fe1f6514abc method=java.util.regex.Pattern$BmpCharProperty.match(Ljava/util/regex/Matcher;ILjava/lang/CharSequence;)Z @ 34
Event: 46.387 Thread 0x00007fe1c4007000 Uncommon trap: reason=bimorphic action=maybe_recompile pc=0x00007fe1f5527678 method=java.util.Collections$SetFromMap.contains(Ljava/lang/Object;)Z @ 5
Event: 47.956 Thread 0x00007fe1c4007000 Uncommon trap: reason=bimorphic action=maybe_recompile pc=0x00007fe1f5527678 method=java.util.Collections$SetFromMap.contains(Ljava/lang/Object;)Z @ 5
Event: 48.389 Thread 0x00007fe1c4007000 Uncommon trap: reason=bimorphic action=maybe_recompile pc=0x00007fe1f5527678 method=java.util.Collections$SetFromMap.contains(Ljava/lang/Object;)Z @ 5
Event: 49.581 Thread 0x00007fe1c4007000 Uncommon trap: reason=bimorphic action=maybe_recompile pc=0x00007fe1f6a16004 method=java.util.AbstractList$Itr.hasNext()Z @ 8
Event: 49.581 Thread 0x00007fe1c4007000 Uncommon trap: reason=bimorphic action=maybe_recompile pc=0x00007fe1f6a16004 method=java.util.AbstractList$Itr.hasNext()Z @ 8
Event: 49.581 Thread 0x00007fe1c4007000 Uncommon trap: reason=bimorphic action=maybe_recompile pc=0x00007fe1f6a16004 method=java.util.AbstractList$Itr.hasNext()Z @ 8
Event: 49.581 Thread 0x00007fe1c4007000 Uncommon trap: reason=bimorphic action=maybe_recompile pc=0x00007fe1f6a16004 method=java.util.AbstractList$Itr.hasNext()Z @ 8
Event: 50.000 Thread 0x00007fe1c4007000 Uncommon trap: reason=bimorphic action=maybe_recompile pc=0x00007fe1f5527678 method=java.util.Collections$SetFromMap.contains(Ljava/lang/Object;)Z @ 5
Event: 51.346 Thread 0x00007fe1c4007000 Uncommon trap: reason=unstable_if action=reinterpret pc=0x00007fe1f69d53e0 method=org.apache.camel.language.simple.SimpleTokenizer.doNextToken(Ljava/lang/String;IZ[Lorg/apache/camel/language/simple/types/TokenType;)Lorg/apache/camel/language/simple/types/
Event: 51.530 Thread 0x00007fe1c4007000 Uncommon trap: reason=unstable_if action=reinterpret pc=0x00007fe1f6a0f560 method=javax.management.ObjectName.construct(Ljava/lang/String;)V @ 670
Event: 54.021 Thread 0x00007fe1c4007000 Uncommon trap: reason=null_check action=make_not_entrant pc=0x00007fe1f6b9377c method=org.apache.camel.util.ObjectHelper.isOverridingMethod(Ljava/lang/Class;Ljava/lang/reflect/Method;Ljava/lang/reflect/Method;Z)Z @ 94
Event: 60.353 Thread 0x00007fe1c4007000 Uncommon trap: reason=unstable_if action=reinterpret pc=0x00007fe1f60c426c method=java.net.URLDecoder.decode(Ljava/lang/String;Ljava/lang/String;)Ljava/lang/String; @ 15
Event: 60.566 Thread 0x00007fe1c4007000 Uncommon trap: reason=predicate action=maybe_recompile pc=0x00007fe1f6c0844c method=java.util.ComparableTimSort.binarySort([Ljava/lang/Object;III)V @ 37
Event: 60.796 Thread 0x00007fe1c4007000 Uncommon trap: reason=array_check action=maybe_recompile pc=0x00007fe1f6c0b874 method=java.util.ComparableTimSort.binarySort([Ljava/lang/Object;III)V @ 193
Event: 60.798 Thread 0x00007fe1c4007000 Uncommon trap: reason=array_check action=maybe_recompile pc=0x00007fe1f6c0b874 method=java.util.ComparableTimSort.binarySort([Ljava/lang/Object;III)V @ 193
Event: 60.798 Thread 0x00007fe1c4007000 Uncommon trap: reason=array_check action=maybe_recompile pc=0x00007fe1f6c0b874 method=java.util.ComparableTimSort.binarySort([Ljava/lang/Object;III)V @ 193
Event: 60.800 Thread 0x00007fe1c4007000 Uncommon trap: reason=array_check action=maybe_recompile pc=0x00007fe1f6c0b874 method=java.util.ComparableTimSort.binarySort([Ljava/lang/Object;III)V @ 193
Event: 60.844 Thread 0x00007fe1c4007000 Uncommon trap: reason=array_check action=maybe_recompile pc=0x00007fe1f6c0a50c method=java.util.ComparableTimSort.binarySort([Ljava/lang/Object;III)V @ 215
Event: 60.849 Thread 0x00007fe1c4007000 Uncommon trap: reason=array_check action=maybe_recompile pc=0x00007fe1f6c0a50c method=java.util.ComparableTimSort.binarySort([Ljava/lang/Object;III)V @ 215
Event: 65.032 Thread 0x00007fe1c4007000 Uncommon trap: reason=unstable_if action=reinterpret pc=0x00007fe1f5e2e558 method=java.util.regex.Pattern.sequence(Ljava/util/regex/Pattern$Node;)Ljava/util/regex/Pattern$Node; @ 536
Event: 69.016 Thread 0x00007fe1c4007000 Uncommon trap: reason=unstable_if action=reinterpret pc=0x00007fe1f6c846a8 method=org.apache.camel.util.ObjectHelper.loadSimpleType(Ljava/lang/String;)Ljava/lang/Class; @ 172
Event: 69.104 Thread 0x00007fe1c4007000 Uncommon trap: reason=unstable_if action=reinterpret pc=0x00007fe1f6b11660 method=org.apache.camel.language.simple.SimpleTokenizer.acceptToken(Lorg/apache/camel/language/simple/types/SimpleTokenType;Ljava/lang/String;Ljava/lang/String;I)Z @ 15
Event: 73.380 Thread 0x00007fe1c4007000 Uncommon trap: reason=unstable_if action=reinterpret pc=0x00007fe1f6a9a694 method=org.apache.camel.language.simple.SimpleTokenizer.acceptToken(Lorg/apache/camel/language/simple/types/SimpleTokenType;Ljava/lang/String;Ljava/lang/String;I)Z @ 15
Event: 73.380 Thread 0x00007fe1c4007000 Uncommon trap: reason=unstable_if action=reinterpret pc=0x00007fe1f6ba4d00 method=org.apache.camel.util.ObjectHelper.isNotEmpty(Ljava/lang/Object;)Z @ 25
Event: 95.648 Thread 0x00007fe1c08b4000 Uncommon trap: reason=unstable_if action=reinterpret pc=0x00007fe1f69f1a94 method=org.apache.logging.log4j.core.config.AwaitCompletionReliabilityStrategy.afterLogEvent()V @ 7
Event: 116.594 Thread 0x00007fe1c4007000 Uncommon trap: reason=unstable_if action=reinterpret pc=0x00007fe1f6af9cec method=org.apache.camel.util.ObjectHelper.loadSimpleType(Ljava/lang/String;)Ljava/lang/Class; @ 102
Event: 134.473 Thread 0x00007fe1c4007000 Uncommon trap: reason=unstable_if action=reinterpret pc=0x00007fe1f60c0688 method=java.util.HashMap.putMapEntries(Ljava/util/Map;Z)V @ 73
Event: 136.445 Thread 0x00007fe1c4007000 Uncommon trap: reason=bimorphic action=maybe_recompile pc=0x00007fe1f6cb07a0 method=java.util.concurrent.ConcurrentHashMap.computeIfAbsent(Ljava/lang/Object;Ljava/util/function/Function;)Ljava/lang/Object; @ 311
Event: 136.445 Thread 0x00007fe1c4007000 Uncommon trap: reason=unstable_if action=reinterpret pc=0x00007fe1f68a12cc method=java.util.concurrent.ConcurrentHashMap.replaceNode(Ljava/lang/Object;Ljava/lang/Object;Ljava/lang/Object;)Ljava/lang/Object; @ 203
Event: 136.741 Thread 0x00007fe1c4007000 Uncommon trap: reason=unstable_if action=reinterpret pc=0x00007fe1f6020cec method=org.apache.camel.util.IntrospectionSupport.isSetter(Ljava/lang/reflect/Method;Z)Z @ 41
Event: 137.125 Thread 0x00007fe1c4007000 Uncommon trap: reason=unstable_if action=reinterpret pc=0x00007fe1f6ba385c method=org.apache.camel.util.StringHelper.normalizeClassName(Ljava/lang/String;)Ljava/lang/String; @ 60
Event: 137.126 Thread 0x00007fe1c4007000 Uncommon trap: reason=unstable_if action=reinterpret pc=0x00007fe1f68161a0 method=org.apache.camel.util.ObjectHelper.loadClass(Ljava/lang/String;Ljava/lang/ClassLoader;Z)Ljava/lang/Class; @ 35
Event: 137.517 Thread 0x00007fe1c4007000 Uncommon trap: reason=class_check action=maybe_recompile pc=0x00007fe1f6c983a8 method=org.apache.camel.management.DefaultManagementLifecycleStrategy.getManagedObjectForService(Lorg/apache/camel/CamelContext;Lorg/apache/camel/Service;Lorg/apache/camel/Rout
Event: 137.532 Thread 0x00007fe1c4007000 Uncommon trap: reason=class_check action=maybe_recompile pc=0x00007fe1f6c7777c method=org.apache.camel.management.ManagedManagementStrategy.getManagedObjectName(Ljava/lang/Object;Ljava/lang/String;Ljava/lang/Class;)Ljava/lang/Object; @ 575
Event: 137.532 Thread 0x00007fe1c4007000 Uncommon trap: reason=unstable_if action=reinterpret pc=0x00007fe1f6bf0da8 method=org.apache.camel.management.DefaultManagementLifecycleStrategy.onServiceAdd(Lorg/apache/camel/CamelContext;Lorg/apache/camel/Service;Lorg/apache/camel/Route;)V @ 75
Event: 137.532 Thread 0x00007fe1c4007000 Uncommon trap: reason=class_check action=maybe_recompile pc=0x00007fe1f6c7777c method=org.apache.camel.management.ManagedManagementStrategy.getManagedObjectName(Ljava/lang/Object;Ljava/lang/String;Ljava/lang/Class;)Ljava/lang/Object; @ 575
Event: 137.674 Thread 0x00007fe1c4007000 Uncommon trap: reason=unstable_if action=reinterpret pc=0x00007fe1f5169324 method=java.util.regex.Pattern$BnM.match(Ljava/util/regex/Matcher;ILjava/lang/CharSequence;)Z @ 34
Event: 137.676 Thread 0x00007fe1c4007000 Uncommon trap: reason=class_check action=maybe_recompile pc=0x00007fe1f69e4ab0 method=java.util.regex.Pattern$Curly.match1(Ljava/util/regex/Matcher;IILjava/lang/CharSequence;)Z @ 8
Event: 137.676 Thread 0x00007fe1c4007000 Uncommon trap: reason=class_check action=maybe_recompile pc=0x00007fe1f69e4ab0 method=java.util.regex.Pattern$Curly.match1(Ljava/util/regex/Matcher;IILjava/lang/CharSequence;)Z @ 8
Event: 138.103 Thread 0x00007fe1c4007000 Uncommon trap: reason=class_check action=maybe_recompile pc=0x00007fe1f6c983a8 method=org.apache.camel.management.DefaultManagementLifecycleStrategy.getManagedObjectForService(Lorg/apache/camel/CamelContext;Lorg/apache/camel/Service;Lorg/apache/camel/Rout
Event: 138.207 Thread 0x00007fe1c4007000 Uncommon trap: reason=class_check action=maybe_recompile pc=0x00007fe1f680b650 method=java.util.regex.Pattern$Branch.study(Ljava/util/regex/Pattern$TreeInfo;)Z @ 57
Event: 138.207 Thread 0x00007fe1c4007000 Uncommon trap: reason=class_check action=maybe_recompile pc=0x00007fe1f680b650 method=java.util.regex.Pattern$Branch.study(Ljava/util/regex/Pattern$TreeInfo;)Z @ 57
Event: 138.207 Thread 0x00007fe1c4007000 Uncommon trap: reason=class_check action=maybe_recompile pc=0x00007fe1f680b650 method=java.util.regex.Pattern$Branch.study(Ljava/util/regex/Pattern$TreeInfo;)Z @ 57
Event: 138.207 Thread 0x00007fe1c4007000 Uncommon trap: reason=class_check action=maybe_recompile pc=0x00007fe1f680b650 method=java.util.regex.Pattern$Branch.study(Ljava/util/regex/Pattern$TreeInfo;)Z @ 57
Event: 138.232 Thread 0x00007fe1c4007000 Uncommon trap: reason=class_check action=maybe_recompile pc=0x00007fe1f6c983a8 method=org.apache.camel.management.DefaultManagementLifecycleStrategy.getManagedObjectForService(Lorg/apache/camel/CamelContext;Lorg/apache/camel/Service;Lorg/apache/camel/Rout
Event: 138.232 Thread 0x00007fe1c4007000 Uncommon trap: reason=unstable_if action=reinterpret pc=0x00007fe1f6c776e8 method=org.apache.camel.management.ManagedManagementStrategy.getManagedObjectName(Ljava/lang/Object;Ljava/lang/String;Ljava/lang/Class;)Ljava/lang/Object; @ 393
Event: 138.296 Thread 0x00007fe1c4007000 Uncommon trap: reason=unstable_if action=reinterpret pc=0x00007fe1f69b7158 method=org.apache.camel.util.AsyncProcessorConverterHelper.convert(Lorg/apache/camel/Processor;)Lorg/apache/camel/AsyncProcessor; @ 4
Event: 138.310 Thread 0x00007fe1c4007000 Uncommon trap: reason=class_check action=maybe_recompile pc=0x00007fe1f6c983a8 method=org.apache.camel.management.DefaultManagementLifecycleStrategy.getManagedObjectForService(Lorg/apache/camel/CamelContext;Lorg/apache/camel/Service;Lorg/apache/camel/Rout
Event: 148.998 Thread 0x00007fe1c08b4000 Uncommon trap: reason=null_check action=make_not_entrant pc=0x00007fe1f6d17670 method=org.apache.camel.com.github.benmanes.caffeine.cache.AccessOrderDeque.setNext(Ljava/lang/Object;Ljava/lang/Object;)V @ 6
Event: 276.484 Thread 0x00007fe1c0d11000 Uncommon trap: reason=unstable_if action=reinterpret pc=0x00007fe1f694aca4 method=java.util.concurrent.locks.ReentrantLock$Sync.nonfairTryAcquire(I)Z @ 19

Classes redefined (0 events):
No events

Internal exceptions (239 events):
Event: 0.070 Thread 0x00007fe204054000 Exception <a 'java/lang/NoSuchMethodError': Method sun.misc.Unsafe.defineClass(Ljava/lang/String;[BII)Ljava/lang/Class; name or signature does not match> (0x000000065ff07cb8) thrown at [/builddir/build/BUILD/java-1.8.0-openjdk-1.8.0.222.b10-4.el6openjdkpo
Event: 0.070 Thread 0x00007fe204054000 Exception <a 'java/lang/NoSuchMethodError': Method sun.misc.Unsafe.prefetchRead(Ljava/lang/Object;J)V name or signature does not match> (0x000000065ff07fa0) thrown at [/builddir/build/BUILD/java-1.8.0-openjdk-1.8.0.222.b10-4.el6openjdkportable.x86_64/open
Event: 0.218 Thread 0x00007fe204054000 Exception <a 'java/security/PrivilegedActionException'> (0x000000065ffbbe48) thrown at [/builddir/build/BUILD/java-1.8.0-openjdk-1.8.0.222.b10-4.el6openjdkportable.x86_64/openjdk/hotspot/src/share/vm/prims/jvm.cpp, line 1512]
Event: 0.218 Thread 0x00007fe204054000 Exception <a 'java/security/PrivilegedActionException'> (0x000000065ffbc058) thrown at [/builddir/build/BUILD/java-1.8.0-openjdk-1.8.0.222.b10-4.el6openjdkportable.x86_64/openjdk/hotspot/src/share/vm/prims/jvm.cpp, line 1512]
Event: 0.567 Thread 0x00007fe204054000 Exception <a 'java/security/PrivilegedActionException'> (0x000000065fd31b30) thrown at [/builddir/build/BUILD/java-1.8.0-openjdk-1.8.0.222.b10-4.el6openjdkportable.x86_64/openjdk/hotspot/src/share/vm/prims/jvm.cpp, line 1512]
Event: 0.567 Thread 0x00007fe204054000 Exception <a 'java/security/PrivilegedActionException'> (0x000000065fd31f28) thrown at [/builddir/build/BUILD/java-1.8.0-openjdk-1.8.0.222.b10-4.el6openjdkportable.x86_64/openjdk/hotspot/src/share/vm/prims/jvm.cpp, line 1512]
Event: 0.567 Thread 0x00007fe204054000 Exception <a 'java/security/PrivilegedActionException'> (0x000000065fd35048) thrown at [/builddir/build/BUILD/java-1.8.0-openjdk-1.8.0.222.b10-4.el6openjdkportable.x86_64/openjdk/hotspot/src/share/vm/prims/jvm.cpp, line 1512]
Event: 0.567 Thread 0x00007fe204054000 Exception <a 'java/security/PrivilegedActionException'> (0x000000065fd35440) thrown at [/builddir/build/BUILD/java-1.8.0-openjdk-1.8.0.222.b10-4.el6openjdkportable.x86_64/openjdk/hotspot/src/share/vm/prims/jvm.cpp, line 1512]
Event: 0.567 Thread 0x00007fe204054000 Exception <a 'java/security/PrivilegedActionException'> (0x000000065fd36628) thrown at [/builddir/build/BUILD/java-1.8.0-openjdk-1.8.0.222.b10-4.el6openjdkportable.x86_64/openjdk/hotspot/src/share/vm/prims/jvm.cpp, line 1512]
Event: 0.567 Thread 0x00007fe204054000 Exception <a 'java/security/PrivilegedActionException'> (0x000000065fd36a20) thrown at [/builddir/build/BUILD/java-1.8.0-openjdk-1.8.0.222.b10-4.el6openjdkportable.x86_64/openjdk/hotspot/src/share/vm/prims/jvm.cpp, line 1512]
Event: 0.775 Thread 0x00007fe204054000 Exception <a 'java/lang/ArrayIndexOutOfBoundsException'> (0x000000065fdc5260) thrown at [/builddir/build/BUILD/java-1.8.0-openjdk-1.8.0.222.b10-4.el6openjdkportable.x86_64/openjdk/hotspot/src/share/vm/runtime/sharedRuntime.cpp, line 619]
Event: 0.776 Thread 0x00007fe204054000 Exception <a 'java/lang/ArrayIndexOutOfBoundsException'> (0x000000065fdc5fd8) thrown at [/builddir/build/BUILD/java-1.8.0-openjdk-1.8.0.222.b10-4.el6openjdkportable.x86_64/openjdk/hotspot/src/share/vm/runtime/sharedRuntime.cpp, line 619]
Event: 0.776 Thread 0x00007fe204054000 Exception <a 'java/lang/ArrayIndexOutOfBoundsException'> (0x000000065fdc6f90) thrown at [/builddir/build/BUILD/java-1.8.0-openjdk-1.8.0.222.b10-4.el6openjdkportable.x86_64/openjdk/hotspot/src/share/vm/runtime/sharedRuntime.cpp, line 619]
Event: 0.777 Thread 0x00007fe204054000 Exception <a 'java/lang/ArrayIndexOutOfBoundsException'> (0x000000065fdc8850) thrown at [/builddir/build/BUILD/java-1.8.0-openjdk-1.8.0.222.b10-4.el6openjdkportable.x86_64/openjdk/hotspot/src/share/vm/runtime/sharedRuntime.cpp, line 619]
Event: 0.787 Thread 0x00007fe204054000 Exception <a 'java/lang/ArrayIndexOutOfBoundsException'> (0x000000065fdf05b0) thrown at [/builddir/build/BUILD/java-1.8.0-openjdk-1.8.0.222.b10-4.el6openjdkportable.x86_64/openjdk/hotspot/src/share/vm/runtime/sharedRuntime.cpp, line 619]
Event: 0.787 Thread 0x00007fe204054000 Exception <a 'java/lang/ArrayIndexOutOfBoundsException'> (0x000000065fdf1818) thrown at [/builddir/build/BUILD/java-1.8.0-openjdk-1.8.0.222.b10-4.el6openjdkportable.x86_64/openjdk/hotspot/src/share/vm/runtime/sharedRuntime.cpp, line 619]
Event: 0.788 Thread 0x00007fe204054000 Exception <a 'java/lang/ArrayIndexOutOfBoundsException'> (0x000000065fdf2fd8) thrown at [/builddir/build/BUILD/java-1.8.0-openjdk-1.8.0.222.b10-4.el6openjdkportable.x86_64/openjdk/hotspot/src/share/vm/runtime/sharedRuntime.cpp, line 619]
Event: 0.803 Thread 0x00007fe204054000 Exception <a 'java/lang/ArrayIndexOutOfBoundsException'> (0x000000065fc18af0) thrown at [/builddir/build/BUILD/java-1.8.0-openjdk-1.8.0.222.b10-4.el6openjdkportable.x86_64/openjdk/hotspot/src/share/vm/runtime/sharedRuntime.cpp, line 619]
Event: 0.814 Thread 0x00007fe204054000 Exception <a 'java/lang/ArrayIndexOutOfBoundsException'> (0x000000065fc2cee0) thrown at [/builddir/build/BUILD/java-1.8.0-openjdk-1.8.0.222.b10-4.el6openjdkportable.x86_64/openjdk/hotspot/src/share/vm/runtime/sharedRuntime.cpp, line 619]
Event: 1.080 Thread 0x00007fe204054000 Exception <a 'java/security/PrivilegedActionException'> (0x000000065fb704a0) thrown at [/builddir/build/BUILD/java-1.8.0-openjdk-1.8.0.222.b10-4.el6openjdkportable.x86_64/openjdk/hotspot/src/share/vm/prims/jvm.cpp, line 1512]
Event: 1.080 Thread 0x00007fe204054000 Exception <a 'java/security/PrivilegedActionException'> (0x000000065fb706b0) thrown at [/builddir/build/BUILD/java-1.8.0-openjdk-1.8.0.222.b10-4.el6openjdkportable.x86_64/openjdk/hotspot/src/share/vm/prims/jvm.cpp, line 1512]
Event: 1.090 Thread 0x00007fe204054000 Exception <a 'java/security/PrivilegedActionException'> (0x000000065fb8cff8) thrown at [/builddir/build/BUILD/java-1.8.0-openjdk-1.8.0.222.b10-4.el6openjdkportable.x86_64/openjdk/hotspot/src/share/vm/prims/jvm.cpp, line 1512]
Event: 1.090 Thread 0x00007fe204054000 Exception <a 'java/security/PrivilegedActionException'> (0x000000065fb8d208) thrown at [/builddir/build/BUILD/java-1.8.0-openjdk-1.8.0.222.b10-4.el6openjdkportable.x86_64/openjdk/hotspot/src/share/vm/prims/jvm.cpp, line 1512]
Event: 1.107 Thread 0x00007fe204054000 Exception <a 'java/security/PrivilegedActionException'> (0x000000065fbcd410) thrown at [/builddir/build/BUILD/java-1.8.0-openjdk-1.8.0.222.b10-4.el6openjdkportable.x86_64/openjdk/hotspot/src/share/vm/prims/jvm.cpp, line 1512]
Event: 1.107 Thread 0x00007fe204054000 Exception <a 'java/security/PrivilegedActionException'> (0x000000065fbcd620) thrown at [/builddir/build/BUILD/java-1.8.0-openjdk-1.8.0.222.b10-4.el6openjdkportable.x86_64/openjdk/hotspot/src/share/vm/prims/jvm.cpp, line 1512]
Event: 1.846 Thread 0x00007fe204054000 Exception <a 'java/security/PrivilegedActionException'> (0x000000065f985b30) thrown at [/builddir/build/BUILD/java-1.8.0-openjdk-1.8.0.222.b10-4.el6openjdkportable.x86_64/openjdk/hotspot/src/share/vm/prims/jvm.cpp, line 1512]
Event: 1.846 Thread 0x00007fe204054000 Exception <a 'java/security/PrivilegedActionException'> (0x000000065f985d40) thrown at [/builddir/build/BUILD/java-1.8.0-openjdk-1.8.0.222.b10-4.el6openjdkportable.x86_64/openjdk/hotspot/src/share/vm/prims/jvm.cpp, line 1512]
Event: 1.971 Thread 0x00007fe204054000 Exception <a 'java/lang/NoSuchFieldError': method resolution failed> (0x000000065f7e17e8) thrown at [/builddir/build/BUILD/java-1.8.0-openjdk-1.8.0.222.b10-4.el6openjdkportable.x86_64/openjdk/hotspot/src/share/vm/prims/methodHandles.cpp, line 1167]
Event: 1.973 Thread 0x00007fe204054000 Exception <a 'java/lang/NoSuchFieldError': method resolution failed> (0x000000065f7eeed8) thrown at [/builddir/build/BUILD/java-1.8.0-openjdk-1.8.0.222.b10-4.el6openjdkportable.x86_64/openjdk/hotspot/src/share/vm/prims/methodHandles.cpp, line 1167]
Event: 3.701 Thread 0x00007fe204054000 Exception <a 'java/lang/ArrayIndexOutOfBoundsException': 110> (0x000000065eb802f0) thrown at [/builddir/build/BUILD/java-1.8.0-openjdk-1.8.0.222.b10-4.el6openjdkportable.x86_64/openjdk/hotspot/src/share/vm/interpreter/interpreterRuntime.cpp, line 371]
Event: 3.701 Thread 0x00007fe204054000 Exception <a 'java/lang/ArrayIndexOutOfBoundsException': 40> (0x000000065eb81370) thrown at [/builddir/build/BUILD/java-1.8.0-openjdk-1.8.0.222.b10-4.el6openjdkportable.x86_64/openjdk/hotspot/src/share/vm/interpreter/interpreterRuntime.cpp, line 371]
Event: 3.702 Thread 0x00007fe204054000 Exception <a 'java/lang/ArrayIndexOutOfBoundsException': 110> (0x000000065eb82bc0) thrown at [/builddir/build/BUILD/java-1.8.0-openjdk-1.8.0.222.b10-4.el6openjdkportable.x86_64/openjdk/hotspot/src/share/vm/interpreter/interpreterRuntime.cpp, line 371]
Event: 3.702 Thread 0x00007fe204054000 Exception <a 'java/lang/ArrayIndexOutOfBoundsException': 107> (0x000000065eb845c0) thrown at [/builddir/build/BUILD/java-1.8.0-openjdk-1.8.0.222.b10-4.el6openjdkportable.x86_64/openjdk/hotspot/src/share/vm/interpreter/interpreterRuntime.cpp, line 371]
Event: 3.702 Thread 0x00007fe204054000 Exception <a 'java/lang/ArrayIndexOutOfBoundsException': 104> (0x000000065eb85e00) thrown at [/builddir/build/BUILD/java-1.8.0-openjdk-1.8.0.222.b10-4.el6openjdkportable.x86_64/openjdk/hotspot/src/share/vm/interpreter/interpreterRuntime.cpp, line 371]
Event: 3.702 Thread 0x00007fe204054000 Exception <a 'java/lang/ArrayIndexOutOfBoundsException': 90> (0x000000065eb874a0) thrown at [/builddir/build/BUILD/java-1.8.0-openjdk-1.8.0.222.b10-4.el6openjdkportable.x86_64/openjdk/hotspot/src/share/vm/interpreter/interpreterRuntime.cpp, line 371]
Event: 3.702 Thread 0x00007fe204054000 Exception <a 'java/lang/ArrayIndexOutOfBoundsException': 109> (0x000000065eb88c60) thrown at [/builddir/build/BUILD/java-1.8.0-openjdk-1.8.0.222.b10-4.el6openjdkportable.x86_64/openjdk/hotspot/src/share/vm/interpreter/interpreterRuntime.cpp, line 371]
Event: 3.703 Thread 0x00007fe204054000 Exception <a 'java/lang/ArrayIndexOutOfBoundsException': 90> (0x000000065eb8a2b0) thrown at [/builddir/build/BUILD/java-1.8.0-openjdk-1.8.0.222.b10-4.el6openjdkportable.x86_64/openjdk/hotspot/src/share/vm/interpreter/interpreterRuntime.cpp, line 371]
Event: 3.703 Thread 0x00007fe204054000 Exception <a 'java/lang/ArrayIndexOutOfBoundsException': 114> (0x000000065eb8bb50) thrown at [/builddir/build/BUILD/java-1.8.0-openjdk-1.8.0.222.b10-4.el6openjdkportable.x86_64/openjdk/hotspot/src/share/vm/interpreter/interpreterRuntime.cpp, line 371]
Event: 3.703 Thread 0x00007fe204054000 Exception <a 'java/lang/ArrayIndexOutOfBoundsException': 108> (0x000000065eb8d588) thrown at [/builddir/build/BUILD/java-1.8.0-openjdk-1.8.0.222.b10-4.el6openjdkportable.x86_64/openjdk/hotspot/src/share/vm/interpreter/interpreterRuntime.cpp, line 371]
Event: 3.703 Thread 0x00007fe204054000 Exception <a 'java/lang/ArrayIndexOutOfBoundsException': 160> (0x000000065eb8f528) thrown at [/builddir/build/BUILD/java-1.8.0-openjdk-1.8.0.222.b10-4.el6openjdkportable.x86_64/openjdk/hotspot/src/share/vm/interpreter/interpreterRuntime.cpp, line 371]
Event: 3.704 Thread 0x00007fe204054000 Exception <a 'java/lang/ArrayIndexOutOfBoundsException': 139> (0x000000065eb90fd8) thrown at [/builddir/build/BUILD/java-1.8.0-openjdk-1.8.0.222.b10-4.el6openjdkportable.x86_64/openjdk/hotspot/src/share/vm/interpreter/interpreterRuntime.cpp, line 371]
Event: 3.705 Thread 0x00007fe204054000 Exception <a 'java/lang/ArrayIndexOutOfBoundsException': 106> (0x000000065eba9110) thrown at [/builddir/build/BUILD/java-1.8.0-openjdk-1.8.0.222.b10-4.el6openjdkportable.x86_64/openjdk/hotspot/src/share/vm/interpreter/interpreterRuntime.cpp, line 371]
Event: 3.705 Thread 0x00007fe204054000 Exception <a 'java/lang/ArrayIndexOutOfBoundsException': 152> (0x000000065ebaae80) thrown at [/builddir/build/BUILD/java-1.8.0-openjdk-1.8.0.222.b10-4.el6openjdkportable.x86_64/openjdk/hotspot/src/share/vm/interpreter/interpreterRuntime.cpp, line 371]
Event: 3.899 Thread 0x00007fe204cfd800 Exception <a 'java/net/BindException'> (0x000000065fb021f8) thrown at [/builddir/build/BUILD/java-1.8.0-openjdk-1.8.0.222.b10-4.el6openjdkportable.x86_64/openjdk/hotspot/src/share/vm/prims/jni.cpp, line 710]
Event: 3.899 Thread 0x00007fe204cfd800 Exception <a 'java/net/BindException'> (0x000000065fb02b30) thrown at [/builddir/build/BUILD/java-1.8.0-openjdk-1.8.0.222.b10-4.el6openjdkportable.x86_64/openjdk/hotspot/src/share/vm/prims/jni.cpp, line 710]
Event: 3.899 Thread 0x00007fe204cfd800 Exception <a 'java/net/BindException'> (0x000000065fb02fc8) thrown at [/builddir/build/BUILD/java-1.8.0-openjdk-1.8.0.222.b10-4.el6openjdkportable.x86_64/openjdk/hotspot/src/share/vm/prims/jni.cpp, line 710]
Event: 3.899 Thread 0x00007fe204cfd800 Exception <a 'java/net/BindException'> (0x000000065fb03460) thrown at [/builddir/build/BUILD/java-1.8.0-openjdk-1.8.0.222.b10-4.el6openjdkportable.x86_64/openjdk/hotspot/src/share/vm/prims/jni.cpp, line 710]
Event: 3.899 Thread 0x00007fe204cfd800 Exception <a 'java/net/BindException'> (0x000000065fb038f8) thrown at [/builddir/build/BUILD/java-1.8.0-openjdk-1.8.0.222.b10-4.el6openjdkportable.x86_64/openjdk/hotspot/src/share/vm/prims/jni.cpp, line 710]
Event: 3.899 Thread 0x00007fe204cfd800 Exception <a 'java/net/BindException'> (0x000000065fb03d90) thrown at [/builddir/build/BUILD/java-1.8.0-openjdk-1.8.0.222.b10-4.el6openjdkportable.x86_64/openjdk/hotspot/src/share/vm/prims/jni.cpp, line 710]
Event: 3.899 Thread 0x00007fe204cfd800 Exception <a 'java/net/BindException'> (0x000000065fb04228) thrown at [/builddir/build/BUILD/java-1.8.0-openjdk-1.8.0.222.b10-4.el6openjdkportable.x86_64/openjdk/hotspot/src/share/vm/prims/jni.cpp, line 710]
Event: 3.900 Thread 0x00007fe204cfd800 Exception <a 'java/net/BindException'> (0x000000065fb046c0) thrown at [/builddir/build/BUILD/java-1.8.0-openjdk-1.8.0.222.b10-4.el6openjdkportable.x86_64/openjdk/hotspot/src/share/vm/prims/jni.cpp, line 710]
Event: 3.900 Thread 0x00007fe204cfd800 Exception <a 'java/net/BindException'> (0x000000065fb04b58) thrown at [/builddir/build/BUILD/java-1.8.0-openjdk-1.8.0.222.b10-4.el6openjdkportable.x86_64/openjdk/hotspot/src/share/vm/prims/jni.cpp, line 710]
Event: 3.900 Thread 0x00007fe204cfd800 Exception <a 'java/net/BindException'> (0x000000065fb04ff0) thrown at [/builddir/build/BUILD/java-1.8.0-openjdk-1.8.0.222.b10-4.el6openjdkportable.x86_64/openjdk/hotspot/src/share/vm/prims/jni.cpp, line 710]
Event: 3.900 Thread 0x00007fe204cfd800 Exception <a 'java/net/BindException'> (0x000000065fb05488) thrown at [/builddir/build/BUILD/java-1.8.0-openjdk-1.8.0.222.b10-4.el6openjdkportable.x86_64/openjdk/hotspot/src/share/vm/prims/jni.cpp, line 710]
Event: 3.900 Thread 0x00007fe204cfd800 Exception <a 'java/net/BindException'> (0x000000065fb05920) thrown at [/builddir/build/BUILD/java-1.8.0-openjdk-1.8.0.222.b10-4.el6openjdkportable.x86_64/openjdk/hotspot/src/share/vm/prims/jni.cpp, line 710]
Event: 3.900 Thread 0x00007fe204cfd800 Exception <a 'java/net/BindException'> (0x000000065fb05db8) thrown at [/builddir/build/BUILD/java-1.8.0-openjdk-1.8.0.222.b10-4.el6openjdkportable.x86_64/openjdk/hotspot/src/share/vm/prims/jni.cpp, line 710]
Event: 4.235 Thread 0x00007fe1c4007000 Exception <a 'java/io/FileNotFoundException'> (0x000000065ef73d70) thrown at [/builddir/build/BUILD/java-1.8.0-openjdk-1.8.0.222.b10-4.el6openjdkportable.x86_64/openjdk/hotspot/src/share/vm/prims/jni.cpp, line 710]
Event: 4.333 Thread 0x00007fe1c00cd800 Implicit null exception at 0x00007fe1f5332bdb to 0x00007fe1f5333939
Event: 4.333 Thread 0x00007fe1c00cd800 Implicit null exception at 0x00007fe1f531e72f to 0x00007fe1f531e799
Event: 4.623 Thread 0x00007fe1c4007000 Exception <a 'java/lang/NoSuchMethodError': java.lang.Object.lambda$chars$0()Ljava/util/Spliterator$OfInt;> (0x000000065f0269a8) thrown at [/builddir/build/BUILD/java-1.8.0-openjdk-1.8.0.222.b10-4.el6openjdkportable.x86_64/openjdk/hotspot/src/share/vm/int
Event: 6.971 Thread 0x00007fe1c4007000 Exception <a 'java/lang/ClassNotFoundException': java/lang/ObjectCustomizer> (0x000000065d886128) thrown at [/builddir/build/BUILD/java-1.8.0-openjdk-1.8.0.222.b10-4.el6openjdkportable.x86_64/openjdk/hotspot/src/share/vm/classfile/systemDictionary.cpp, li
Event: 7.039 Thread 0x00007fe1c4007000 Exception <a 'java/lang/ClassNotFoundException': org/springframework/context/annotation/ConfigurationClassPostProcessorCustomizer> (0x000000065d8ad5a8) thrown at [/builddir/build/BUILD/java-1.8.0-openjdk-1.8.0.222.b10-4.el6openjdkportable.x86_64/openjdk/h
Event: 7.094 Thread 0x00007fe1c4007000 Exception <a 'java/lang/ClassNotFoundException': org/springframework/beans/factory/support/BeanDefinitionRegistryPostProcessorCustomizer> (0x000000065d641f48) thrown at [/builddir/build/BUILD/java-1.8.0-openjdk-1.8.0.222.b10-4.el6openjdkportable.x86_64/op
Event: 7.094 Thread 0x00007fe1c4007000 Exception <a 'java/lang/ClassNotFoundException': org/springframework/beans/factory/config/BeanFactoryPostProcessorCustomizer> (0x000000065d663fc8) thrown at [/builddir/build/BUILD/java-1.8.0-openjdk-1.8.0.222.b10-4.el6openjdkportable.x86_64/openjdk/hotspo
Event: 7.095 Thread 0x00007fe1c4007000 Exception <a 'java/lang/ClassNotFoundException': org/springframework/core/PriorityOrderedCustomizer> (0x000000065d67ca28) thrown at [/builddir/build/BUILD/java-1.8.0-openjdk-1.8.0.222.b10-4.el6openjdkportable.x86_64/openjdk/hotspot/src/share/vm/classfile/
Event: 7.095 Thread 0x00007fe1c4007000 Exception <a 'java/lang/ClassNotFoundException': org/springframework/core/OrderedCustomizer> (0x000000065d691d78) thrown at [/builddir/build/BUILD/java-1.8.0-openjdk-1.8.0.222.b10-4.el6openjdkportable.x86_64/openjdk/hotspot/src/share/vm/classfile/systemDi
Event: 7.095 Thread 0x00007fe1c4007000 Exception <a 'java/lang/ClassNotFoundException': org/springframework/context/ResourceLoaderAwareCustomizer> (0x000000065d6ad068) thrown at [/builddir/build/BUILD/java-1.8.0-openjdk-1.8.0.222.b10-4.el6openjdkportable.x86_64/openjdk/hotspot/src/share/vm/cla
Event: 7.096 Thread 0x00007fe1c4007000 Exception <a 'java/lang/ClassNotFoundException': org/springframework/beans/factory/AwareCustomizer> (0x000000065d6c6118) thrown at [/builddir/build/BUILD/java-1.8.0-openjdk-1.8.0.222.b10-4.el6openjdkportable.x86_64/openjdk/hotspot/src/share/vm/classfile/s
Event: 7.096 Thread 0x00007fe1c4007000 Exception <a 'java/lang/ClassNotFoundException': org/springframework/beans/factory/BeanClassLoaderAwareCustomizer> (0x000000065d6e3218) thrown at [/builddir/build/BUILD/java-1.8.0-openjdk-1.8.0.222.b10-4.el6openjdkportable.x86_64/openjdk/hotspot/src/share
Event: 7.097 Thread 0x00007fe1c4007000 Exception <a 'java/lang/ClassNotFoundException': org/springframework/beans/factory/AwareCustomizer> (0x000000065d6fc2e0) thrown at [/builddir/build/BUILD/java-1.8.0-openjdk-1.8.0.222.b10-4.el6openjdkportable.x86_64/openjdk/hotspot/src/share/vm/classfile/s
Event: 7.097 Thread 0x00007fe1c4007000 Exception <a 'java/lang/ClassNotFoundException': org/springframework/context/EnvironmentAwareCustomizer> (0x000000065d515af0) thrown at [/builddir/build/BUILD/java-1.8.0-openjdk-1.8.0.222.b10-4.el6openjdkportable.x86_64/openjdk/hotspot/src/share/vm/classf
Event: 7.097 Thread 0x00007fe1c4007000 Exception <a 'java/lang/ClassNotFoundException': org/springframework/beans/factory/AwareCustomizer> (0x000000065d52ea98) thrown at [/builddir/build/BUILD/java-1.8.0-openjdk-1.8.0.222.b10-4.el6openjdkportable.x86_64/openjdk/hotspot/src/share/vm/classfile/s
Event: 8.314 Thread 0x00007fe1c4007000 Exception <a 'java/lang/IncompatibleClassChangeError': Found class java.lang.Object, but interface was expected> (0x000000065cefaac8) thrown at [/builddir/build/BUILD/java-1.8.0-openjdk-1.8.0.222.b10-4.el6openjdkportable.x86_64/openjdk/hotspot/src/share/v
Event: 8.607 Thread 0x00007fe1c4007000 Implicit null exception at 0x00007fe1f567ab6b to 0x00007fe1f567c479
Event: 9.222 Thread 0x00007fe1c4007000 Exception <a 'java/lang/NoSuchMethodError': java.lang.Object.lambda$comparing$77a9974f$1(Ljava/util/function/Function;Ljava/lang/Object;Ljava/lang/Object;)I> (0x000000065a3b9310) thrown at [/builddir/build/BUILD/java-1.8.0-openjdk-1.8.0.222.b10-4.el6openj
Event: 10.585 Thread 0x00007fe1c4007000 Exception <a 'java/lang/ClassNotFoundException': com/sun/org/glassfish/hk2/osgiresourcelocator/ServiceLoader> (0x00000006570b10e8) thrown at [/builddir/build/BUILD/java-1.8.0-openjdk-1.8.0.222.b10-4.el6openjdkportable.x86_64/openjdk/hotspot/src/share/vm/c
Event: 11.125 Thread 0x00007fe1c4007000 Exception <a 'java/lang/NullPointerException'> (0x00000006553b3708) thrown at [/builddir/build/BUILD/java-1.8.0-openjdk-1.8.0.222.b10-4.el6openjdkportable.x86_64/openjdk/hotspot/src/share/vm/interpreter/linkResolver.cpp, line 1287]
Event: 16.991 Thread 0x00007fe1c4007000 Exception <a 'java/lang/ClassNotFoundException': java/lang/ObjectCustomizer> (0x0000000656498a88) thrown at [/builddir/build/BUILD/java-1.8.0-openjdk-1.8.0.222.b10-4.el6openjdkportable.x86_64/openjdk/hotspot/src/share/vm/classfile/systemDictionary.cpp, li
Event: 16.992 Thread 0x00007fe1c4007000 Exception <a 'java/lang/ClassNotFoundException': org/springframework/aop/framework/ProxyConfigCustomizer> (0x00000006564b7068) thrown at [/builddir/build/BUILD/java-1.8.0-openjdk-1.8.0.222.b10-4.el6openjdkportable.x86_64/openjdk/hotspot/src/share/vm/class
Event: 16.993 Thread 0x00007fe1c4007000 Exception <a 'java/lang/ClassNotFoundException': org/springframework/aop/framework/ProxyProcessorSupportCustomizer> (0x00000006564e1288) thrown at [/builddir/build/BUILD/java-1.8.0-openjdk-1.8.0.222.b10-4.el6openjdkportable.x86_64/openjdk/hotspot/src/shar
Event: 16.994 Thread 0x00007fe1c4007000 Exception <a 'java/lang/ClassNotFoundException': org/springframework/aop/framework/autoproxy/AbstractAutoProxyCreatorCustomizer> (0x0000000656308ed8) thrown at [/builddir/build/BUILD/java-1.8.0-openjdk-1.8.0.222.b10-4.el6openjdkportable.x86_64/openjdk/hot
Event: 16.996 Thread 0x00007fe1c4007000 Exception <a 'java/lang/ClassNotFoundException': org/springframework/aop/framework/autoproxy/AbstractAdvisorAutoProxyCreatorCustomizer> (0x0000000656343d60) thrown at [/builddir/build/BUILD/java-1.8.0-openjdk-1.8.0.222.b10-4.el6openjdkportable.x86_64/open
Event: 16.997 Thread 0x00007fe1c4007000 Exception <a 'java/lang/ClassNotFoundException': org/springframework/aop/framework/autoproxy/InfrastructureAdvisorAutoProxyCreatorCustomizer> (0x000000065636f7f8) thrown at [/builddir/build/BUILD/java-1.8.0-openjdk-1.8.0.222.b10-4.el6openjdkportable.x86_6
Event: 17.000 Thread 0x00007fe1c4007000 Exception <a 'java/lang/ClassNotFoundException': org/springframework/beans/factory/config/SmartInstantiationAwareBeanPostProcessorCustomizer> (0x00000006563b52a8) thrown at [/builddir/build/BUILD/java-1.8.0-openjdk-1.8.0.222.b10-4.el6openjdkportable.x86_6
Event: 17.000 Thread 0x00007fe1c4007000 Exception <a 'java/lang/ClassNotFoundException': org/springframework/beans/factory/config/InstantiationAwareBeanPostProcessorCustomizer> (0x00000006563ddde8) thrown at [/builddir/build/BUILD/java-1.8.0-openjdk-1.8.0.222.b10-4.el6openjdkportable.x86_64/ope
Event: 17.001 Thread 0x00007fe1c4007000 Exception <a 'java/lang/ClassNotFoundException': org/springframework/beans/factory/config/BeanPostProcessorCustomizer> (0x0000000656200df8) thrown at [/builddir/build/BUILD/java-1.8.0-openjdk-1.8.0.222.b10-4.el6openjdkportable.x86_64/openjdk/hotspot/src/s
Event: 17.001 Thread 0x00007fe1c4007000 Exception <a 'java/lang/ClassNotFoundException': org/springframework/beans/factory/BeanFactoryAwareCustomizer> (0x000000065621e388) thrown at [/builddir/build/BUILD/java-1.8.0-openjdk-1.8.0.222.b10-4.el6openjdkportable.x86_64/openjdk/hotspot/src/share/vm/
Event: 17.002 Thread 0x00007fe1c4007000 Exception <a 'java/lang/ClassNotFoundException': org/springframework/beans/factory/AwareCustomizer> (0x00000006562379a0) thrown at [/builddir/build/BUILD/java-1.8.0-openjdk-1.8.0.222.b10-4.el6openjdkportable.x86_64/openjdk/hotspot/src/share/vm/classfile/s
Event: 17.002 Thread 0x00007fe1c4007000 Exception <a 'java/lang/ClassNotFoundException': org/springframework/core/OrderedCustomizer> (0x000000065624cc38) thrown at [/builddir/build/BUILD/java-1.8.0-openjdk-1.8.0.222.b10-4.el6openjdkportable.x86_64/openjdk/hotspot/src/share/vm/classfile/systemDi
Event: 17.002 Thread 0x00007fe1c4007000 Exception <a 'java/lang/ClassNotFoundException': org/springframework/beans/factory/BeanClassLoaderAwareCustomizer> (0x000000065626a950) thrown at [/builddir/build/BUILD/java-1.8.0-openjdk-1.8.0.222.b10-4.el6openjdkportable.x86_64/openjdk/hotspot/src/share
Event: 17.003 Thread 0x00007fe1c4007000 Exception <a 'java/lang/ClassNotFoundException': org/springframework/beans/factory/AwareCustomizer> (0x0000000656283a20) thrown at [/builddir/build/BUILD/java-1.8.0-openjdk-1.8.0.222.b10-4.el6openjdkportable.x86_64/openjdk/hotspot/src/share/vm/classfile/s
Event: 17.003 Thread 0x00007fe1c4007000 Exception <a 'java/lang/ClassNotFoundException': org/springframework/aop/framework/AopInfrastructureBeanCustomizer> (0x00000006562a0ac0) thrown at [/builddir/build/BUILD/java-1.8.0-openjdk-1.8.0.222.b10-4.el6openjdkportable.x86_64/openjdk/hotspot/src/shar
Event: 17.016 Thread 0x00007fe1c4007000 Exception <a 'java/lang/ClassNotFoundException': java/lang/ObjectCustomizer> (0x00000006562d7010) thrown at [/builddir/build/BUILD/java-1.8.0-openjdk-1.8.0.222.b10-4.el6openjdkportable.x86_64/openjdk/hotspot/src/share/vm/classfile/systemDictionary.cpp, li
Event: 17.017 Thread 0x00007fe1c4007000 Exception <a 'java/lang/ClassNotFoundException': org/springframework/ws/config/annotation/WsConfigurationSupportCustomizer> (0x00000006562fa360) thrown at [/builddir/build/BUILD/java-1.8.0-openjdk-1.8.0.222.b10-4.el6openjdkportable.x86_64/openjdk/hotspot/
Event: 17.017 Thread 0x00007fe1c4007000 Exception <a 'java/lang/ClassNotFoundException': org/springframework/ws/config/annotation/DelegatingWsConfigurationCustomizer> (0x000000065611ffa0) thrown at [/builddir/build/BUILD/java-1.8.0-openjdk-1.8.0.222.b10-4.el6openjdkportable.x86_64/openjdk/hotsp
Event: 17.018 Thread 0x00007fe1c4007000 Exception <a 'java/lang/ClassNotFoundException': org/springframework/ws/config/annotation/DelegatingWsConfiguration$$EnhancerBySpringCGLIB$$9304b0d8Customizer> (0x000000065614fec8) thrown at [/builddir/build/BUILD/java-1.8.0-openjdk-1.8.0.222.b10-4.el6ope
Event: 17.020 Thread 0x00007fe1c4007000 Exception <a 'java/lang/ClassNotFoundException': org/springframework/context/annotation/ConfigurationClassEnhancer$EnhancedConfigurationCustomizer> (0x000000065618b060) thrown at [/builddir/build/BUILD/java-1.8.0-openjdk-1.8.0.222.b10-4.el6openjdkportable
Event: 17.020 Thread 0x00007fe1c4007000 Exception <a 'java/lang/ClassNotFoundException': org/springframework/beans/factory/BeanFactoryAwareCustomizer> (0x00000006561a6f28) thrown at [/builddir/build/BUILD/java-1.8.0-openjdk-1.8.0.222.b10-4.el6openjdkportable.x86_64/openjdk/hotspot/src/share/vm/
Event: 17.020 Thread 0x00007fe1c4007000 Exception <a 'java/lang/ClassNotFoundException': org/springframework/beans/factory/AwareCustomizer> (0x00000006561c0418) thrown at [/builddir/build/BUILD/java-1.8.0-openjdk-1.8.0.222.b10-4.el6openjdkportable.x86_64/openjdk/hotspot/src/share/vm/classfile/s
Event: 17.413 Thread 0x00007fe1c4007000 Exception <a 'java/lang/ClassNotFoundException': java/lang/ObjectCustomizer> (0x0000000655da9150) thrown at [/builddir/build/BUILD/java-1.8.0-openjdk-1.8.0.222.b10-4.el6openjdkportable.x86_64/openjdk/hotspot/src/share/vm/classfile/systemDictionary.cpp, li
Event: 17.414 Thread 0x00007fe1c4007000 Exception <a 'java/lang/ClassNotFoundException': org/apache/camel/spring/CamelBeanPostProcessorCustomizer> (0x0000000655dcf680) thrown at [/builddir/build/BUILD/java-1.8.0-openjdk-1.8.0.222.b10-4.el6openjdkportable.x86_64/openjdk/hotspot/src/share/vm/clas
Event: 17.415 Thread 0x00007fe1c4007000 Exception <a 'java/lang/ClassNotFoundException': org/springframework/beans/factory/config/BeanPostProcessorCustomizer> (0x0000000655dfc498) thrown at [/builddir/build/BUILD/java-1.8.0-openjdk-1.8.0.222.b10-4.el6openjdkportable.x86_64/openjdk/hotspot/src/s
Event: 17.416 Thread 0x00007fe1c4007000 Exception <a 'java/lang/ClassNotFoundException': org/springframework/context/ApplicationContextAwareCustomizer> (0x0000000655c19dc8) thrown at [/builddir/build/BUILD/java-1.8.0-openjdk-1.8.0.222.b10-4.el6openjdkportable.x86_64/openjdk/hotspot/src/share/vm
Event: 17.416 Thread 0x00007fe1c4007000 Exception <a 'java/lang/ClassNotFoundException': org/springframework/beans/factory/AwareCustomizer> (0x0000000655c333b8) thrown at [/builddir/build/BUILD/java-1.8.0-openjdk-1.8.0.222.b10-4.el6openjdkportable.x86_64/openjdk/hotspot/src/share/vm/classfile/s
Event: 17.422 Thread 0x00007fe1c4007000 Exception <a 'java/lang/ClassNotFoundException': java/lang/ObjectCustomizer> (0x0000000655c5c280) thrown at [/builddir/build/BUILD/java-1.8.0-openjdk-1.8.0.222.b10-4.el6openjdkportable.x86_64/openjdk/hotspot/src/share/vm/classfile/systemDictionary.cpp, li
Event: 17.423 Thread 0x00007fe1c4007000 Exception <a 'java/lang/ClassNotFoundException': org/springframework/transaction/annotation/AbstractTransactionManagementConfigurationCustomizer> (0x0000000655c87418) thrown at [/builddir/build/BUILD/java-1.8.0-openjdk-1.8.0.222.b10-4.el6openjdkportable.x
Event: 17.423 Thread 0x00007fe1c4007000 Exception <a 'java/lang/ClassNotFoundException': org/springframework/transaction/annotation/ProxyTransactionManagementConfigurationCustomizer> (0x0000000655cb0aa0) thrown at [/builddir/build/BUILD/java-1.8.0-openjdk-1.8.0.222.b10-4.el6openjdkportable.x86_
Event: 17.424 Thread 0x00007fe1c4007000 Exception <a 'java/lang/ClassNotFoundException': org/springframework/transaction/annotation/ProxyTransactionManagementConfiguration$$EnhancerBySpringCGLIB$$ee6cebd9Customizer> (0x0000000655ce5080) thrown at [/builddir/build/BUILD/java-1.8.0-openjdk-1.8.0.
Event: 17.426 Thread 0x00007fe1c4007000 Exception <a 'java/lang/ClassNotFoundException': org/springframework/context/annotation/ConfigurationClassEnhancer$EnhancedConfigurationCustomizer> (0x0000000655b1cb50) thrown at [/builddir/build/BUILD/java-1.8.0-openjdk-1.8.0.222.b10-4.el6openjdkportable
Event: 17.435 Thread 0x00007fe1c4007000 Exception <a 'java/lang/ClassNotFoundException': org/springframework/beans/factory/BeanFactoryAwareCustomizer> (0x0000000655b391d8) thrown at [/builddir/build/BUILD/java-1.8.0-openjdk-1.8.0.222.b10-4.el6openjdkportable.x86_64/openjdk/hotspot/src/share/vm/
Event: 17.436 Thread 0x00007fe1c4007000 Exception <a 'java/lang/ClassNotFoundException': org/springframework/beans/factory/AwareCustomizer> (0x0000000655b53050) thrown at [/builddir/build/BUILD/java-1.8.0-openjdk-1.8.0.222.b10-4.el6openjdkportable.x86_64/openjdk/hotspot/src/share/vm/classfile/s
Event: 17.437 Thread 0x00007fe1c4007000 Exception <a 'java/lang/ClassNotFoundException': org/springframework/context/annotation/ImportAwareCustomizer> (0x0000000655b6f718) thrown at [/builddir/build/BUILD/java-1.8.0-openjdk-1.8.0.222.b10-4.el6openjdkportable.x86_64/openjdk/hotspot/src/share/vm/
Event: 17.437 Thread 0x00007fe1c4007000 Exception <a 'java/lang/ClassNotFoundException': org/springframework/beans/factory/AwareCustomizer> (0x0000000655b891d8) thrown at [/builddir/build/BUILD/java-1.8.0-openjdk-1.8.0.222.b10-4.el6openjdkportable.x86_64/openjdk/hotspot/src/share/vm/classfile/s
Event: 17.863 Thread 0x00007fe1c4007000 Implicit null exception at 0x00007fe1f5cff157 to 0x00007fe1f5cff2d9
Event: 19.034 Thread 0x00007fe1c4007000 Exception <a 'java/lang/NoSuchMethodError': org.apache.catalina.core.StandardContext.setClearReferencesThreadLocals(Z)V> (0x000000065352d808) thrown at [/builddir/build/BUILD/java-1.8.0-openjdk-1.8.0.222.b10-4.el6openjdkportable.x86_64/openjdk/hotspot/src
Event: 20.654 Thread 0x00007fe1c4007000 Exception <a 'java/io/FileNotFoundException'> (0x000000065e7f4f80) thrown at [/builddir/build/BUILD/java-1.8.0-openjdk-1.8.0.222.b10-4.el6openjdkportable.x86_64/openjdk/hotspot/src/share/vm/prims/jni.cpp, line 710]
Event: 21.279 Thread 0x00007fe1c4007000 Exception <a 'java/io/FileNotFoundException'> (0x000000065ded2c38) thrown at [/builddir/build/BUILD/java-1.8.0-openjdk-1.8.0.222.b10-4.el6openjdkportable.x86_64/openjdk/hotspot/src/share/vm/prims/jni.cpp, line 710]
Event: 21.446 Thread 0x00007fe1c4007000 Exception <a 'java/lang/ClassNotFoundException': java/lang/ObjectCustomizer> (0x000000065db86980) thrown at [/builddir/build/BUILD/java-1.8.0-openjdk-1.8.0.222.b10-4.el6openjdkportable.x86_64/openjdk/hotspot/src/share/vm/classfile/systemDictionary.cpp, li
Event: 21.447 Thread 0x00007fe1c4007000 Exception <a 'java/lang/ClassNotFoundException': com/zaxxer/hikari/HikariConfigCustomizer> (0x000000065db9fea8) thrown at [/builddir/build/BUILD/java-1.8.0-openjdk-1.8.0.222.b10-4.el6openjdkportable.x86_64/openjdk/hotspot/src/share/vm/classfile/systemDict
Event: 21.452 Thread 0x00007fe1c4007000 Exception <a 'java/lang/ClassNotFoundException': com/zaxxer/hikari/HikariDataSourceCustomizer> (0x000000065dbff658) thrown at [/builddir/build/BUILD/java-1.8.0-openjdk-1.8.0.222.b10-4.el6openjdkportable.x86_64/openjdk/hotspot/src/share/vm/classfile/system
Event: 21.462 Thread 0x00007fe1c4007000 Exception <a 'java/lang/ClassNotFoundException': javax/sql/DataSourceCustomizer> (0x000000065da73fd8) thrown at [/builddir/build/BUILD/java-1.8.0-openjdk-1.8.0.222.b10-4.el6openjdkportable.x86_64/openjdk/hotspot/src/share/vm/classfile/systemDictionary.cpp
Event: 21.481 Thread 0x00007fe1c4007000 Exception <a 'java/lang/ClassNotFoundException': javax/sql/CommonDataSourceCustomizer> (0x000000065da7ffb0) thrown at [/builddir/build/BUILD/java-1.8.0-openjdk-1.8.0.222.b10-4.el6openjdkportable.x86_64/openjdk/hotspot/src/share/vm/classfile/systemDictiona
Event: 21.482 Thread 0x00007fe1c4007000 Exception <a 'java/lang/ClassNotFoundException': java/sql/WrapperCustomizer> (0x000000065da8e460) thrown at [/builddir/build/BUILD/java-1.8.0-openjdk-1.8.0.222.b10-4.el6openjdkportable.x86_64/openjdk/hotspot/src/share/vm/classfile/systemDictionary.cpp, li
Event: 21.482 Thread 0x00007fe1c4007000 Exception <a 'java/lang/ClassNotFoundException': com/zaxxer/hikari/HikariConfigMXBeanCustomizer> (0x000000065daa7bd0) thrown at [/builddir/build/BUILD/java-1.8.0-openjdk-1.8.0.222.b10-4.el6openjdkportable.x86_64/openjdk/hotspot/src/share/vm/classfile/syst
Event: 22.041 Thread 0x00007fe1c4007000 Exception <a 'java/lang/NoClassDefFoundError': oracle/security/pki/OraclePKIProvider> (0x000000065d2194a8) thrown at [/builddir/build/BUILD/java-1.8.0-openjdk-1.8.0.222.b10-4.el6openjdkportable.x86_64/openjdk/hotspot/src/share/vm/classfile/systemDictionar
Event: 22.242 Thread 0x00007fe1c4007000 Implicit null exception at 0x00007fe1f54ebeda to 0x00007fe1f54ec0dd
Event: 24.381 Thread 0x00007fe1c4007000 Exception <a 'java/lang/ClassNotFoundException': java/lang/ObjectCustomizer> (0x0000000658e7aa50) thrown at [/builddir/build/BUILD/java-1.8.0-openjdk-1.8.0.222.b10-4.el6openjdkportable.x86_64/openjdk/hotspot/src/share/vm/classfile/systemDictionary.cpp, li
Event: 24.382 Thread 0x00007fe1c4007000 Exception <a 'java/lang/ClassNotFoundException': org/apache/camel/model/IdentifiedTypeCustomizer> (0x0000000658d2b050) thrown at [/builddir/build/BUILD/java-1.8.0-openjdk-1.8.0.222.b10-4.el6openjdkportable.x86_64/openjdk/hotspot/src/share/vm/classfile/sys
Event: 24.383 Thread 0x00007fe1c4007000 Exception <a 'java/lang/ClassNotFoundException': org/apache/camel/spring/CamelRouteContextFactoryBeanCustomizer> (0x0000000658d52830) thrown at [/builddir/build/BUILD/java-1.8.0-openjdk-1.8.0.222.b10-4.el6openjdkportable.x86_64/openjdk/hotspot/src/share/v
Event: 24.385 Thread 0x00007fe1c4007000 Exception <a 'java/lang/ClassNotFoundException': org/springframework/beans/factory/FactoryBeanCustomizer> (0x0000000658d83808) thrown at [/builddir/build/BUILD/java-1.8.0-openjdk-1.8.0.222.b10-4.el6openjdkportable.x86_64/openjdk/hotspot/src/share/vm/class
Event: 24.400 Thread 0x00007fe1c4007000 Exception <a 'java/lang/ClassNotFoundException': java/lang/ObjectCustomizer> (0x0000000658dcc920) thrown at [/builddir/build/BUILD/java-1.8.0-openjdk-1.8.0.222.b10-4.el6openjdkportable.x86_64/openjdk/hotspot/src/share/vm/classfile/systemDictionary.cpp, li
Event: 24.401 Thread 0x00007fe1c4007000 Exception <a 'java/lang/ClassNotFoundException': org/apache/camel/model/IdentifiedTypeCustomizer> (0x0000000658dfd638) thrown at [/builddir/build/BUILD/java-1.8.0-openjdk-1.8.0.222.b10-4.el6openjdkportable.x86_64/openjdk/hotspot/src/share/vm/classfile/sys
Event: 24.402 Thread 0x00007fe1c4007000 Exception <a 'java/lang/ClassNotFoundException': org/apache/camel/spring/CamelRestContextFactoryBeanCustomizer> (0x0000000658ca5118) thrown at [/builddir/build/BUILD/java-1.8.0-openjdk-1.8.0.222.b10-4.el6openjdkportable.x86_64/openjdk/hotspot/src/share/vm
Event: 24.404 Thread 0x00007fe1c4007000 Exception <a 'java/lang/ClassNotFoundException': org/springframework/beans/factory/FactoryBeanCustomizer> (0x0000000658cd65d0) thrown at [/builddir/build/BUILD/java-1.8.0-openjdk-1.8.0.222.b10-4.el6openjdkportable.x86_64/openjdk/hotspot/src/share/vm/class
Event: 24.413 Thread 0x00007fe1c4007000 Exception <a 'java/lang/ClassNotFoundException': java/lang/ObjectCustomizer> (0x0000000658b636f8) thrown at [/builddir/build/BUILD/java-1.8.0-openjdk-1.8.0.222.b10-4.el6openjdkportable.x86_64/openjdk/hotspot/src/share/vm/classfile/systemDictionary.cpp, li
Event: 24.414 Thread 0x00007fe1c4007000 Exception <a 'java/lang/ClassNotFoundException': org/apache/camel/model/IdentifiedTypeCustomizer> (0x0000000658b944b8) thrown at [/builddir/build/BUILD/java-1.8.0-openjdk-1.8.0.222.b10-4.el6openjdkportable.x86_64/openjdk/hotspot/src/share/vm/classfile/sys
Event: 24.415 Thread 0x00007fe1c4007000 Exception <a 'java/lang/ClassNotFoundException': org/apache/camel/core/xml/AbstractCamelContextFactoryBeanCustomizer> (0x0000000658bbd718) thrown at [/builddir/build/BUILD/java-1.8.0-openjdk-1.8.0.222.b10-4.el6openjdkportable.x86_64/openjdk/hotspot/src/sh
Event: 24.422 Thread 0x00007fe1c4007000 Exception <a 'java/lang/ClassNotFoundException': org/apache/camel/spring/CamelContextFactoryBeanCustomizer> (0x0000000658a3dde0) thrown at [/builddir/build/BUILD/java-1.8.0-openjdk-1.8.0.222.b10-4.el6openjdkportable.x86_64/openjdk/hotspot/src/share/vm/cla
Event: 24.453 Thread 0x00007fe1c4007000 Exception <a 'java/lang/ClassNotFoundException': org/springframework/beans/factory/FactoryBeanCustomizer> (0x0000000658883e78) thrown at [/builddir/build/BUILD/java-1.8.0-openjdk-1.8.0.222.b10-4.el6openjdkportable.x86_64/openjdk/hotspot/src/share/vm/class
Event: 24.454 Thread 0x00007fe1c4007000 Exception <a 'java/lang/ClassNotFoundException': org/springframework/beans/factory/InitializingBeanCustomizer> (0x00000006588a2e58) thrown at [/builddir/build/BUILD/java-1.8.0-openjdk-1.8.0.222.b10-4.el6openjdkportable.x86_64/openjdk/hotspot/src/share/vm/
Event: 24.454 Thread 0x00007fe1c4007000 Exception <a 'java/lang/ClassNotFoundException': org/springframework/beans/factory/DisposableBeanCustomizer> (0x00000006588bdfa0) thrown at [/builddir/build/BUILD/java-1.8.0-openjdk-1.8.0.222.b10-4.el6openjdkportable.x86_64/openjdk/hotspot/src/share/vm/cl
Event: 24.454 Thread 0x00007fe1c4007000 Exception <a 'java/lang/ClassNotFoundException': org/springframework/context/ApplicationContextAwareCustomizer> (0x00000006588da8a8) thrown at [/builddir/build/BUILD/java-1.8.0-openjdk-1.8.0.222.b10-4.el6openjdkportable.x86_64/openjdk/hotspot/src/share/vm
Event: 24.455 Thread 0x00007fe1c4007000 Exception <a 'java/lang/ClassNotFoundException': org/springframework/beans/factory/AwareCustomizer> (0x00000006588f3e98) thrown at [/builddir/build/BUILD/java-1.8.0-openjdk-1.8.0.222.b10-4.el6openjdkportable.x86_64/openjdk/hotspot/src/share/vm/classfile/s
Event: 24.455 Thread 0x00007fe1c4007000 Exception <a 'java/lang/ClassNotFoundException': org/springframework/context/LifecycleCustomizer> (0x000000065870b690) thrown at [/builddir/build/BUILD/java-1.8.0-openjdk-1.8.0.222.b10-4.el6openjdkportable.x86_64/openjdk/hotspot/src/share/vm/classfile/sys
Event: 24.456 Thread 0x00007fe1c4007000 Exception <a 'java/lang/ClassNotFoundException': org/springframework/context/PhasedCustomizer> (0x00000006587238c0) thrown at [/builddir/build/BUILD/java-1.8.0-openjdk-1.8.0.222.b10-4.el6openjdkportable.x86_64/openjdk/hotspot/src/share/vm/classfile/system
Event: 24.456 Thread 0x00007fe1c4007000 Exception <a 'java/lang/ClassNotFoundException': org/springframework/context/ApplicationListenerCustomizer> (0x000000065873eb78) thrown at [/builddir/build/BUILD/java-1.8.0-openjdk-1.8.0.222.b10-4.el6openjdkportable.x86_64/openjdk/hotspot/src/share/vm/cla
Event: 24.456 Thread 0x00007fe1c4007000 Exception <a 'java/lang/ClassNotFoundException': java/util/EventListenerCustomizer> (0x0000000658749248) thrown at [/builddir/build/BUILD/java-1.8.0-openjdk-1.8.0.222.b10-4.el6openjdkportable.x86_64/openjdk/hotspot/src/share/vm/classfile/systemDictionary.
Event: 24.457 Thread 0x00007fe1c4007000 Exception <a 'java/lang/ClassNotFoundException': org/springframework/core/OrderedCustomizer> (0x000000065875e598) thrown at [/builddir/build/BUILD/java-1.8.0-openjdk-1.8.0.222.b10-4.el6openjdkportable.x86_64/openjdk/hotspot/src/share/vm/classfile/systemDi
Event: 24.457 Thread 0x00007fe1c4007000 Exception <a 'java/lang/ClassNotFoundException': org/apache/camel/model/RouteContainerCustomizer> (0x000000065878c898) thrown at [/builddir/build/BUILD/java-1.8.0-openjdk-1.8.0.222.b10-4.el6openjdkportable.x86_64/openjdk/hotspot/src/share/vm/classfile/sys
Event: 24.458 Thread 0x00007fe1c4007000 Exception <a 'java/lang/ClassNotFoundException': org/apache/camel/model/rest/RestContainerCustomizer> (0x00000006587c2570) thrown at [/builddir/build/BUILD/java-1.8.0-openjdk-1.8.0.222.b10-4.el6openjdkportable.x86_64/openjdk/hotspot/src/share/vm/classfile
Event: 25.692 Thread 0x00007fe1c4007000 Exception <a 'java/lang/NoSuchMethodError': java.lang.Object.lambda$negate$1(Ljava/lang/Object;)Z> (0x00000006567e8340) thrown at [/builddir/build/BUILD/java-1.8.0-openjdk-1.8.0.222.b10-4.el6openjdkportable.x86_64/openjdk/hotspot/src/share/vm/interpreter/
Event: 25.772 Thread 0x00007fe1c4007000 Implicit null exception at 0x00007fe1f6080882 to 0x00007fe1f6085e59
Event: 25.964 Thread 0x00007fe1c4007000 Exception <a 'java/lang/ClassNotFoundException': java/lang/ObjectCustomizer> (0x0000000655eb9fc0) thrown at [/builddir/build/BUILD/java-1.8.0-openjdk-1.8.0.222.b10-4.el6openjdkportable.x86_64/openjdk/hotspot/src/share/vm/classfile/systemDictionary.cpp, li
Event: 25.965 Thread 0x00007fe1c4007000 Exception <a 'java/lang/ClassNotFoundException': ai/pelican/camel/authentication/AuthenticationConfigurationManagerCustomizer> (0x0000000655ede438) thrown at [/builddir/build/BUILD/java-1.8.0-openjdk-1.8.0.222.b10-4.el6openjdkportable.x86_64/openjdk/hotsp
Event: 26.845 Thread 0x00007fe1c4007000 Exception <a 'java/lang/NoSuchMethodError': java.lang.Object.lambda$and$0(Ljava/util/function/Predicate;Ljava/lang/Object;)Z> (0x000000065f9bb3b8) thrown at [/builddir/build/BUILD/java-1.8.0-openjdk-1.8.0.222.b10-4.el6openjdkportable.x86_64/openjdk/hotspo
Event: 28.181 Thread 0x00007fe1c4007000 Implicit null exception at 0x00007fe1f563442f to 0x00007fe1f56344a1
Event: 28.564 Thread 0x00007fe1c4007000 Exception <a 'java/lang/ClassNotFoundException': java/lang/ObjectCustomizer> (0x000000065d6a1f40) thrown at [/builddir/build/BUILD/java-1.8.0-openjdk-1.8.0.222.b10-4.el6openjdkportable.x86_64/openjdk/hotspot/src/share/vm/classfile/systemDictionary.cpp, li
Event: 28.565 Thread 0x00007fe1c4007000 Exception <a 'java/lang/ClassNotFoundException': ai/pelican/camel/js/engine/JSEngineGraalCustomizer> (0x000000065d6be038) thrown at [/builddir/build/BUILD/java-1.8.0-openjdk-1.8.0.222.b10-4.el6openjdkportable.x86_64/openjdk/hotspot/src/share/vm/classfile/
Event: 28.566 Thread 0x00007fe1c4007000 Exception <a 'java/lang/ClassNotFoundException': ai/pelican/camel/js/engine/JSEngineInterfaceCustomizer> (0x000000065d6e3878) thrown at [/builddir/build/BUILD/java-1.8.0-openjdk-1.8.0.222.b10-4.el6openjdkportable.x86_64/openjdk/hotspot/src/share/vm/classf
Event: 30.257 Thread 0x00007fe1c4007000 Exception <a 'sun/nio/fs/UnixException'> (0x000000065c304560) thrown at [/builddir/build/BUILD/java-1.8.0-openjdk-1.8.0.222.b10-4.el6openjdkportable.x86_64/openjdk/hotspot/src/share/vm/prims/jni.cpp, line 710]
Event: 32.135 Thread 0x00007fe1c4007000 Exception <a 'java/lang/NoSuchMethodError': java.lang.Object.lambda$static$0(Lcom/oracle/truffle/regex/RegexSource;Lcom/oracle/truffle/regex/tregex/parser/RegexFeatures;)Ljava/util/Optional;> (0x000000065b332ca0) thrown at [/builddir/build/BUILD/java-1.8.
Event: 33.164 Thread 0x00007fe1c4007000 Exception <a 'java/lang/NoSuchMethodError': java.lang.Object.lambda$applyCompound$0(Ljava/util/function/Supplier;)Lcom/oracle/truffle/js/nodes/JavaScriptNode;> (0x00000006591c4ec0) thrown at [/builddir/build/BUILD/java-1.8.0-openjdk-1.8.0.222.b10-4.el6ope
Event: 33.165 Thread 0x00007fe1c4007000 Exception <a 'java/lang/NoSuchMethodError': java.lang.Object.lambda$applyCompound$1(Ljava/util/function/UnaryOperator;Lcom/oracle/truffle/js/nodes/JavaScriptNode;)Lcom/oracle/truffle/js/nodes/JavaScriptNode;> (0x00000006591ca650) thrown at [/builddir/buil
Event: 36.688 Thread 0x00007fe1c4007000 Implicit null exception at 0x00007fe1f6525f47 to 0x00007fe1f6526789
Event: 37.431 Thread 0x00007fe1c4007000 Exception <a 'java/lang/ClassNotFoundException': java/lang/ObjectCustomizer> (0x000000065d22ebd0) thrown at [/builddir/build/BUILD/java-1.8.0-openjdk-1.8.0.222.b10-4.el6openjdkportable.x86_64/openjdk/hotspot/src/share/vm/classfile/systemDictionary.cpp, li
Event: 37.431 Thread 0x00007fe1c4007000 Exception <a 'java/lang/ClassNotFoundException': ai/pelican/camel/debulk/InMemoryPainGeneratorFilterCustomizer> (0x000000065d24eef8) thrown at [/builddir/build/BUILD/java-1.8.0-openjdk-1.8.0.222.b10-4.el6openjdkportable.x86_64/openjdk/hotspot/src/share/vm
Event: 37.987 Thread 0x00007fe1c4007000 Exception <a 'java/lang/ClassNotFoundException': java/lang/ObjectCustomizer> (0x000000065cdce2d8) thrown at [/builddir/build/BUILD/java-1.8.0-openjdk-1.8.0.222.b10-4.el6openjdkportable.x86_64/openjdk/hotspot/src/share/vm/classfile/systemDictionary.cpp, li
Event: 37.988 Thread 0x00007fe1c4007000 Exception <a 'java/lang/ClassNotFoundException': ai/pelican/camel/js/processor/JavascriptProcessorCustomizer> (0x000000065cded5e8) thrown at [/builddir/build/BUILD/java-1.8.0-openjdk-1.8.0.222.b10-4.el6openjdkportable.x86_64/openjdk/hotspot/src/share/vm/c
Event: 37.992 Thread 0x00007fe1c4007000 Exception <a 'java/lang/ClassNotFoundException': java/lang/ObjectCustomizer> (0x000000065cc17bf0) thrown at [/builddir/build/BUILD/java-1.8.0-openjdk-1.8.0.222.b10-4.el6openjdkportable.x86_64/openjdk/hotspot/src/share/vm/classfile/systemDictionary.cpp, li
Event: 37.992 Thread 0x00007fe1c4007000 Exception <a 'java/lang/ClassNotFoundException': ai/pelican/camel/js/processor/JSAggregateCustomizer> (0x000000065cc34650) thrown at [/builddir/build/BUILD/java-1.8.0-openjdk-1.8.0.222.b10-4.el6openjdkportable.x86_64/openjdk/hotspot/src/share/vm/classfile
Event: 37.993 Thread 0x00007fe1c4007000 Exception <a 'java/lang/ClassNotFoundException': org/apache/camel/processor/aggregate/AggregationStrategyCustomizer> (0x000000065cc672b8) thrown at [/builddir/build/BUILD/java-1.8.0-openjdk-1.8.0.222.b10-4.el6openjdkportable.x86_64/openjdk/hotspot/src/sha
Event: 38.011 Thread 0x00007fe1c4007000 Exception <a 'java/lang/ClassNotFoundException': ai/pelican/camel/init/TableInformationXMLBeanInfo> (0x000000065ccb9730) thrown at [/builddir/build/BUILD/java-1.8.0-openjdk-1.8.0.222.b10-4.el6openjdkportable.x86_64/openjdk/hotspot/src/share/vm/classfile/s
Event: 38.011 Thread 0x00007fe1c4007000 Exception <a 'java/lang/ClassNotFoundException': java/lang/ObjectBeanInfo> (0x000000065ccc16a8) thrown at [/builddir/build/BUILD/java-1.8.0-openjdk-1.8.0.222.b10-4.el6openjdkportable.x86_64/openjdk/hotspot/src/share/vm/classfile/systemDictionary.cpp, line
Event: 38.012 Thread 0x00007fe1c4007000 Exception <a 'java/lang/ClassNotFoundException': java/lang/ObjectCustomizer> (0x000000065ccc9548) thrown at [/builddir/build/BUILD/java-1.8.0-openjdk-1.8.0.222.b10-4.el6openjdkportable.x86_64/openjdk/hotspot/src/share/vm/classfile/systemDictionary.cpp, li
Event: 38.012 Thread 0x00007fe1c4007000 Exception <a 'java/lang/ClassNotFoundException': ai/pelican/camel/init/TableInformationXMLCustomizer> (0x000000065cce5dc0) thrown at [/builddir/build/BUILD/java-1.8.0-openjdk-1.8.0.222.b10-4.el6openjdkportable.x86_64/openjdk/hotspot/src/share/vm/classfile
Event: 38.128 Thread 0x00007fe1c4007000 Exception <a 'java/lang/ClassNotFoundException': java/lang/ObjectCustomizer> (0x000000065c783518) thrown at [/builddir/build/BUILD/java-1.8.0-openjdk-1.8.0.222.b10-4.el6openjdkportable.x86_64/openjdk/hotspot/src/share/vm/classfile/systemDictionary.cpp, li
Event: 38.129 Thread 0x00007fe1c4007000 Exception <a 'java/lang/ClassNotFoundException': ai/pelican/camel/hazelcast/HazelCastDataLoaderCustomizer> (0x000000065c7a1278) thrown at [/builddir/build/BUILD/java-1.8.0-openjdk-1.8.0.222.b10-4.el6openjdkportable.x86_64/openjdk/hotspot/src/share/vm/clas
Event: 38.133 Thread 0x00007fe1c4007000 Exception <a 'java/lang/ClassNotFoundException': java/lang/ObjectCustomizer> (0x000000065c7ccec0) thrown at [/builddir/build/BUILD/java-1.8.0-openjdk-1.8.0.222.b10-4.el6openjdkportable.x86_64/openjdk/hotspot/src/share/vm/classfile/systemDictionary.cpp, li
Event: 38.133 Thread 0x00007fe1c4007000 Exception <a 'java/lang/ClassNotFoundException': ai/pelican/camel/hazelcast/HazelCastFileLoaderCustomizer> (0x000000065c7eac20) thrown at [/builddir/build/BUILD/java-1.8.0-openjdk-1.8.0.222.b10-4.el6openjdkportable.x86_64/openjdk/hotspot/src/share/vm/clas
Event: 38.146 Thread 0x00007fe1c4007000 Exception <a 'java/lang/ClassNotFoundException': java/lang/ObjectCustomizer> (0x000000065c675a50) thrown at [/builddir/build/BUILD/java-1.8.0-openjdk-1.8.0.222.b10-4.el6openjdkportable.x86_64/openjdk/hotspot/src/share/vm/classfile/systemDictionary.cpp, li
Event: 38.165 Thread 0x00007fe1c4007000 Exception <a 'java/lang/ClassNotFoundException': org/apache/camel/impl/DefaultHeaderFilterStrategyCustomizer> (0x000000065c6ac488) thrown at [/builddir/build/BUILD/java-1.8.0-openjdk-1.8.0.222.b10-4.el6openjdkportable.x86_64/openjdk/hotspot/src/share/vm/c
Event: 38.167 Thread 0x00007fe1c4007000 Exception <a 'java/lang/ClassNotFoundException': org/apache/camel/spi/HeaderFilterStrategyCustomizer> (0x000000065c6e59a8) thrown at [/builddir/build/BUILD/java-1.8.0-openjdk-1.8.0.222.b10-4.el6openjdkportable.x86_64/openjdk/hotspot/src/share/vm/classfile
Event: 38.279 Thread 0x00007fe1c4007000 Exception <a 'java/lang/ClassNotFoundException': ai/pelican/camel/license/LicensePulseUtilityBeanInfo> (0x000000065c5be598) thrown at [/builddir/build/BUILD/java-1.8.0-openjdk-1.8.0.222.b10-4.el6openjdkportable.x86_64/openjdk/hotspot/src/share/vm/classfil
Event: 38.279 Thread 0x00007fe1c4007000 Exception <a 'java/lang/ClassNotFoundException': ai/pelican/camel/license/LicensePulseUtilityCustomizer> (0x000000065c5d76d8) thrown at [/builddir/build/BUILD/java-1.8.0-openjdk-1.8.0.222.b10-4.el6openjdkportable.x86_64/openjdk/hotspot/src/share/vm/classf
Event: 38.322 Thread 0x00007fe1c4007000 Exception <a 'java/lang/ClassNotFoundException': com/ibm/net/ssl/internal/www/protocol/https/Handler> (0x000000065c3ba340) thrown at [/builddir/build/BUILD/java-1.8.0-openjdk-1.8.0.222.b10-4.el6openjdkportable.x86_64/openjdk/hotspot/src/share/vm/classfile
Event: 38.610 Thread 0x00007fe1c12ce800 Exception <a 'java/io/FileNotFoundException'> (0x000000065c056590) thrown at [/builddir/build/BUILD/java-1.8.0-openjdk-1.8.0.222.b10-4.el6openjdkportable.x86_64/openjdk/hotspot/src/share/vm/prims/jni.cpp, line 710]
Event: 38.610 Thread 0x00007fe1c12ce800 Exception <a 'java/io/FileNotFoundException'> (0x000000065c057118) thrown at [/builddir/build/BUILD/java-1.8.0-openjdk-1.8.0.222.b10-4.el6openjdkportable.x86_64/openjdk/hotspot/src/share/vm/prims/jni.cpp, line 710]
Event: 38.842 Thread 0x00007fe1c12ce800 Exception <a 'java/lang/NoSuchMethodError': <clinit>> (0x000000065be11950) thrown at [/builddir/build/BUILD/java-1.8.0-openjdk-1.8.0.222.b10-4.el6openjdkportable.x86_64/openjdk/hotspot/src/share/vm/prims/jni.cpp, line 1616]
Event: 38.849 Thread 0x00007fe1c12ce800 Exception <a 'java/lang/NoSuchMethodError': <clinit>> (0x000000065be27748) thrown at [/builddir/build/BUILD/java-1.8.0-openjdk-1.8.0.222.b10-4.el6openjdkportable.x86_64/openjdk/hotspot/src/share/vm/prims/jni.cpp, line 1616]
Event: 38.852 Thread 0x00007fe1c12ce800 Exception <a 'java/lang/NoSuchMethodError': <clinit>> (0x000000065be53478) thrown at [/builddir/build/BUILD/java-1.8.0-openjdk-1.8.0.222.b10-4.el6openjdkportable.x86_64/openjdk/hotspot/src/share/vm/prims/jni.cpp, line 1616]
Event: 38.854 Thread 0x00007fe1c12ce800 Exception <a 'java/lang/NoSuchMethodError': <clinit>> (0x000000065be72900) thrown at [/builddir/build/BUILD/java-1.8.0-openjdk-1.8.0.222.b10-4.el6openjdkportable.x86_64/openjdk/hotspot/src/share/vm/prims/jni.cpp, line 1616]
Event: 38.944 Thread 0x00007fe1c12ce800 Exception <a 'java/lang/NoSuchMethodError': <clinit>> (0x000000065be86100) thrown at [/builddir/build/BUILD/java-1.8.0-openjdk-1.8.0.222.b10-4.el6openjdkportable.x86_64/openjdk/hotspot/src/share/vm/prims/jni.cpp, line 1616]
Event: 38.945 Thread 0x00007fe1c12ce800 Exception <a 'java/lang/NoSuchMethodError': <clinit>> (0x000000065be90450) thrown at [/builddir/build/BUILD/java-1.8.0-openjdk-1.8.0.222.b10-4.el6openjdkportable.x86_64/openjdk/hotspot/src/share/vm/prims/jni.cpp, line 1616]
Event: 38.946 Thread 0x00007fe1c12ce800 Exception <a 'java/lang/NoSuchMethodError': <clinit>> (0x000000065be9a988) thrown at [/builddir/build/BUILD/java-1.8.0-openjdk-1.8.0.222.b10-4.el6openjdkportable.x86_64/openjdk/hotspot/src/share/vm/prims/jni.cpp, line 1616]
Event: 38.952 Thread 0x00007fe1c12ce800 Exception <a 'java/lang/NoSuchMethodError': <clinit>> (0x000000065bef2be8) thrown at [/builddir/build/BUILD/java-1.8.0-openjdk-1.8.0.222.b10-4.el6openjdkportable.x86_64/openjdk/hotspot/src/share/vm/prims/jni.cpp, line 1616]
Event: 38.963 Thread 0x00007fe1c12ce800 Exception <a 'java/lang/NoSuchMethodError': <clinit>> (0x000000065bd2be10) thrown at [/builddir/build/BUILD/java-1.8.0-openjdk-1.8.0.222.b10-4.el6openjdkportable.x86_64/openjdk/hotspot/src/share/vm/prims/jni.cpp, line 1616]
Event: 39.035 Thread 0x00007fe1c035b800 Exception <a 'java/lang/NoSuchMethodError': <clinit>> (0x000000065bddbd70) thrown at [/builddir/build/BUILD/java-1.8.0-openjdk-1.8.0.222.b10-4.el6openjdkportable.x86_64/openjdk/hotspot/src/share/vm/prims/jni.cpp, line 1616]
Event: 39.047 Thread 0x00007fe1c035b800 Exception <a 'java/lang/NoSuchMethodError': <clinit>> (0x000000065bc0a628) thrown at [/builddir/build/BUILD/java-1.8.0-openjdk-1.8.0.222.b10-4.el6openjdkportable.x86_64/openjdk/hotspot/src/share/vm/prims/jni.cpp, line 1616]
Event: 39.054 Thread 0x00007fe1c4007000 Exception <a 'java/lang/ClassNotFoundException': java/lang/ObjectCustomizer> (0x000000065c2d9108) thrown at [/builddir/build/BUILD/java-1.8.0-openjdk-1.8.0.222.b10-4.el6openjdkportable.x86_64/openjdk/hotspot/src/share/vm/classfile/systemDictionary.cpp, li
Event: 39.055 Thread 0x00007fe1c4007000 Exception <a 'java/lang/ClassNotFoundException': ai/pelican/camel/interact/InterActFileCustomizer> (0x000000065c2f45b8) thrown at [/builddir/build/BUILD/java-1.8.0-openjdk-1.8.0.222.b10-4.el6openjdkportable.x86_64/openjdk/hotspot/src/share/vm/classfile/sy
Event: 39.214 Thread 0x00007fe1c4007000 Exception <a 'java/lang/ClassNotFoundException': java/lang/ObjectCustomizer> (0x000000065b8b0af8) thrown at [/builddir/build/BUILD/java-1.8.0-openjdk-1.8.0.222.b10-4.el6openjdkportable.x86_64/openjdk/hotspot/src/share/vm/classfile/systemDictionary.cpp, li
Event: 39.215 Thread 0x00007fe1c4007000 Exception <a 'java/lang/ClassNotFoundException': org/xml/sax/helpers/DefaultHandlerCustomizer> (0x000000065b8bfc98) thrown at [/builddir/build/BUILD/java-1.8.0-openjdk-1.8.0.222.b10-4.el6openjdkportable.x86_64/openjdk/hotspot/src/share/vm/classfile/system
Event: 39.215 Thread 0x00007fe1c4007000 Exception <a 'java/lang/ClassNotFoundException': ai/pelican/camel/extractors/MXMsgExtractorCustomizer> (0x000000065b8e2590) thrown at [/builddir/build/BUILD/java-1.8.0-openjdk-1.8.0.222.b10-4.el6openjdkportable.x86_64/openjdk/hotspot/src/share/vm/classfil
Event: 39.216 Thread 0x00007fe1c4007000 Exception <a 'java/lang/ClassNotFoundException': ai/pelican/camel/extractors/ServiceExtratorInterfaceCustomizer> (0x000000065b70f698) thrown at [/builddir/build/BUILD/java-1.8.0-openjdk-1.8.0.222.b10-4.el6openjdkportable.x86_64/openjdk/hotspot/src/share/v
Event: 39.217 Thread 0x00007fe1c4007000 Exception <a 'java/lang/ClassNotFoundException': ai/pelican/camel/exception/ErrorHandlerCustomizer> (0x000000065b728460) thrown at [/builddir/build/BUILD/java-1.8.0-openjdk-1.8.0.222.b10-4.el6openjdkportable.x86_64/openjdk/hotspot/src/share/vm/classfile/s
Event: 39.217 Thread 0x00007fe1c4007000 Exception <a 'java/lang/ClassNotFoundException': org/xml/sax/EntityResolverCustomizer> (0x000000065b732790) thrown at [/builddir/build/BUILD/java-1.8.0-openjdk-1.8.0.222.b10-4.el6openjdkportable.x86_64/openjdk/hotspot/src/share/vm/classfile/systemDictiona
Event: 39.217 Thread 0x00007fe1c4007000 Exception <a 'java/lang/ClassNotFoundException': org/xml/sax/DTDHandlerCustomizer> (0x000000065b73cc40) thrown at [/builddir/build/BUILD/java-1.8.0-openjdk-1.8.0.222.b10-4.el6openjdkportable.x86_64/openjdk/hotspot/src/share/vm/classfile/systemDictionary.c
Event: 39.217 Thread 0x00007fe1c4007000 Exception <a 'java/lang/ClassNotFoundException': org/xml/sax/ContentHandlerCustomizer> (0x000000065b748728) thrown at [/builddir/build/BUILD/java-1.8.0-openjdk-1.8.0.222.b10-4.el6openjdkportable.x86_64/openjdk/hotspot/src/share/vm/classfile/systemDictiona
Event: 39.218 Thread 0x00007fe1c4007000 Exception <a 'java/lang/ClassNotFoundException': org/xml/sax/ErrorHandlerCustomizer> (0x000000065b757af0) thrown at [/builddir/build/BUILD/java-1.8.0-openjdk-1.8.0.222.b10-4.el6openjdkportable.x86_64/openjdk/hotspot/src/share/vm/classfile/systemDictionary
Event: 39.230 Thread 0x00007fe1c4007000 Exception <a 'java/lang/ClassNotFoundException': java/lang/ObjectCustomizer> (0x000000065b7d5b50) thrown at [/builddir/build/BUILD/java-1.8.0-openjdk-1.8.0.222.b10-4.el6openjdkportable.x86_64/openjdk/hotspot/src/share/vm/classfile/systemDictionary.cpp, li
Event: 39.230 Thread 0x00007fe1c4007000 Exception <a 'java/lang/ClassNotFoundException': ai/pelican/camel/interfaces/FileDebulkAggregationStrategyCustomizer> (0x000000065b7f75b0) thrown at [/builddir/build/BUILD/java-1.8.0-openjdk-1.8.0.222.b10-4.el6openjdkportable.x86_64/openjdk/hotspot/src/sh
Event: 39.233 Thread 0x00007fe1c4007000 Exception <a 'java/lang/ClassNotFoundException': org/apache/camel/processor/aggregate/AggregationStrategyCustomizer> (0x000000065b62ab18) thrown at [/builddir/build/BUILD/java-1.8.0-openjdk-1.8.0.222.b10-4.el6openjdkportable.x86_64/openjdk/hotspot/src/sha
Event: 39.265 Thread 0x00007fe1c4007000 Exception <a 'java/lang/ClassNotFoundException': java/lang/ObjectCustomizer> (0x000000065b64e478) thrown at [/builddir/build/BUILD/java-1.8.0-openjdk-1.8.0.222.b10-4.el6openjdkportable.x86_64/openjdk/hotspot/src/share/vm/classfile/systemDictionary.cpp, li
Event: 39.266 Thread 0x00007fe1c4007000 Exception <a 'java/lang/ClassNotFoundException': ai/pelican/camel/interfaces/FileDebulkAggregationCompletionCustomizer> (0x000000065b6705e0) thrown at [/builddir/build/BUILD/java-1.8.0-openjdk-1.8.0.222.b10-4.el6openjdkportable.x86_64/openjdk/hotspot/src/
Event: 39.302 Thread 0x00007fe1c4007000 Exception <a 'java/lang/ClassNotFoundException': java/lang/ObjectCustomizer> (0x000000065b5388f0) thrown at [/builddir/build/BUILD/java-1.8.0-openjdk-1.8.0.222.b10-4.el6openjdkportable.x86_64/openjdk/hotspot/src/share/vm/classfile/systemDictionary.cpp, li
Event: 39.303 Thread 0x00007fe1c4007000 Exception <a 'java/lang/ClassNotFoundException': org/springframework/transaction/support/AbstractPlatformTransactionManagerCustomizer> (0x000000065b55f8d8) thrown at [/builddir/build/BUILD/java-1.8.0-openjdk-1.8.0.222.b10-4.el6openjdkportable.x86_64/openj
Event: 39.304 Thread 0x00007fe1c4007000 Exception <a 'java/lang/ClassNotFoundException': org/springframework/jdbc/datasource/DataSourceTransactionManagerCustomizer> (0x000000065b597c10) thrown at [/builddir/build/BUILD/java-1.8.0-openjdk-1.8.0.222.b10-4.el6openjdkportable.x86_64/openjdk/hotspot
Event: 39.306 Thread 0x00007fe1c4007000 Exception <a 'java/lang/ClassNotFoundException': org/springframework/transaction/support/ResourceTransactionManagerCustomizer> (0x000000065b5d4f70) thrown at [/builddir/build/BUILD/java-1.8.0-openjdk-1.8.0.222.b10-4.el6openjdkportable.x86_64/openjdk/hotsp
Event: 39.307 Thread 0x00007fe1c4007000 Exception <a 'java/lang/ClassNotFoundException': org/springframework/transaction/PlatformTransactionManagerCustomizer> (0x000000065b5f4878) thrown at [/builddir/build/BUILD/java-1.8.0-openjdk-1.8.0.222.b10-4.el6openjdkportable.x86_64/openjdk/hotspot/src/s
Event: 39.307 Thread 0x00007fe1c4007000 Exception <a 'java/lang/ClassNotFoundException': org/springframework/beans/factory/InitializingBeanCustomizer> (0x000000065b412648) thrown at [/builddir/build/BUILD/java-1.8.0-openjdk-1.8.0.222.b10-4.el6openjdkportable.x86_64/openjdk/hotspot/src/share/vm/
Event: 39.307 Thread 0x00007fe1c4007000 Exception <a 'java/lang/ClassNotFoundException': org/springframework/transaction/PlatformTransactionManagerCustomizer> (0x000000065b431388) thrown at [/builddir/build/BUILD/java-1.8.0-openjdk-1.8.0.222.b10-4.el6openjdkportable.x86_64/openjdk/hotspot/src/s
Event: 39.329 Thread 0x00007fe1c4007000 Exception <a 'java/lang/ClassNotFoundException': java/lang/ObjectCustomizer> (0x000000065b4e16a0) thrown at [/builddir/build/BUILD/java-1.8.0-openjdk-1.8.0.222.b10-4.el6openjdkportable.x86_64/openjdk/hotspot/src/share/vm/classfile/systemDictionary.cpp, li
Event: 39.329 Thread 0x00007fe1c4007000 Exception <a 'java/lang/ClassNotFoundException': ai/pelican/camel/component/aceq/GenerateMsgnoCustomizer> (0x000000065b4feec8) thrown at [/builddir/build/BUILD/java-1.8.0-openjdk-1.8.0.222.b10-4.el6openjdkportable.x86_64/openjdk/hotspot/src/share/vm/class
Event: 39.677 Thread 0x00007fe1c4007000 Exception <a 'java/lang/ClassNotFoundException': java/lang/ObjectCustomizer> (0x000000065acfb1b8) thrown at [/builddir/build/BUILD/java-1.8.0-openjdk-1.8.0.222.b10-4.el6openjdkportable.x86_64/openjdk/hotspot/src/share/vm/classfile/systemDictionary.cpp, li
Event: 39.678 Thread 0x00007fe1c4007000 Exception <a 'java/lang/ClassNotFoundException': org/springframework/web/servlet/config/annotation/WebMvcConfigurationSupportCustomizer> (0x000000065ab22da0) thrown at [/builddir/build/BUILD/java-1.8.0-openjdk-1.8.0.222.b10-4.el6openjdkportable.x86_64/ope
Event: 39.678 Thread 0x00007fe1c4007000 Exception <a 'java/lang/ClassNotFoundException': org/springframework/web/servlet/config/annotation/DelegatingWebMvcConfigurationCustomizer> (0x000000065ab59a30) thrown at [/builddir/build/BUILD/java-1.8.0-openjdk-1.8.0.222.b10-4.el6openjdkportable.x86_64/
Event: 39.679 Thread 0x00007fe1c4007000 Exception <a 'java/lang/ClassNotFoundException': org/springframework/boot/autoconfigure/web/servlet/WebMvcAutoConfiguration$EnableWebMvcConfigurationCustomizer> (0x000000065ab8b118) thrown at [/builddir/build/BUILD/java-1.8.0-openjdk-1.8.0.222.b10-4.el6op
Event: 39.680 Thread 0x00007fe1c4007000 Exception <a 'java/lang/ClassNotFoundException': org/springframework/boot/autoconfigure/web/servlet/WebMvcAutoConfiguration$EnableWebMvcConfiguration$$EnhancerBySpringCGLIB$$595a3c59Customizer> (0x000000065abca528) thrown at [/builddir/build/BUILD/java-1.
Event: 39.681 Thread 0x00007fe1c4007000 Exception <a 'java/lang/ClassNotFoundException': org/springframework/context/annotation/ConfigurationClassEnhancer$EnhancedConfigurationCustomizer> (0x000000065aa18128) thrown at [/builddir/build/BUILD/java-1.8.0-openjdk-1.8.0.222.b10-4.el6openjdkportable
Event: 39.681 Thread 0x00007fe1c4007000 Exception <a 'java/lang/ClassNotFoundException': org/springframework/beans/factory/BeanFactoryAwareCustomizer> (0x000000065aa33ee0) thrown at [/builddir/build/BUILD/java-1.8.0-openjdk-1.8.0.222.b10-4.el6openjdkportable.x86_64/openjdk/hotspot/src/share/vm/
Event: 39.682 Thread 0x00007fe1c4007000 Exception <a 'java/lang/ClassNotFoundException': org/springframework/beans/factory/AwareCustomizer> (0x000000065aa4d4f8) thrown at [/builddir/build/BUILD/java-1.8.0-openjdk-1.8.0.222.b10-4.el6openjdkportable.x86_64/openjdk/hotspot/src/share/vm/classfile/s
Event: 39.682 Thread 0x00007fe1c4007000 Exception <a 'java/lang/ClassNotFoundException': org/springframework/context/ApplicationContextAwareCustomizer> (0x000000065aa69540) thrown at [/builddir/build/BUILD/java-1.8.0-openjdk-1.8.0.222.b10-4.el6openjdkportable.x86_64/openjdk/hotspot/src/share/vm
Event: 39.682 Thread 0x00007fe1c4007000 Exception <a 'java/lang/ClassNotFoundException': org/springframework/beans/factory/AwareCustomizer> (0x000000065aa82b58) thrown at [/builddir/build/BUILD/java-1.8.0-openjdk-1.8.0.222.b10-4.el6openjdkportable.x86_64/openjdk/hotspot/src/share/vm/classfile/s
Event: 39.683 Thread 0x00007fe1c4007000 Exception <a 'java/lang/ClassNotFoundException': org/springframework/web/context/ServletContextAwareCustomizer> (0x000000065aa9ecb0) thrown at [/builddir/build/BUILD/java-1.8.0-openjdk-1.8.0.222.b10-4.el6openjdkportable.x86_64/openjdk/hotspot/src/share/vm
Event: 39.683 Thread 0x00007fe1c4007000 Exception <a 'java/lang/ClassNotFoundException': org/springframework/beans/factory/AwareCustomizer> (0x000000065aab7d10) thrown at [/builddir/build/BUILD/java-1.8.0-openjdk-1.8.0.222.b10-4.el6openjdkportable.x86_64/openjdk/hotspot/src/share/vm/classfile/s
Event: 42.349 Thread 0x00007fe1c4007000 Exception <a 'java/lang/ClassNotFoundException': com/sun/org/glassfish/hk2/osgiresourcelocator/ServiceLoader> (0x000000065eb7c680) thrown at [/builddir/build/BUILD/java-1.8.0-openjdk-1.8.0.222.b10-4.el6openjdkportable.x86_64/openjdk/hotspot/src/share/vm/c
Event: 43.092 Thread 0x00007fe1c4007000 Exception <a 'java/lang/ClassNotFoundException': com/sun/org/glassfish/hk2/osgiresourcelocator/ServiceLoader> (0x000000065b879660) thrown at [/builddir/build/BUILD/java-1.8.0-openjdk-1.8.0.222.b10-4.el6openjdkportable.x86_64/openjdk/hotspot/src/share/vm/c
Event: 54.021 Thread 0x00007fe1c4007000 Implicit null exception at 0x00007fe1f6b93094 to 0x00007fe1f6b93765
Event: 148.998 Thread 0x00007fe1c08b4000 Implicit null exception at 0x00007fe1f6d17172 to 0x00007fe1f6d17659

Events (250 events):
Event: 206.626 loading class org/apache/camel/builder/xml/XPathBuilder$4 done
Event: 206.626 loading class org/apache/camel/builder/xml/XPathBuilder$5
Event: 206.626 loading class org/apache/camel/builder/xml/XPathBuilder$5 done
Event: 206.655 loading class javax/xml/xpath/XPathFunctionException
Event: 206.929 loading class javax/xml/xpath/XPathFunctionException done
Event: 206.985 loading class org/apache/camel/builder/xml/XPathBuilder$6
Event: 206.985 loading class org/apache/camel/builder/xml/XPathBuilder$6 done
Event: 218.620 Thread 0x00007fe1c08b4000 Thread added: 0x00007fe1c08b4000
Event: 221.783 Executing VM operation: RevokeBias
Event: 222.920 Executing VM operation: RevokeBias done
Event: 222.921 Thread 0x00007fe1c08b4000 Thread exited: 0x00007fe1c08b4000
Event: 224.122 Thread 0x00007fe1c08b4000 Thread added: 0x00007fe1c08b4000
Event: 224.675 Thread 0x00007fe204379800 flushing nmethod 0x00007fe1f514b650
Event: 224.676 Thread 0x00007fe204379800 flushing nmethod 0x00007fe1f5168ed0
Event: 224.676 Thread 0x00007fe204379800 flushing nmethod 0x00007fe1f5193d50
Event: 224.676 Thread 0x00007fe204379800 flushing nmethod 0x00007fe1f51a7a90
Event: 224.676 Thread 0x00007fe204379800 flushing nmethod 0x00007fe1f51c6150
Event: 225.795 Thread 0x00007fe204379800 flushing nmethod 0x00007fe1f5246cd0
Event: 225.795 Thread 0x00007fe204379800 flushing nmethod 0x00007fe1f529c210
Event: 225.795 Thread 0x00007fe204379800 flushing nmethod 0x00007fe1f52a0650
Event: 225.795 Thread 0x00007fe204379800 flushing nmethod 0x00007fe1f5312190
Event: 225.795 Thread 0x00007fe204379800 flushing nmethod 0x00007fe1f5312490
Event: 225.796 Thread 0x00007fe204379800 flushing nmethod 0x00007fe1f5391310
Event: 225.884 Thread 0x00007fe204379800 flushing nmethod 0x00007fe1f5403a90
Event: 225.884 Thread 0x00007fe204379800 flushing nmethod 0x00007fe1f542e210
Event: 225.884 Thread 0x00007fe204379800 flushing nmethod 0x00007fe1f5467410
Event: 225.884 Thread 0x00007fe204379800 flushing nmethod 0x00007fe1f54774d0
Event: 225.885 Thread 0x00007fe204379800 flushing nmethod 0x00007fe1f54e7f90
Event: 225.886 Thread 0x00007fe204379800 flushing nmethod 0x00007fe1f5563f10
Event: 225.886 Thread 0x00007fe204379800 flushing nmethod 0x00007fe1f5689950
Event: 225.886 Thread 0x00007fe204379800 flushing nmethod 0x00007fe1f5698790
Event: 226.154 Thread 0x00007fe204379800 flushing nmethod 0x00007fe1f5704a10
Event: 226.264 Thread 0x00007fe204379800 flushing nmethod 0x00007fe1f5874150
Event: 226.265 Thread 0x00007fe204379800 flushing nmethod 0x00007fe1f5900210
Event: 226.267 Thread 0x00007fe204379800 flushing nmethod 0x00007fe1f5c56010
Event: 226.367 Thread 0x00007fe204377000 flushing nmethod 0x00007fe1f5ceba10
Event: 226.367 Thread 0x00007fe204377000 flushing nmethod 0x00007fe1f5d0ac90
Event: 226.368 Thread 0x00007fe204377000 flushing nmethod 0x00007fe1f5dfd550
Event: 226.368 Thread 0x00007fe204377000 flushing nmethod 0x00007fe1f5e026d0
Event: 226.494 Executing VM operation: RevokeBias
Event: 226.496 Executing VM operation: RevokeBias done
Event: 226.496 Thread 0x00007fe1c08b4000 Thread exited: 0x00007fe1c08b4000
Event: 226.521 Thread 0x00007fe204379800 flushing nmethod 0x00007fe1f5ed3b10
Event: 226.522 Thread 0x00007fe204379800 flushing nmethod 0x00007fe1f5f5a910
Event: 226.522 Thread 0x00007fe204379800 flushing nmethod 0x00007fe1f5f5acd0
Event: 226.522 Thread 0x00007fe204379800 flushing nmethod 0x00007fe1f5f6a910
Event: 226.522 Thread 0x00007fe204379800 flushing nmethod 0x00007fe1f5f6b850
Event: 226.654 Thread 0x00007fe204379800 flushing nmethod 0x00007fe1f5fa42d0
Event: 226.655 Thread 0x00007fe204379800 flushing nmethod 0x00007fe1f6019d50
Event: 226.655 Thread 0x00007fe204379800 flushing nmethod 0x00007fe1f60c0210
Event: 226.655 Thread 0x00007fe204379800 flushing nmethod 0x00007fe1f60fa250
Event: 226.655 Thread 0x00007fe204379800 flushing nmethod 0x00007fe1f60fa550
Event: 226.661 Thread 0x00007fe204379800 flushing nmethod 0x00007fe1f662e710
Event: 226.661 Thread 0x00007fe204379800 flushing nmethod 0x00007fe1f66a7ad0
Event: 226.661 Thread 0x00007fe204379800 flushing nmethod 0x00007fe1f66dd010
Event: 226.662 Thread 0x00007fe204379800 flushing nmethod 0x00007fe1f6785ed0
Event: 226.662 Thread 0x00007fe204379800 flushing nmethod 0x00007fe1f6786290
Event: 226.662 Thread 0x00007fe204379800 flushing nmethod 0x00007fe1f6787a50
Event: 226.662 Thread 0x00007fe204379800 flushing nmethod 0x00007fe1f6788050
Event: 226.662 Thread 0x00007fe204379800 flushing nmethod 0x00007fe1f679bd90
Event: 226.662 Thread 0x00007fe204379800 flushing nmethod 0x00007fe1f67c7610
Event: 226.662 Thread 0x00007fe204379800 flushing nmethod 0x00007fe1f67ca650
Event: 226.662 Thread 0x00007fe204379800 flushing nmethod 0x00007fe1f67cacd0
Event: 226.662 Thread 0x00007fe204379800 flushing nmethod 0x00007fe1f67ccf50
Event: 226.662 Thread 0x00007fe204379800 flushing nmethod 0x00007fe1f67d3110
Event: 226.662 Thread 0x00007fe204379800 flushing nmethod 0x00007fe1f67d3450
Event: 226.709 Thread 0x00007fe1c08b4000 Thread added: 0x00007fe1c08b4000
Event: 226.989 Thread 0x00007fe204377000 flushing nmethod 0x00007fe1f6803090
Event: 226.989 Thread 0x00007fe204377000 flushing nmethod 0x00007fe1f680b1d0
Event: 226.989 Thread 0x00007fe204377000 flushing nmethod 0x00007fe1f6814e50
Event: 226.990 Thread 0x00007fe204377000 flushing nmethod 0x00007fe1f68a0910
Event: 226.990 Thread 0x00007fe204377000 flushing nmethod 0x00007fe1f6936090
Event: 226.990 Thread 0x00007fe204377000 flushing nmethod 0x00007fe1f69b6f90
Event: 226.990 Thread 0x00007fe204377000 flushing nmethod 0x00007fe1f69dac50
Event: 231.276 Executing VM operation: RevokeBias
Event: 233.775 Executing VM operation: RevokeBias done
Event: 233.821 Thread 0x00007fe1c08b4000 Thread exited: 0x00007fe1c08b4000
Event: 239.581 Thread 0x00007fe204377000 flushing nmethod 0x00007fe1f69ebe50
Event: 239.581 Thread 0x00007fe204377000 flushing nmethod 0x00007fe1f6a023d0
Event: 239.581 Thread 0x00007fe204377000 flushing nmethod 0x00007fe1f6a288d0
Event: 239.581 Thread 0x00007fe204377000 flushing nmethod 0x00007fe1f6a31450
Event: 239.581 Thread 0x00007fe204377000 flushing nmethod 0x00007fe1f6a3cbd0
Event: 239.581 Thread 0x00007fe204377000 flushing nmethod 0x00007fe1f6a4e990
Event: 239.581 Thread 0x00007fe204377000 flushing nmethod 0x00007fe1f6a56310
Event: 239.581 Thread 0x00007fe204377000 flushing nmethod 0x00007fe1f6a5f910
Event: 239.581 Thread 0x00007fe204377000 flushing nmethod 0x00007fe1f6a72e50
Event: 239.581 Thread 0x00007fe204377000 flushing nmethod 0x00007fe1f6a74250
Event: 239.581 Thread 0x00007fe204377000 flushing nmethod 0x00007fe1f6a74e10
Event: 239.582 Thread 0x00007fe204377000 flushing nmethod 0x00007fe1f6b0d090
Event: 239.582 Thread 0x00007fe204377000 flushing nmethod 0x00007fe1f6b84f90
Event: 239.582 Thread 0x00007fe204377000 flushing nmethod 0x00007fe1f6b98bd0
Event: 239.582 Thread 0x00007fe204377000 flushing nmethod 0x00007fe1f6ba2d10
Event: 239.623 Thread 0x00007fe204377000 flushing nmethod 0x00007fe1f6beddd0
Event: 239.623 Thread 0x00007fe204377000 flushing nmethod 0x00007fe1f6c0e490
Event: 239.623 Thread 0x00007fe204377000 flushing nmethod 0x00007fe1f6c1a950
Event: 239.623 Thread 0x00007fe204377000 flushing nmethod 0x00007fe1f6c62710
Event: 239.623 Thread 0x00007fe204377000 flushing nmethod 0x00007fe1f6c715d0
Event: 239.623 Thread 0x00007fe204377000 flushing nmethod 0x00007fe1f6c75290
Event: 239.623 Thread 0x00007fe204377000 flushing nmethod 0x00007fe1f6c76450
Event: 239.623 Thread 0x00007fe204377000 flushing nmethod 0x00007fe1f6c926d0
Event: 239.623 Thread 0x00007fe204377000 flushing nmethod 0x00007fe1f6c97b10
Event: 240.055 Thread 0x00007fe1c08b4000 Thread added: 0x00007fe1c08b4000
Event: 242.774 Executing VM operation: RevokeBias
Event: 244.276 Executing VM operation: RevokeBias done
Event: 244.277 Thread 0x00007fe1c08b4000 Thread exited: 0x00007fe1c08b4000
Event: 245.421 Thread 0x00007fe1c08b4000 Thread added: 0x00007fe1c08b4000
Event: 248.736 Executing VM operation: RevokeBias
Event: 248.805 Executing VM operation: RevokeBias done
Event: 248.805 Thread 0x00007fe1c08b4000 Thread exited: 0x00007fe1c08b4000
Event: 250.429 Thread 0x00007fe1c08b4000 Thread added: 0x00007fe1c08b4000
Event: 254.909 Executing VM operation: G1IncCollectionPause
Event: 255.140 Executing VM operation: G1IncCollectionPause done
Event: 255.394 Executing VM operation: RevokeBias
Event: 255.395 Executing VM operation: RevokeBias done
Event: 255.397 Executing VM operation: RevokeBias
Event: 255.397 Executing VM operation: RevokeBias done
Event: 255.401 Executing VM operation: BulkRevokeBias
Event: 255.401 Executing VM operation: BulkRevokeBias done
Event: 255.846 Executing VM operation: G1IncCollectionPause
Event: 256.137 Executing VM operation: G1IncCollectionPause done
Event: 256.160 Executing VM operation: RevokeBias
Event: 256.164 Executing VM operation: RevokeBias done
Event: 256.203 Executing VM operation: RevokeBias
Event: 256.210 Executing VM operation: RevokeBias done
Event: 256.219 Executing VM operation: RevokeBias
Event: 256.219 Executing VM operation: RevokeBias done
Event: 259.434 Thread 0x00007fe204377000 flushing nmethod 0x00007fe1f518e9d0
Event: 259.434 Thread 0x00007fe204377000 flushing nmethod 0x00007fe1f51c0fd0
Event: 259.434 Thread 0x00007fe204377000 flushing nmethod 0x00007fe1f51d88d0
Event: 259.985 Thread 0x00007fe204379800 flushing nmethod 0x00007fe1f52aef90
Event: 259.985 Thread 0x00007fe204379800 flushing nmethod 0x00007fe1f5358d50
Event: 260.605 Thread 0x00007fe204379800 flushing nmethod 0x00007fe1f5391c10
Event: 260.605 Thread 0x00007fe204379800 flushing nmethod 0x00007fe1f53a1950
Event: 261.237 Thread 0x00007fe204379800 flushing nmethod 0x00007fe1f5744710
Event: 261.237 Thread 0x00007fe204379800 flushing nmethod 0x00007fe1f5744f10
Event: 261.489 Thread 0x00007fe204379800 flushing nmethod 0x00007fe1f5c3e050
Event: 261.489 Thread 0x00007fe204379800 flushing nmethod 0x00007fe1f5c3fd10
Event: 261.490 Thread 0x00007fe204379800 flushing nmethod 0x00007fe1f5d79990
Event: 262.230 Thread 0x00007fe204379800 flushing nmethod 0x00007fe1f5f893d0
Event: 262.232 Thread 0x00007fe204379800 flushing nmethod 0x00007fe1f611b110
Event: 262.233 Thread 0x00007fe204379800 flushing nmethod 0x00007fe1f6174bd0
Event: 262.334 Thread 0x00007fe204377000 flushing nmethod 0x00007fe1f633acd0
Event: 262.350 Thread 0x00007fe204379800 flushing nmethod 0x00007fe1f6466f90
Event: 262.351 Thread 0x00007fe204379800 flushing nmethod 0x00007fe1f66f9290
Event: 262.352 Thread 0x00007fe204379800 flushing nmethod 0x00007fe1f67ab110
Event: 262.352 Thread 0x00007fe204379800 flushing nmethod 0x00007fe1f67b4f10
Event: 262.352 Thread 0x00007fe204379800 flushing nmethod 0x00007fe1f67ca090
Event: 262.359 Thread 0x00007fe204379800 flushing nmethod 0x00007fe1f67faa90
Event: 262.359 Thread 0x00007fe204379800 flushing nmethod 0x00007fe1f687dd90
Event: 262.359 Thread 0x00007fe204379800 flushing nmethod 0x00007fe1f687e5d0
Event: 262.359 Thread 0x00007fe204379800 flushing nmethod 0x00007fe1f687ed50
Event: 262.359 Thread 0x00007fe204379800 flushing nmethod 0x00007fe1f68d4650
Event: 262.371 Thread 0x00007fe204379800 flushing nmethod 0x00007fe1f68e4d90
Event: 262.371 Thread 0x00007fe204379800 flushing nmethod 0x00007fe1f6908990
Event: 262.371 Thread 0x00007fe204379800 flushing nmethod 0x00007fe1f691ba50
Event: 262.371 Thread 0x00007fe204379800 flushing nmethod 0x00007fe1f696a910
Event: 262.371 Thread 0x00007fe204379800 flushing nmethod 0x00007fe1f698f250
Event: 262.371 Thread 0x00007fe204379800 flushing nmethod 0x00007fe1f69e5f50
Event: 262.945 Thread 0x00007fe204377000 flushing nmethod 0x00007fe1f6ac1b90
Event: 262.945 Thread 0x00007fe204377000 flushing nmethod 0x00007fe1f6ac5a10
Event: 262.945 Thread 0x00007fe204377000 flushing nmethod 0x00007fe1f6ac6790
Event: 262.945 Thread 0x00007fe204377000 flushing nmethod 0x00007fe1f6b34750
Event: 262.945 Thread 0x00007fe204377000 flushing nmethod 0x00007fe1f6b36950
Event: 262.945 Thread 0x00007fe204377000 flushing nmethod 0x00007fe1f6bb3950
Event: 262.946 Thread 0x00007fe204377000 flushing nmethod 0x00007fe1f6c41ad0
Event: 262.946 Thread 0x00007fe204377000 flushing nmethod 0x00007fe1f6ca3790
Event: 262.946 Thread 0x00007fe204377000 flushing nmethod 0x00007fe1f6cc5cd0
Event: 272.644 Executing VM operation: G1IncCollectionPause
Event: 273.582 Executing VM operation: G1IncCollectionPause done
Event: 273.681 Executing VM operation: RevokeBias
Event: 273.681 Executing VM operation: RevokeBias done
Event: 273.717 Executing VM operation: RevokeBias
Event: 273.785 Executing VM operation: RevokeBias done
Event: 273.814 Executing VM operation: RevokeBias
Event: 273.814 Executing VM operation: RevokeBias done
Event: 274.476 Executing VM operation: G1IncCollectionPause
Event: 274.950 Executing VM operation: G1IncCollectionPause done
Event: 274.961 Executing VM operation: RevokeBias
Event: 274.961 Executing VM operation: RevokeBias done
Event: 275.002 Executing VM operation: RevokeBias
Event: 275.002 Executing VM operation: RevokeBias done
Event: 276.484 Thread 0x00007fe1c0d11000 Uncommon trap: trap_request=0xffffff65 fr.pc=0x00007fe1f694aca4
Event: 276.484 Thread 0x00007fe1c0d11000 DEOPT PACKING pc=0x00007fe1f694aca4 sp=0x00007fe1993a71c0
Event: 276.484 Thread 0x00007fe1c0d11000 DEOPT UNPACKING pc=0x00007fe1f5047f7a sp=0x00007fe1993a7100 mode 2
Event: 276.627 Executing VM operation: G1IncCollectionPause
Event: 277.269 Executing VM operation: G1IncCollectionPause done
Event: 277.379 Executing VM operation: RevokeBias
Event: 277.433 Executing VM operation: RevokeBias done
Event: 277.433 Executing VM operation: RevokeBias
Event: 277.434 Executing VM operation: RevokeBias done
Event: 277.731 Thread 0x00007fe1c145c000 Thread added: 0x00007fe1c145c000
Event: 277.782 Thread 0x00007fe1c08b4000 Thread exited: 0x00007fe1c08b4000
Event: 277.824 Executing VM operation: RevokeBias
Event: 277.824 Executing VM operation: RevokeBias done
Event: 277.828 Executing VM operation: RevokeBias
Event: 277.828 Executing VM operation: RevokeBias done
Event: 277.828 Executing VM operation: RevokeBias
Event: 277.828 Executing VM operation: RevokeBias done
Event: 277.837 Executing VM operation: RevokeBias
Event: 277.837 Executing VM operation: RevokeBias done
Event: 277.838 Executing VM operation: RevokeBias
Event: 277.838 Executing VM operation: RevokeBias done
Event: 277.849 Executing VM operation: RevokeBias
Event: 277.850 Executing VM operation: RevokeBias done
Event: 277.850 Executing VM operation: RevokeBias
Event: 277.850 Executing VM operation: RevokeBias done
Event: 277.850 Executing VM operation: RevokeBias
Event: 277.850 Executing VM operation: RevokeBias done
Event: 277.850 Executing VM operation: RevokeBias
Event: 277.850 Executing VM operation: RevokeBias done
Event: 277.850 Executing VM operation: RevokeBias
Event: 277.851 Executing VM operation: RevokeBias done
Event: 277.851 Executing VM operation: BulkRevokeBias
Event: 277.871 Executing VM operation: BulkRevokeBias done
Event: 278.897 Thread 0x00007fe1c4007000 DEOPT PACKING pc=0x00007fe1f6ad42c5 sp=0x00007fe1b018a7a0
Event: 278.897 Thread 0x00007fe1c4007000 DEOPT UNPACKING pc=0x00007fe1f5049fc4 sp=0x00007fe1b018a588 mode 0
Event: 279.339 Thread 0x00007fe204379800 flushing nmethod 0x00007fe1f5564ad0
Event: 279.339 Thread 0x00007fe204379800 flushing nmethod 0x00007fe1f562b1d0
Event: 280.348 Thread 0x00007fe204379800 flushing nmethod 0x00007fe1f6155490
Event: 280.827 Executing VM operation: G1IncCollectionPause
Event: 281.580 Executing VM operation: G1IncCollectionPause done
Event: 289.559 Executing VM operation: RevokeBias
Event: 289.678 Executing VM operation: RevokeBias done
Event: 289.684 Thread 0x00007fe1c145c000 Thread exited: 0x00007fe1c145c000
Event: 290.424 Thread 0x00007fe204377000 flushing nmethod 0x00007fe1f6996390
Event: 311.885 Thread 0x00007fe204379800 flushing nmethod 0x00007fe1f6d16e50
Event: 317.137 loading class com/hazelcast/internal/metrics/impl/MetricsDictionary$1
Event: 317.137 loading class com/hazelcast/internal/metrics/impl/MetricsDictionary$1 done
Event: 318.325 Executing VM operation: G1IncCollectionPause
Event: 320.524 Executing VM operation: G1IncCollectionPause done
Event: 320.580 Thread 0x00007fe1c145c000 Thread added: 0x00007fe1c145c000
Event: 321.726 Executing VM operation: G1IncCollectionPause
Event: 321.940 Executing VM operation: G1IncCollectionPause done
Event: 323.324 Executing VM operation: G1IncCollectionPause
Event: 323.930 Executing VM operation: G1IncCollectionPause done
Event: 325.013 Executing VM operation: G1IncCollectionPause
Event: 326.035 Executing VM operation: G1IncCollectionPause done
Event: 327.021 Executing VM operation: RevokeBias
Event: 328.331 Executing VM operation: RevokeBias done
Event: 329.281 Executing VM operation: G1IncCollectionPause
Event: 331.325 Executing VM operation: G1IncCollectionPause done
Event: 331.325 Executing VM operation: RevokeBias
Event: 331.326 Executing VM operation: RevokeBias done
Event: 331.343 Thread 0x00007fe1c145c000 Thread exited: 0x00007fe1c145c000
Event: 331.496 Thread 0x00007fe1c145c000 Thread added: 0x00007fe1c145c000
Event: 334.028 Executing VM operation: G1IncCollectionPause
Event: 334.882 Executing VM operation: G1IncCollectionPause done
Event: 335.435 Thread 0x00007fe1c4007000 DEOPT PACKING pc=0x00007fe1f6ad42c5 sp=0x00007fe1b018a8b0
Event: 335.469 Thread 0x00007fe1c4007000 DEOPT UNPACKING pc=0x00007fe1f5049fc4 sp=0x00007fe1b018a698 mode 0
Event: 336.933 Executing VM operation: G1IncCollectionPause


Dynamic libraries:
00400000-00401000 r-xp 00000000 fd:04 1052642                            /opt/java/java-1.8.0-openjdk-1.8.0.222.b10-4.static.jre.openjdkportable.x86_64/bin/java
00600000-00601000 r--p 00000000 fd:04 1052642                            /opt/java/java-1.8.0-openjdk-1.8.0.222.b10-4.static.jre.openjdkportable.x86_64/bin/java
00601000-00602000 rw-p 00001000 fd:04 1052642                            /opt/java/java-1.8.0-openjdk-1.8.0.222.b10-4.static.jre.openjdkportable.x86_64/bin/java
01ae9000-01b31000 rw-p 00000000 00:00 0                                  [heap]
640000000-661a00000 rw-p 00000000 00:00 0 
683400000-7c0000000 ---p 00000000 00:00 0 
7c0000000-7c0ba0000 rw-p 00000000 00:00 0 
7c0ba0000-800000000 ---p 00000000 00:00 0 
7fe1958b5000-7fe1958b8000 ---p 00000000 00:00 0 
7fe1958b8000-7fe1959b6000 rw-p 00000000 00:00 0 
7fe1959b6000-7fe1959b9000 ---p 00000000 00:00 0 
7fe1959b9000-7fe195ab7000 rw-p 00000000 00:00 0 
7fe195ab7000-7fe195aba000 ---p 00000000 00:00 0 
7fe195aba000-7fe195db8000 rw-p 00000000 00:00 0 
7fe195db8000-7fe195dbb000 ---p 00000000 00:00 0 
7fe195dbb000-7fe1960b9000 rw-p 00000000 00:00 0 
7fe1960b9000-7fe1962b9000 rw-p 00000000 00:00 0 
7fe1962b9000-7fe1964b9000 rw-p 00000000 00:00 0 
7fe1964b9000-7fe1964bc000 ---p 00000000 00:00 0 
7fe1964bc000-7fe1965ba000 rw-p 00000000 00:00 0 
7fe1965ba000-7fe1965c1000 r-xp 00000000 fd:04 3169308                    /opt/java/java-1.8.0-openjdk-1.8.0.222.b10-4.static.jre.openjdkportable.x86_64/lib/amd64/libawt_headless.so
7fe1965c1000-7fe1967c0000 ---p 00007000 fd:04 3169308                    /opt/java/java-1.8.0-openjdk-1.8.0.222.b10-4.static.jre.openjdkportable.x86_64/lib/amd64/libawt_headless.so
7fe1967c0000-7fe1967c1000 r--p 00006000 fd:04 3169308                    /opt/java/java-1.8.0-openjdk-1.8.0.222.b10-4.static.jre.openjdkportable.x86_64/lib/amd64/libawt_headless.so
7fe1967c1000-7fe1967c2000 rw-p 00007000 fd:04 3169308                    /opt/java/java-1.8.0-openjdk-1.8.0.222.b10-4.static.jre.openjdkportable.x86_64/lib/amd64/libawt_headless.so
7fe1967c2000-7fe196866000 r-xp 00000000 fd:04 3169326                    /opt/java/java-1.8.0-openjdk-1.8.0.222.b10-4.static.jre.openjdkportable.x86_64/lib/amd64/libawt.so
7fe196866000-7fe196a65000 ---p 000a4000 fd:04 3169326                    /opt/java/java-1.8.0-openjdk-1.8.0.222.b10-4.static.jre.openjdkportable.x86_64/lib/amd64/libawt.so
7fe196a65000-7fe196a66000 r--p 000a3000 fd:04 3169326                    /opt/java/java-1.8.0-openjdk-1.8.0.222.b10-4.static.jre.openjdkportable.x86_64/lib/amd64/libawt.so
7fe196a66000-7fe196a71000 rw-p 000a4000 fd:04 3169326                    /opt/java/java-1.8.0-openjdk-1.8.0.222.b10-4.static.jre.openjdkportable.x86_64/lib/amd64/libawt.so
7fe196a71000-7fe196c96000 rw-p 00000000 00:00 0 
7fe196c96000-7fe196c99000 ---p 00000000 00:00 0 
7fe196c99000-7fe196f97000 rw-p 00000000 00:00 0 
7fe196f97000-7fe197197000 rw-p 00000000 00:00 0 
7fe197197000-7fe19719a000 ---p 00000000 00:00 0 
7fe19719a000-7fe197498000 rw-p 00000000 00:00 0 
7fe197498000-7fe197698000 rw-p 00000000 00:00 0 
7fe197698000-7fe19769b000 ---p 00000000 00:00 0 
7fe19769b000-7fe197799000 rw-p 00000000 00:00 0 
7fe197799000-7fe19779c000 ---p 00000000 00:00 0 
7fe19779c000-7fe197a9a000 rw-p 00000000 00:00 0 
7fe197a9a000-7fe197c9a000 rw-p 00000000 00:00 0 
7fe197c9a000-7fe197c9d000 ---p 00000000 00:00 0 
7fe197c9d000-7fe197f9b000 rw-p 00000000 00:00 0 
7fe197f9b000-7fe197f9e000 ---p 00000000 00:00 0 
7fe197f9e000-7fe19809c000 rw-p 00000000 00:00 0 
7fe19809c000-7fe19809f000 ---p 00000000 00:00 0 
7fe19809f000-7fe19839d000 rw-p 00000000 00:00 0 
7fe19839d000-7fe1983a0000 ---p 00000000 00:00 0 
7fe1983a0000-7fe19849e000 rw-p 00000000 00:00 0 
7fe19849e000-7fe1984a1000 ---p 00000000 00:00 0 
7fe1984a1000-7fe19859f000 rw-p 00000000 00:00 0 
7fe19859f000-7fe1985a2000 ---p 00000000 00:00 0 
7fe1985a2000-7fe1988a0000 rw-p 00000000 00:00 0 
7fe1988a0000-7fe1988a3000 ---p 00000000 00:00 0 
7fe1988a3000-7fe1989a1000 rw-p 00000000 00:00 0 
7fe1989a1000-7fe1989a4000 ---p 00000000 00:00 0 
7fe1989a4000-7fe198ca2000 rw-p 00000000 00:00 0 
7fe198ca2000-7fe198ca5000 ---p 00000000 00:00 0 
7fe198ca5000-7fe198da3000 rw-p 00000000 00:00 0 
7fe198da3000-7fe198da6000 ---p 00000000 00:00 0 
7fe198da6000-7fe198ea4000 rw-p 00000000 00:00 0 
7fe198ea4000-7fe198ea7000 ---p 00000000 00:00 0 
7fe198ea7000-7fe198fa5000 rw-p 00000000 00:00 0 
7fe198fa5000-7fe198fa8000 ---p 00000000 00:00 0 
7fe198fa8000-7fe1990a6000 rw-p 00000000 00:00 0 
7fe1990a6000-7fe1990a9000 ---p 00000000 00:00 0 
7fe1990a9000-7fe1991a7000 rw-p 00000000 00:00 0 
7fe1991a7000-7fe1991aa000 ---p 00000000 00:00 0 
7fe1991aa000-7fe1992a8000 rw-p 00000000 00:00 0 
7fe1992a8000-7fe1992ab000 ---p 00000000 00:00 0 
7fe1992ab000-7fe1993a9000 rw-p 00000000 00:00 0 
7fe1993a9000-7fe1993ac000 ---p 00000000 00:00 0 
7fe1993ac000-7fe1994aa000 rw-p 00000000 00:00 0 
7fe1994aa000-7fe1994ad000 ---p 00000000 00:00 0 
7fe1994ad000-7fe1995ab000 rw-p 00000000 00:00 0 
7fe1995ab000-7fe1995ae000 ---p 00000000 00:00 0 
7fe1995ae000-7fe1996ac000 rw-p 00000000 00:00 0 
7fe1996ac000-7fe1996af000 ---p 00000000 00:00 0 
7fe1996af000-7fe1997ad000 rw-p 00000000 00:00 0 
7fe1997ad000-7fe1997b0000 ---p 00000000 00:00 0 
7fe1997b0000-7fe199aae000 rw-p 00000000 00:00 0 
7fe199aae000-7fe199cae000 rw-p 00000000 00:00 0 
7fe199cae000-7fe199eae000 rw-p 00000000 00:00 0 
7fe199eae000-7fe199ec5000 r-xp 00000000 fd:01 9039199                    /usr/lib64/libgcc_s-8-20210514.so.1
7fe199ec5000-7fe19a0c4000 ---p 00017000 fd:01 9039199                    /usr/lib64/libgcc_s-8-20210514.so.1
7fe19a0c4000-7fe19a0c5000 r--p 00016000 fd:01 9039199                    /usr/lib64/libgcc_s-8-20210514.so.1
7fe19a0c5000-7fe19a0c6000 rw-p 00017000 fd:01 9039199                    /usr/lib64/libgcc_s-8-20210514.so.1
7fe19a0c6000-7fe19a0eb000 r-xp 00000000 fd:04 3169329                    /opt/java/java-1.8.0-openjdk-1.8.0.222.b10-4.static.jre.openjdkportable.x86_64/lib/amd64/libsunec.so
7fe19a0eb000-7fe19a2ea000 ---p 00025000 fd:04 3169329                    /opt/java/java-1.8.0-openjdk-1.8.0.222.b10-4.static.jre.openjdkportable.x86_64/lib/amd64/libsunec.so
7fe19a2ea000-7fe19a2ec000 r--p 00024000 fd:04 3169329                    /opt/java/java-1.8.0-openjdk-1.8.0.222.b10-4.static.jre.openjdkportable.x86_64/lib/amd64/libsunec.so
7fe19a2ec000-7fe19a2ee000 rw-p 00026000 fd:04 3169329                    /opt/java/java-1.8.0-openjdk-1.8.0.222.b10-4.static.jre.openjdkportable.x86_64/lib/amd64/libsunec.so
7fe19a2ee000-7fe19a4ff000 rw-p 00000000 00:00 0 
7fe19a4ff000-7fe19a6ff000 rw-p 00000000 00:00 0 
7fe19a6ff000-7fe19a8ff000 rw-p 00000000 00:00 0 
7fe19a8ff000-7fe19aaff000 rw-p 00000000 00:00 0 
7fe19aaff000-7fe19acff000 rw-p 00000000 00:00 0 
7fe19acff000-7fe19aeff000 rw-p 00000000 00:00 0 
7fe19aeff000-7fe19b0ff000 rw-p 00000000 00:00 0 
7fe19b0ff000-7fe19b2ff000 rw-p 00000000 00:00 0 
7fe19b2ff000-7fe19b4ff000 rw-p 00000000 00:00 0 
7fe19b4ff000-7fe19b6ff000 rw-p 00000000 00:00 0 
7fe19b6ff000-7fe19b8ff000 rw-p 00000000 00:00 0 
7fe19b8ff000-7fe19baff000 rw-p 00000000 00:00 0 
7fe19baff000-7fe19bcff000 rw-p 00000000 00:00 0 
7fe19bcff000-7fe19bd02000 ---p 00000000 00:00 0 
7fe19bd02000-7fe19c000000 rw-p 00000000 00:00 0 
7fe19c000000-7fe19e8a4000 rw-p 00000000 00:00 0 
7fe19e8a4000-7fe1a0000000 ---p 00000000 00:00 0 
7fe1a0000000-7fe1a0fa6000 rw-p 00000000 00:00 0 
7fe1a0fa6000-7fe1a4000000 ---p 00000000 00:00 0 
7fe1a4000000-7fe1a4021000 rw-p 00000000 00:00 0 
7fe1a4021000-7fe1a8000000 ---p 00000000 00:00 0 
7fe1a8000000-7fe1a8039000 rw-p 00000000 00:00 0 
7fe1a8039000-7fe1ac000000 ---p 00000000 00:00 0 
7fe1ac000000-7fe1ac3be000 rw-p 00000000 00:00 0 
7fe1ac3be000-7fe1b0000000 ---p 00000000 00:00 0 
7fe1b004a000-7fe1b0066000 r--s 00393000 fd:04 4122                       /opt/java/java-1.8.0-openjdk-1.8.0.222.b10-4.static.jre.openjdkportable.x86_64/lib/ext/cldrdata.jar
7fe1b0066000-7fe1b0070000 r--s 00116000 fd:04 4120                       /opt/java/java-1.8.0-openjdk-1.8.0.222.b10-4.static.jre.openjdkportable.x86_64/lib/ext/localedata.jar
7fe1b0070000-7fe1b0075000 r--s 0003c000 fd:04 4117                       /opt/java/java-1.8.0-openjdk-1.8.0.222.b10-4.static.jre.openjdkportable.x86_64/lib/ext/sunjce_provider.jar
7fe1b0075000-7fe1b0077000 r--s 0000a000 fd:04 4119                       /opt/java/java-1.8.0-openjdk-1.8.0.222.b10-4.static.jre.openjdkportable.x86_64/lib/ext/sunec.jar
7fe1b0077000-7fe1b007a000 r--s 00039000 fd:04 4114                       /opt/java/java-1.8.0-openjdk-1.8.0.222.b10-4.static.jre.openjdkportable.x86_64/lib/ext/sunpkcs11.jar
7fe1b007a000-7fe1b008d000 r--s 00346000 fd:04 3176644                    /opt/java/java-1.8.0-openjdk-1.8.0.222.b10-4.static.jre.openjdkportable.x86_64/lib/resources.jar
7fe1b008d000-7fe1b0090000 ---p 00000000 00:00 0 
7fe1b0090000-7fe1b018e000 rw-p 00000000 00:00 0 
7fe1b018e000-7fe1b0191000 ---p 00000000 00:00 0 
7fe1b0191000-7fe1b048f000 rw-p 00000000 00:00 0 
7fe1b048f000-7fe1b04aa000 r--s 001d6000 fd:04 4113                       /opt/java/java-1.8.0-openjdk-1.8.0.222.b10-4.static.jre.openjdkportable.x86_64/lib/ext/nashorn.jar
7fe1b04aa000-7fe1b04be000 r-xp 00000000 fd:01 8390100                    /usr/lib64/libresolv-2.28.so
7fe1b04be000-7fe1b06be000 ---p 00014000 fd:01 8390100                    /usr/lib64/libresolv-2.28.so
7fe1b06be000-7fe1b06bf000 r--p 00014000 fd:01 8390100                    /usr/lib64/libresolv-2.28.so
7fe1b06bf000-7fe1b06c0000 rw-p 00015000 fd:01 8390100                    /usr/lib64/libresolv-2.28.so
7fe1b06c0000-7fe1b06c2000 rw-p 00000000 00:00 0 
7fe1b06c2000-7fe1b06c7000 r-xp 00000000 fd:01 8390090                    /usr/lib64/libnss_dns-2.28.so
7fe1b06c7000-7fe1b08c7000 ---p 00005000 fd:01 8390090                    /usr/lib64/libnss_dns-2.28.so
7fe1b08c7000-7fe1b08c8000 r--p 00005000 fd:01 8390090                    /usr/lib64/libnss_dns-2.28.so
7fe1b08c8000-7fe1b08c9000 rw-p 00006000 fd:01 8390090                    /usr/lib64/libnss_dns-2.28.so
7fe1b08c9000-7fe1b08ca000 r--s 00010000 fd:04 4118                       /opt/java/java-1.8.0-openjdk-1.8.0.222.b10-4.static.jre.openjdkportable.x86_64/lib/ext/zipfs.jar
7fe1b08ca000-7fe1b08cc000 r--s 00016000 fd:04 3169301                    /opt/java/java-1.8.0-openjdk-1.8.0.222.b10-4.static.jre.openjdkportable.x86_64/lib/jce.jar
7fe1b08cc000-7fe1b08d1000 r--s 002f9000 fd:04 3169338                    /opt/java/java-1.8.0-openjdk-1.8.0.222.b10-4.static.jre.openjdkportable.x86_64/lib/charsets.jar
7fe1b08d1000-7fe1b08d5000 r--s 000a3000 fd:04 3169290                    /opt/java/java-1.8.0-openjdk-1.8.0.222.b10-4.static.jre.openjdkportable.x86_64/lib/jsse.jar
7fe1b08d5000-7fe1b0ad5000 rw-p 00000000 00:00 0 
7fe1b0ad5000-7fe1b0ad8000 ---p 00000000 00:00 0 
7fe1b0ad8000-7fe1b0dd6000 rw-p 00000000 00:00 0 
7fe1b0dd6000-7fe1b0e80000 r--s 010a4000 fd:05 35333265                   /pelapp/software/pas_BUAT/usr/local/clo/app/pel/pas/ace.pelican/lib/ace.jar
7fe1b0e80000-7fe1b0ee2000 r--s 00489000 fd:05 141291484                  /pelapp/software/pas_BUAT/usr/local/clo/app/pel/pas/ace.pelican/lib/dependency-jars/camel-core-2.23.2.fuse-740011-redhat-00001.jar
7fe1b0ee2000-7fe1b0ee4000 r--s 00011000 fd:05 141291388                  /pelapp/software/pas_BUAT/usr/local/clo/app/pel/pas/ace.pelican/lib/dependency-jars/pelican-camel-aceq.jar
7fe1b0ee4000-7fe1b0f14000 r--s 00422000 fd:05 141291506                  /pelapp/software/pas_BUAT/usr/local/clo/app/pel/pas/ace.pelican/lib/dependency-jars/ojdbc8.jar
7fe1b0f14000-7fe1b0f1a000 r--s 00045000 fd:05 141291358                  /pelapp/software/pas_BUAT/usr/local/clo/app/pel/pas/ace.pelican/lib/dependency-jars/hamcrest-all-1.3.jar
7fe1b0f1a000-7fe1b0f21000 r--s 0004b000 fd:05 141291448                  /pelapp/software/pas_BUAT/usr/local/clo/app/pel/pas/ace.pelican/lib/dependency-jars/commons-codec-1.11.jar
7fe1b0f21000-7fe1b0f23000 r--s 0000e000 fd:05 141291509                  /pelapp/software/pas_BUAT/usr/local/clo/app/pel/pas/ace.pelican/lib/dependency-jars/commons-logging-1.2.0.redhat-3.jar
7fe1b0f23000-7fe1b0f29000 r--s 00044000 fd:05 141291440                  /pelapp/software/pas_BUAT/usr/local/clo/app/pel/pas/ace.pelican/lib/dependency-jars/commons-httpclient-3.1.0.redhat-8.jar
7fe1b0f29000-7fe1b0f2b000 r--s 0000e000 fd:05 141291483                  /pelapp/software/pas_BUAT/usr/local/clo/app/pel/pas/ace.pelican/lib/dependency-jars/camel-http-2.23.2.fuse-740011-redhat-00001.jar
7fe1b0f2b000-7fe1b0f30000 r--s 0003a000 fd:05 141291419                  /pelapp/software/pas_BUAT/usr/local/clo/app/pel/pas/ace.pelican/lib/dependency-jars/tomcat-embed-websocket-9.0.7.redhat-16.jar
7fe1b0f30000-7fe1b0f34000 r--s 00037000 fd:05 141291497                  /pelapp/software/pas_BUAT/usr/local/clo/app/pel/pas/ace.pelican/lib/dependency-jars/tomcat-embed-el-9.0.7.redhat-16.jar
7fe1b0f34000-7fe1b0f5d000 r--s 002d8000 fd:05 141291471                  /pelapp/software/pas_BUAT/usr/local/clo/app/pel/pas/ace.pelican/lib/dependency-jars/tomcat-embed-core-9.0.7.redhat-16.jar
7fe1b0f5d000-7fe1b0f5f000 r--s 00005000 fd:05 141291455                  /pelapp/software/pas_BUAT/usr/local/clo/app/pel/pas/ace.pelican/lib/dependency-jars/javax.annotation-api-1.3.2.jar
7fe1b0f5f000-7fe1b0f60000 r--s 00000000 fd:05 141291425                  /pelapp/software/pas_BUAT/usr/local/clo/app/pel/pas/ace.pelican/lib/dependency-jars/spring-boot-starter-tomcat-2.1.3.RELEASE.jar
7fe1b0f60000-7fe1b0f61000 r--s 00000000 fd:05 141291513                  /pelapp/software/pas_BUAT/usr/local/clo/app/pel/pas/ace.pelican/lib/dependency-jars/spring-boot-starter-json-2.1.3.RELEASE.jar
7fe1b0f61000-7fe1b0f7d000 r--s 00136000 fd:05 141291424                  /pelapp/software/pas_BUAT/usr/local/clo/app/pel/pas/ace.pelican/lib/dependency-jars/spring-web-5.1.5.RELEASE.jar
7fe1b0f7d000-7fe1b0f7f000 r--s 0000f000 fd:05 141291422                  /pelapp/software/pas_BUAT/usr/local/clo/app/pel/pas/ace.pelican/lib/dependency-jars/classmate-1.4.0.jar
7fe1b0f7f000-7fe1b0f81000 r--s 0000f000 fd:05 141291443                  /pelapp/software/pas_BUAT/usr/local/clo/app/pel/pas/ace.pelican/lib/dependency-jars/jboss-logging-3.3.2.Final.jar
7fe1b0f81000-7fe1b0f86000 r--s 00012000 fd:05 141291463                  /pelapp/software/pas_BUAT/usr/local/clo/app/pel/pas/ace.pelican/lib/dependency-jars/validation-api-2.0.1.Final.jar
7fe1b0f86000-7fe1b0fa3000 r--s 000fe000 fd:05 141291467                  /pelapp/software/pas_BUAT/usr/local/clo/app/pel/pas/ace.pelican/lib/dependency-jars/hibernate-validator-6.0.14.Final-redhat-00001.jar
7fe1b0fa3000-7fe1b0fa4000 r--s 00000000 fd:05 141291434                  /pelapp/software/pas_BUAT/usr/local/clo/app/pel/pas/ace.pelican/lib/dependency-jars/spring-boot-starter-web-2.1.3.RELEASE.jar
7fe1b0fa4000-7fe1b0fa6000 r--s 00011000 fd:05 141291447                  /pelapp/software/pas_BUAT/usr/local/clo/app/pel/pas/ace.pelican/lib/dependency-jars/camel-http-common-2.23.2.fuse-740011-redhat-00001.jar
7fe1b0fa6000-7fe1b0fa9000 r--s 00019000 fd:05 141291355                  /pelapp/software/pas_BUAT/usr/local/clo/app/pel/pas/ace.pelican/lib/dependency-jars/commons-pool-1.6.jar
7fe1b0fa9000-7fe1b0fc2000 r--s 00123000 fd:05 141291386                  /pelapp/software/pas_BUAT/usr/local/clo/app/pel/pas/ace.pelican/lib/dependency-jars/netty-3.10.6.Final.jar
7fe1b0fc2000-7fe1b0fc4000 r--s 00019000 fd:05 141291464                  /pelapp/software/pas_BUAT/usr/local/clo/app/pel/pas/ace.pelican/lib/dependency-jars/camel-netty-2.23.2.fuse-740011-redhat-00001.jar
7fe1b0fc4000-7fe1b0fc7000 r--s 00018000 fd:05 141291435                  /pelapp/software/pas_BUAT/usr/local/clo/app/pel/pas/ace.pelican/lib/dependency-jars/camel-netty-http-2.23.2.fuse-740011-redhat-00001.jar
7fe1b0fc7000-7fe1b0fce000 r--s 00049000 fd:05 141291495                  /pelapp/software/pas_BUAT/usr/local/clo/app/pel/pas/ace.pelican/lib/dependency-jars/httpcore-4.4.11.jar
7fe1b0fce000-7fe1b0fdb000 r--s 000af000 fd:05 141291436                  /pelapp/software/pas_BUAT/usr/local/clo/app/pel/pas/ace.pelican/lib/dependency-jars/httpclient-4.5.7.jar
7fe1b0fdb000-7fe1b0fde000 r--s 00012000 fd:05 141291481                  /pelapp/software/pas_BUAT/usr/local/clo/app/pel/pas/ace.pelican/lib/dependency-jars/camel-http4-2.23.2.fuse-740011-redhat-00001.jar
7fe1b0fde000-7fe1b0fdf000 r--s 00005000 fd:05 141291482                  /pelapp/software/pas_BUAT/usr/local/clo/app/pel/pas/ace.pelican/lib/dependency-jars/camel-http4-starter-2.23.2.fuse-740011-redhat-00001.jar
7fe1b0fdf000-7fe1b0fe1000 r--s 00009000 fd:05 141291359                  /pelapp/software/pas_BUAT/usr/local/clo/app/pel/pas/ace.pelican/lib/dependency-jars/hamcrest-core-1.3.jar
7fe1b0fe1000-7fe1b0fe9000 r--s 00045000 fd:05 141291380                  /pelapp/software/pas_BUAT/usr/local/clo/app/pel/pas/ace.pelican/lib/dependency-jars/junit-4.12.jar
7fe1b0fe9000-7fe1b0ff7000 r--s 0008a000 fd:05 141291512                  /pelapp/software/pas_BUAT/usr/local/clo/app/pel/pas/ace.pelican/lib/dependency-jars/spring-test-5.1.5.RELEASE.jar
7fe1b0ff7000-7fe1b0ff8000 r--s 0000c000 fd:05 141291487                  /pelapp/software/pas_BUAT/usr/local/clo/app/pel/pas/ace.pelican/lib/dependency-jars/camel-test-2.23.2.fuse-740011-redhat-00001.jar
7fe1b0ff8000-7fe1b0ffb000 r--s 0000f000 fd:05 141291477                  /pelapp/software/pas_BUAT/usr/local/clo/app/pel/pas/ace.pelican/lib/dependency-jars/camel-test-spring-2.23.2.fuse-740011-redhat-00001.jar
7fe1b0ffb000-7fe1b0ffd000 r--s 0000b000 fd:05 141291470                  /pelapp/software/pas_BUAT/usr/local/clo/app/pel/pas/ace.pelican/lib/dependency-jars/hawtbuf-1.11.0.redhat-2.jar
7fe1b0ffd000-7fe1b1029000 r--s 00206000 fd:05 141291480                  /pelapp/software/pas_BUAT/usr/local/clo/app/pel/pas/ace.pelican/lib/dependency-jars/guava-19.0.0.redhat-1.jar
7fe1b1029000-7fe1b102d000 r--s 00034000 fd:05 141291500                  /pelapp/software/pas_BUAT/usr/local/clo/app/pel/pas/ace.pelican/lib/dependency-jars/leveldb-0.10.jar
7fe1b102d000-7fe1b1030000 r--s 000fd000 fd:05 141291381                  /pelapp/software/pas_BUAT/usr/local/clo/app/pel/pas/ace.pelican/lib/dependency-jars/leveldbjni-all-1.8.jar
7fe1b1030000-7fe1b1031000 r--s 00006000 fd:05 141291462                  /pelapp/software/pas_BUAT/usr/local/clo/app/pel/pas/ace.pelican/lib/dependency-jars/camel-leveldb-2.23.2.fuse-740011-redhat-00001.jar
7fe1b1031000-7fe1b103f000 r--s 000be000 fd:05 141291456                  /pelapp/software/pas_BUAT/usr/local/clo/app/pel/pas/ace.pelican/lib/dependency-jars/hazelcast-client-3.11.1.jar
7fe1b103f000-7fe1b1044000 r--s 00022000 fd:05 141291468                  /pelapp/software/pas_BUAT/usr/local/clo/app/pel/pas/ace.pelican/lib/dependency-jars/camel-hazelcast-2.23.2.fuse-740011-redhat-00001.jar
7fe1b1044000-7fe1b111d000 r--s 00a4a000 fd:05 141291361                  /pelapp/software/pas_BUAT/usr/local/clo/app/pel/pas/ace.pelican/lib/dependency-jars/hazelcast-all-4.0.2.jar
7fe1b111d000-7fe1b1122000 r--s 00054000 fd:05 141291493                  /pelapp/software/pas_BUAT/usr/local/clo/app/pel/pas/ace.pelican/lib/dependency-jars/camel-spring-2.23.2.fuse-740011-redhat-00001.jar
7fe1b1122000-7fe1b1128000 r--s 00058000 fd:05 141291389                  /pelapp/software/pas_BUAT/usr/local/clo/app/pel/pas/ace.pelican/lib/dependency-jars/pelican-camel.jar
7fe1b1128000-7fe1b1130000 r--s 00037000 fd:05 141291433                  /pelapp/software/pas_BUAT/usr/local/clo/app/pel/pas/ace.pelican/lib/dependency-jars/spring-tx-5.1.5.RELEASE.jar
7fe1b1130000-7fe1b1135000 r--s 00040000 fd:05 141291449                  /pelapp/software/pas_BUAT/usr/local/clo/app/pel/pas/ace.pelican/lib/dependency-jars/spring-expression-5.1.5.RELEASE.jar
7fe1b1135000-7fe1b113f000 r--s 00051000 fd:05 141291486                  /pelapp/software/pas_BUAT/usr/local/clo/app/pel/pas/ace.pelican/lib/dependency-jars/spring-aop-5.1.5.RELEASE.jar
7fe1b113f000-7fe1b1159000 r--s 000f3000 fd:05 141291514                  /pelapp/software/pas_BUAT/usr/local/clo/app/pel/pas/ace.pelican/lib/dependency-jars/spring-context-5.1.5.RELEASE.jar
7fe1b1159000-7fe1b115a000 r--s 00005000 fd:05 141291494                  /pelapp/software/pas_BUAT/usr/local/clo/app/pel/pas/ace.pelican/lib/dependency-jars/spring-jcl-5.1.5.RELEASE.jar
7fe1b115a000-7fe1b1173000 r--s 00123000 fd:05 141291499                  /pelapp/software/pas_BUAT/usr/local/clo/app/pel/pas/ace.pelican/lib/dependency-jars/spring-core-5.1.5.RELEASE.jar
7fe1b1173000-7fe1b1180000 r--s 00098000 fd:05 141291511                  /pelapp/software/pas_BUAT/usr/local/clo/app/pel/pas/ace.pelican/lib/dependency-jars/spring-beans-5.1.5.RELEASE.jar
7fe1b1180000-7fe1b1189000 r--s 0005a000 fd:05 141291489                  /pelapp/software/pas_BUAT/usr/local/clo/app/pel/pas/ace.pelican/lib/dependency-jars/spring-jdbc-5.1.5.RELEASE.jar
7fe1b1189000-7fe1b118b000 r--s 0000e000 fd:05 141291516                  /pelapp/software/pas_BUAT/usr/local/clo/app/pel/pas/ace.pelican/lib/dependency-jars/activation-1.1.jar
7fe1b118b000-7fe1b1193000 r--s 00099000 fd:05 141291446                  /pelapp/software/pas_BUAT/usr/local/clo/app/pel/pas/ace.pelican/lib/dependency-jars/javax.mail-1.6.2.jar
7fe1b1193000-7fe1b119b000 r--s 00056000 fd:05 141291437                  /pelapp/software/pas_BUAT/usr/local/clo/app/pel/pas/ace.pelican/lib/dependency-jars/spring-messaging-5.1.5.RELEASE.jar
7fe1b119b000-7fe1b11a1000 r--s 0003a000 fd:05 141291438                  /pelapp/software/pas_BUAT/usr/local/clo/app/pel/pas/ace.pelican/lib/dependency-jars/spring-jms-5.1.5.RELEASE.jar
7fe1b11a1000-7fe1b11a3000 r--s 00011000 fd:05 141291420                  /pelapp/software/pas_BUAT/usr/local/clo/app/pel/pas/ace.pelican/lib/dependency-jars/spring-ws-support-3.0.6.RELEASE.jar
7fe1b11a3000-7fe1b11a8000 r--s 0002f000 fd:05 141291442                  /pelapp/software/pas_BUAT/usr/local/clo/app/pel/pas/ace.pelican/lib/dependency-jars/commons-io-2.5.0.redhat-3.jar
7fe1b11a8000-7fe1b11aa000 r--s 00010000 fd:05 141291444                  /pelapp/software/pas_BUAT/usr/local/clo/app/pel/pas/ace.pelican/lib/dependency-jars/spring-oxm-5.1.5.RELEASE.jar
7fe1b11aa000-7fe1b11ad000 r--s 0000f000 fd:05 141291466                  /pelapp/software/pas_BUAT/usr/local/clo/app/pel/pas/ace.pelican/lib/dependency-jars/spring-xml-3.0.6.RELEASE.jar
7fe1b11ad000-7fe1b11ba000 r--s 0006f000 fd:05 141291423                  /pelapp/software/pas_BUAT/usr/local/clo/app/pel/pas/ace.pelican/lib/dependency-jars/spring-ws-core-3.0.6.RELEASE.jar
7fe1b11ba000-7fe1b11c9000 r--s 000b5000 fd:05 141291491                  /pelapp/software/pas_BUAT/usr/local/clo/app/pel/pas/ace.pelican/lib/dependency-jars/spring-webmvc-5.1.5.RELEASE.jar
7fe1b11c9000-7fe1b11cc000 r--s 0000f000 fd:05 141291475                  /pelapp/software/pas_BUAT/usr/local/clo/app/pel/pas/ace.pelican/lib/dependency-jars/camel-spring-ws-2.23.2.fuse-740011-redhat-00001.jar
7fe1b11cc000-7fe1b11de000 r--s 000da000 fd:05 141291474                  /pelapp/software/pas_BUAT/usr/local/clo/app/pel/pas/ace.pelican/lib/dependency-jars/jaxb-impl-2.3.0.jar
7fe1b11de000-7fe1b11e5000 r--s 00038000 fd:05 141291510                  /pelapp/software/pas_BUAT/usr/local/clo/app/pel/pas/ace.pelican/lib/dependency-jars/jaxb-core-2.3.0.jar
7fe1b11e5000-7fe1b11ec000 r--s 00073000 fd:05 141291515                  /pelapp/software/pas_BUAT/usr/local/clo/app/pel/pas/ace.pelican/lib/dependency-jars/c3p0-0.9.5.3.jar
7fe1b11ec000-7fe1b11fc000 r--s 00085000 fd:05 141291385                  /pelapp/software/pas_BUAT/usr/local/clo/app/pel/pas/ace.pelican/lib/dependency-jars/mchange-commons-java-0.2.11.jar
7fe1b11fc000-7fe1b1206000 r--s 0009f000 fd:05 141291490                  /pelapp/software/pas_BUAT/usr/local/clo/app/pel/pas/ace.pelican/lib/dependency-jars/quartz-2.3.0.jar
7fe1b1206000-7fe1b1208000 r--s 0000e000 fd:05 141291498                  /pelapp/software/pas_BUAT/usr/local/clo/app/pel/pas/ace.pelican/lib/dependency-jars/camel-quartz2-2.23.2.fuse-740011-redhat-00001.jar
7fe1b1208000-7fe1b1209000 r--s 00003000 fd:05 141291431                  /pelapp/software/pas_BUAT/usr/local/clo/app/pel/pas/ace.pelican/lib/dependency-jars/camel-spring-boot-starter-2.23.2.fuse-740011-redhat-00001.jar
7fe1b1209000-7fe1b120e000 r--s 00022000 fd:05 141291445                  /pelapp/software/pas_BUAT/usr/local/clo/app/pel/pas/ace.pelican/lib/dependency-jars/camel-spring-boot-2.23.2.fuse-740011-redhat-00001.jar
7fe1b120e000-7fe1b1215000 r--s 00031000 fd:05 141291496                  /pelapp/software/pas_BUAT/usr/local/clo/app/pel/pas/ace.pelican/lib/dependency-jars/camel-core-starter-2.23.2.fuse-740011-redhat-00001.jar
7fe1b1215000-7fe1b1218000 r--s 00023000 fd:05 141291469                  /pelapp/software/pas_BUAT/usr/local/clo/app/pel/pas/ace.pelican/lib/dependency-jars/camel-sql-2.23.2.fuse-740011-redhat-00001.jar
7fe1b1218000-7fe1b121f000 r--s 00043000 fd:05 141291427                  /pelapp/software/pas_BUAT/usr/local/clo/app/pel/pas/ace.pelican/lib/dependency-jars/snakeyaml-1.23.jar
7fe1b121f000-7fe1b1221000 r--s 00000000 fd:05 141291379                  /pelapp/software/pas_BUAT/usr/local/clo/app/pel/pas/ace.pelican/lib/dependency-jars/jul-to-slf4j-1.7.25.jar
7fe1b1221000-7fe1b1227000 r--s 00044000 fd:05 141291492                  /pelapp/software/pas_BUAT/usr/local/clo/app/pel/pas/ace.pelican/lib/dependency-jars/log4j-api-2.17.0.jar
7fe1b1227000-7fe1b1228000 r--s 00005000 fd:05 141291454                  /pelapp/software/pas_BUAT/usr/local/clo/app/pel/pas/ace.pelican/lib/dependency-jars/log4j-slf4j-impl-2.17.0.jar
7fe1b1228000-7fe1b1229000 r--s 00000000 fd:05 141291472                  /pelapp/software/pas_BUAT/usr/local/clo/app/pel/pas/ace.pelican/lib/dependency-jars/spring-boot-starter-logging-2.1.3.RELEASE.jar
7fe1b1229000-7fe1b124d000 r--s 00110000 fd:05 141291517                  /pelapp/software/pas_BUAT/usr/local/clo/app/pel/pas/ace.pelican/lib/dependency-jars/spring-boot-autoconfigure-2.1.3.RELEASE.jar
7fe1b124d000-7fe1b1262000 r--s 000d3000 fd:05 141291430                  /pelapp/software/pas_BUAT/usr/local/clo/app/pel/pas/ace.pelican/lib/dependency-jars/spring-boot-2.1.3.RELEASE.jar
7fe1b1262000-7fe1b1264000 r--s 00005000 fd:05 141291488                  /pelapp/software/pas_BUAT/usr/local/clo/app/pel/pas/ace.pelican/lib/dependency-jars/camel-sql-starter-2.23.2.fuse-740011-redhat-00001.jar
7fe1b1264000-7fe1b1268000 r--s 00020000 fd:05 141291458                  /pelapp/software/pas_BUAT/usr/local/clo/app/pel/pas/ace.pelican/lib/dependency-jars/HikariCP-3.2.0.jar
7fe1b1268000-7fe1b126b000 r--s 0001d000 fd:05 141291460                  /pelapp/software/pas_BUAT/usr/local/clo/app/pel/pas/ace.pelican/lib/dependency-jars/commons-pool2-2.6.1.jar
7fe1b126b000-7fe1b128d000 r--s 00193000 fd:05 141291461                  /pelapp/software/pas_BUAT/usr/local/clo/app/pel/pas/ace.pelican/lib/dependency-jars/log4j-core-2.17.0.jar
7fe1b128d000-7fe1b1290000 ---p 00000000 00:00 0 
7fe1b1290000-7fe1b138e000 rw-p 00000000 00:00 0 
7fe1b138e000-7fe1b1391000 ---p 00000000 00:00 0 
7fe1b1391000-7fe1b148f000 rw-p 00000000 00:00 0 
7fe1b148f000-7fe1b149a000 r-xp 00000000 fd:05 141399248                  /pelapp/software/pas_BUAT/usr/local/clo/app/pel/pas/ace.pelican/bin/libwrapper.so
7fe1b149a000-7fe1b1699000 ---p 0000b000 fd:05 141399248                  /pelapp/software/pas_BUAT/usr/local/clo/app/pel/pas/ace.pelican/bin/libwrapper.so
7fe1b1699000-7fe1b169a000 rw-p 0000a000 fd:05 141399248                  /pelapp/software/pas_BUAT/usr/local/clo/app/pel/pas/ace.pelican/bin/libwrapper.so
7fe1b169a000-7fe1b169b000 rw-p 00000000 00:00 0 
7fe1b169b000-7fe1b16ac000 r-xp 00000000 fd:04 3169316                    /opt/java/java-1.8.0-openjdk-1.8.0.222.b10-4.static.jre.openjdkportable.x86_64/lib/amd64/libnio.so
7fe1b16ac000-7fe1b18ab000 ---p 00011000 fd:04 3169316                    /opt/java/java-1.8.0-openjdk-1.8.0.222.b10-4.static.jre.openjdkportable.x86_64/lib/amd64/libnio.so
7fe1b18ab000-7fe1b18ac000 r--p 00010000 fd:04 3169316                    /opt/java/java-1.8.0-openjdk-1.8.0.222.b10-4.static.jre.openjdkportable.x86_64/lib/amd64/libnio.so
7fe1b18ac000-7fe1b18ad000 rw-p 00011000 fd:04 3169316                    /opt/java/java-1.8.0-openjdk-1.8.0.222.b10-4.static.jre.openjdkportable.x86_64/lib/amd64/libnio.so
7fe1b18ad000-7fe1b24ae000 rw-p 00000000 00:00 0 
7fe1b24ae000-7fe1b24c5000 r-xp 00000000 fd:04 3169309                    /opt/java/java-1.8.0-openjdk-1.8.0.222.b10-4.static.jre.openjdkportable.x86_64/lib/amd64/libnet.so
7fe1b24c5000-7fe1b26c4000 ---p 00017000 fd:04 3169309                    /opt/java/java-1.8.0-openjdk-1.8.0.222.b10-4.static.jre.openjdkportable.x86_64/lib/amd64/libnet.so
7fe1b26c4000-7fe1b26c5000 r--p 00016000 fd:04 3169309                    /opt/java/java-1.8.0-openjdk-1.8.0.222.b10-4.static.jre.openjdkportable.x86_64/lib/amd64/libnet.so
7fe1b26c5000-7fe1b26c6000 rw-p 00017000 fd:04 3169309                    /opt/java/java-1.8.0-openjdk-1.8.0.222.b10-4.static.jre.openjdkportable.x86_64/lib/amd64/libnet.so
7fe1b26c6000-7fe1b26cf000 r-xp 00000000 fd:04 3169328                    /opt/java/java-1.8.0-openjdk-1.8.0.222.b10-4.static.jre.openjdkportable.x86_64/lib/amd64/libmanagement.so
7fe1b26cf000-7fe1b28ce000 ---p 00009000 fd:04 3169328                    /opt/java/java-1.8.0-openjdk-1.8.0.222.b10-4.static.jre.openjdkportable.x86_64/lib/amd64/libmanagement.so
7fe1b28ce000-7fe1b28cf000 r--p 00008000 fd:04 3169328                    /opt/java/java-1.8.0-openjdk-1.8.0.222.b10-4.static.jre.openjdkportable.x86_64/lib/amd64/libmanagement.so
7fe1b28cf000-7fe1b28d0000 rw-p 00009000 fd:04 3169328                    /opt/java/java-1.8.0-openjdk-1.8.0.222.b10-4.static.jre.openjdkportable.x86_64/lib/amd64/libmanagement.so
7fe1b28d0000-7fe1b2943000 r--s 00c0d000 fd:05 141291367                  /pelapp/software/pas_BUAT/usr/local/clo/app/pel/pas/ace.pelican/lib/dependency-jars/icu4j-67.1.jar
7fe1b2943000-7fe1b2944000 ---p 00000000 00:00 0 
7fe1b2944000-7fe1b2a44000 rw-p 00000000 00:00 0 
7fe1b2a44000-7fe1b2a47000 ---p 00000000 00:00 0 
7fe1b2a47000-7fe1b2b45000 rw-p 00000000 00:00 0 
7fe1b2b45000-7fe1b2b46000 ---p 00000000 00:00 0 
7fe1b2b46000-7fe1b2b49000 ---p 00000000 00:00 0 
7fe1b2b49000-7fe1b2c46000 rw-p 00000000 00:00 0 
7fe1b2c46000-7fe1b2c47000 ---p 00000000 00:00 0 
7fe1b2c47000-7fe1b2c4a000 ---p 00000000 00:00 0 
7fe1b2c4a000-7fe1b2d47000 rw-p 00000000 00:00 0 
7fe1b2d47000-7fe1b2d4a000 ---p 00000000 00:00 0 
7fe1b2d4a000-7fe1b2e48000 rw-p 00000000 00:00 0 
7fe1b2e48000-7fe1b2e4b000 ---p 00000000 00:00 0 
7fe1b2e4b000-7fe1b2f49000 rw-p 00000000 00:00 0 
7fe1b2f49000-7fe1bfeff000 r--p 00000000 fd:01 16799402                   /usr/lib/locale/locale-archive
7fe1bfeff000-7fe1bff02000 ---p 00000000 00:00 0 
7fe1bff02000-7fe1c0000000 rw-p 00000000 00:00 0 
7fe1c0000000-7fe1c1a96000 rw-p 00000000 00:00 0 
7fe1c1a96000-7fe1c4000000 ---p 00000000 00:00 0 
7fe1c4000000-7fe1c4021000 rw-p 00000000 00:00 0 
7fe1c4021000-7fe1c8000000 ---p 00000000 00:00 0 
7fe1c8000000-7fe1c804e000 rw-p 00000000 00:00 0 
7fe1c804e000-7fe1cc000000 ---p 00000000 00:00 0 
7fe1cc000000-7fe1cc2b3000 rw-p 00000000 00:00 0 
7fe1cc2b3000-7fe1d0000000 ---p 00000000 00:00 0 
7fe1d0000000-7fe1d011e000 rw-p 00000000 00:00 0 
7fe1d011e000-7fe1d4000000 ---p 00000000 00:00 0 
7fe1d4000000-7fe1d4868000 rw-p 00000000 00:00 0 
7fe1d4868000-7fe1da000000 ---p 00000000 00:00 0 
7fe1da000000-7fe1da868000 rw-p 00000000 00:00 0 
7fe1da868000-7fe1e0000000 ---p 00000000 00:00 0 
7fe1e0000000-7fe1e0074000 rw-p 00000000 00:00 0 
7fe1e0074000-7fe1e4000000 ---p 00000000 00:00 0 
7fe1e4000000-7fe1e4800000 rw-p 00000000 00:00 0 
7fe1e4800000-7fe1e690d000 rw-p 00000000 00:00 0 
7fe1e690d000-7fe1e7400000 ---p 00000000 00:00 0 
7fe1e7400000-7fe1e750d000 rw-p 00000000 00:00 0 
7fe1e750d000-7fe1e8000000 ---p 00000000 00:00 0 
7fe1e8000000-7fe1e80b0000 rw-p 00000000 00:00 0 
7fe1e80b0000-7fe1ec000000 ---p 00000000 00:00 0 
7fe1ec000000-7fe1ec021000 rw-p 00000000 00:00 0 
7fe1ec021000-7fe1f0000000 ---p 00000000 00:00 0 
7fe1f0000000-7fe1f04ca000 rw-p 00000000 00:00 0 
7fe1f04ca000-7fe1f4000000 ---p 00000000 00:00 0 
7fe1f4000000-7fe1f4001000 r--s 00000000 fd:05 141291459                  /pelapp/software/pas_BUAT/usr/local/clo/app/pel/pas/ace.pelican/lib/dependency-jars/spring-boot-starter-2.1.3.RELEASE.jar
7fe1f4001000-7fe1f4005000 r--s 0002d000 fd:05 141291429                  /pelapp/software/pas_BUAT/usr/local/clo/app/pel/pas/ace.pelican/lib/dependency-jars/commons-dbcp2-2.5.0.jar
7fe1f4005000-7fe1f4007000 r--s 00009000 fd:05 141291393                  /pelapp/software/pas_BUAT/usr/local/clo/app/pel/pas/ace.pelican/lib/dependency-jars/slf4j-api-1.7.25.jar
7fe1f4007000-7fe1f400e000 r--s 00000000 fd:01 8390111                    /usr/lib64/gconv/gconv-modules.cache
7fe1f400e000-7fe1f4011000 r--s 0001c000 fd:05 141399255                  /pelapp/software/pas_BUAT/usr/local/clo/app/pel/pas/ace.pelican/bin/wrapper.jar
7fe1f4011000-7fe1f4015000 r--s 0004c000 fd:05 141291452                  /pelapp/software/pas_BUAT/usr/local/clo/app/pel/pas/ace.pelican/lib/dependency-jars/jackson-core-2.9.8.jar
7fe1f4015000-7fe1f4018000 r--s 0000e000 fd:05 141291453                  /pelapp/software/pas_BUAT/usr/local/clo/app/pel/pas/ace.pelican/lib/dependency-jars/jackson-annotations-2.9.0.jar
7fe1f4018000-7fe1f402a000 r--s 00137000 fd:05 141291479                  /pelapp/software/pas_BUAT/usr/local/clo/app/pel/pas/ace.pelican/lib/dependency-jars/jackson-databind-2.9.8.jar
7fe1f402a000-7fe1f402e000 r--s 0005a000 fd:05 141291390                  /pelapp/software/pas_BUAT/usr/local/clo/app/pel/pas/ace.pelican/lib/dependency-jars/profiler-20.2.0.jar
7fe1f402e000-7fe1f4031000 ---p 00000000 00:00 0 
7fe1f4031000-7fe1f412f000 rw-p 00000000 00:00 0 
7fe1f412f000-7fe1f4130000 ---p 00000000 00:00 0 
7fe1f4130000-7fe1f4230000 rw-p 00000000 00:00 0 
7fe1f4230000-7fe1f4400000 r--s 03c5c000 fd:04 3169298                    /opt/java/java-1.8.0-openjdk-1.8.0.222.b10-4.static.jre.openjdkportable.x86_64/lib/rt.jar
7fe1f4400000-7fe1f5000000 ---p 00000000 00:00 0 
7fe1f5000000-7fe1f6d90000 rwxp 00000000 00:00 0 
7fe1f6d90000-7fe204000000 ---p 00000000 00:00 0 
7fe204000000-7fe204d03000 rw-p 00000000 00:00 0 
7fe204d03000-7fe208000000 ---p 00000000 00:00 0 
7fe208000000-7fe208002000 r--s 00010000 fd:05 141291439                  /pelapp/software/pas_BUAT/usr/local/clo/app/pel/pas/ace.pelican/lib/dependency-jars/json-20210307.jar
7fe208002000-7fe208003000 r--s 0000e000 fd:05 141291377                  /pelapp/software/pas_BUAT/usr/local/clo/app/pel/pas/ace.pelican/lib/dependency-jars/js-scriptengine-20.2.0.jar
7fe208003000-7fe20802d000 r--s 00580000 fd:05 141291485                  /pelapp/software/pas_BUAT/usr/local/clo/app/pel/pas/ace.pelican/lib/dependency-jars/truffle-api-20.2.0.jar
7fe20802d000-7fe20803e000 r--s 00294000 fd:05 141291392                  /pelapp/software/pas_BUAT/usr/local/clo/app/pel/pas/ace.pelican/lib/dependency-jars/regex-20.2.0.jar
7fe20803e000-7fe2080a3000 r--s 00f91000 fd:05 141291376                  /pelapp/software/pas_BUAT/usr/local/clo/app/pel/pas/ace.pelican/lib/dependency-jars/js-20.2.0.jar
7fe2080a3000-7fe2080ab000 r--s 0007c000 fd:05 141291357                  /pelapp/software/pas_BUAT/usr/local/clo/app/pel/pas/ace.pelican/lib/dependency-jars/graal-sdk-20.2.0.jar
7fe2080ab000-7fe208680000 rw-p 00000000 00:00 0 
7fe208680000-7fe208681000 ---p 00000000 00:00 0 
7fe208681000-7fe208781000 rw-p 00000000 00:00 0 
7fe208781000-7fe208782000 ---p 00000000 00:00 0 
7fe208782000-7fe208b10000 rw-p 00000000 00:00 0 
7fe208b10000-7fe209603000 ---p 00000000 00:00 0 
7fe209603000-7fe209604000 ---p 00000000 00:00 0 
7fe209604000-7fe209704000 rw-p 00000000 00:00 0 
7fe209704000-7fe209705000 ---p 00000000 00:00 0 
7fe209705000-7fe209805000 rw-p 00000000 00:00 0 
7fe209805000-7fe209806000 ---p 00000000 00:00 0 
7fe209806000-7fe209b08000 rw-p 00000000 00:00 0 
7fe209b08000-7fe209b09000 ---p 00000000 00:00 0 
7fe209b09000-7fe209c09000 rw-p 00000000 00:00 0 
7fe209c09000-7fe209c0a000 ---p 00000000 00:00 0 
7fe209c0a000-7fe209d81000 rw-p 00000000 00:00 0 
7fe209d81000-7fe20a0ca000 ---p 00000000 00:00 0 
7fe20a0ca000-7fe20a0e5000 r-xp 00000000 fd:04 3169332                    /opt/java/java-1.8.0-openjdk-1.8.0.222.b10-4.static.jre.openjdkportable.x86_64/lib/amd64/libzip.so
7fe20a0e5000-7fe20a2e4000 ---p 0001b000 fd:04 3169332                    /opt/java/java-1.8.0-openjdk-1.8.0.222.b10-4.static.jre.openjdkportable.x86_64/lib/amd64/libzip.so
7fe20a2e4000-7fe20a2e5000 r--p 0001a000 fd:04 3169332                    /opt/java/java-1.8.0-openjdk-1.8.0.222.b10-4.static.jre.openjdkportable.x86_64/lib/amd64/libzip.so
7fe20a2e5000-7fe20a2e6000 rw-p 0001b000 fd:04 3169332                    /opt/java/java-1.8.0-openjdk-1.8.0.222.b10-4.static.jre.openjdkportable.x86_64/lib/amd64/libzip.so
7fe20a2e6000-7fe20a2f1000 r-xp 00000000 fd:01 8390093                    /usr/lib64/libnss_files-2.28.so
7fe20a2f1000-7fe20a4f1000 ---p 0000b000 fd:01 8390093                    /usr/lib64/libnss_files-2.28.so
7fe20a4f1000-7fe20a4f2000 r--p 0000b000 fd:01 8390093                    /usr/lib64/libnss_files-2.28.so
7fe20a4f2000-7fe20a4f3000 rw-p 0000c000 fd:01 8390093                    /usr/lib64/libnss_files-2.28.so
7fe20a4f3000-7fe20a4f9000 rw-p 00000000 00:00 0 
7fe20a4f9000-7fe20a521000 r-xp 00000000 fd:04 3169325                    /opt/java/java-1.8.0-openjdk-1.8.0.222.b10-4.static.jre.openjdkportable.x86_64/lib/amd64/libjava.so
7fe20a521000-7fe20a720000 ---p 00028000 fd:04 3169325                    /opt/java/java-1.8.0-openjdk-1.8.0.222.b10-4.static.jre.openjdkportable.x86_64/lib/amd64/libjava.so
7fe20a720000-7fe20a721000 r--p 00027000 fd:04 3169325                    /opt/java/java-1.8.0-openjdk-1.8.0.222.b10-4.static.jre.openjdkportable.x86_64/lib/amd64/libjava.so
7fe20a721000-7fe20a723000 rw-p 00028000 fd:04 3169325                    /opt/java/java-1.8.0-openjdk-1.8.0.222.b10-4.static.jre.openjdkportable.x86_64/lib/amd64/libjava.so
7fe20a723000-7fe20a731000 r-xp 00000000 fd:04 3169305                    /opt/java/java-1.8.0-openjdk-1.8.0.222.b10-4.static.jre.openjdkportable.x86_64/lib/amd64/libverify.so
7fe20a731000-7fe20a930000 ---p 0000e000 fd:04 3169305                    /opt/java/java-1.8.0-openjdk-1.8.0.222.b10-4.static.jre.openjdkportable.x86_64/lib/amd64/libverify.so
7fe20a930000-7fe20a932000 r--p 0000d000 fd:04 3169305                    /opt/java/java-1.8.0-openjdk-1.8.0.222.b10-4.static.jre.openjdkportable.x86_64/lib/amd64/libverify.so
7fe20a932000-7fe20a933000 rw-p 0000f000 fd:04 3169305                    /opt/java/java-1.8.0-openjdk-1.8.0.222.b10-4.static.jre.openjdkportable.x86_64/lib/amd64/libverify.so
7fe20a933000-7fe20a93a000 r-xp 00000000 fd:01 8390102                    /usr/lib64/librt-2.28.so
7fe20a93a000-7fe20ab39000 ---p 00007000 fd:01 8390102                    /usr/lib64/librt-2.28.so
7fe20ab39000-7fe20ab3a000 r--p 00006000 fd:01 8390102                    /usr/lib64/librt-2.28.so
7fe20ab3a000-7fe20ab3b000 rw-p 00007000 fd:01 8390102                    /usr/lib64/librt-2.28.so
7fe20ab3b000-7fe20acbb000 r-xp 00000000 fd:01 8390081                    /usr/lib64/libm-2.28.so
7fe20acbb000-7fe20aebb000 ---p 00180000 fd:01 8390081                    /usr/lib64/libm-2.28.so
7fe20aebb000-7fe20aebc000 r--p 00180000 fd:01 8390081                    /usr/lib64/libm-2.28.so
7fe20aebc000-7fe20aebd000 rw-p 00181000 fd:01 8390081                    /usr/lib64/libm-2.28.so
7fe20aebd000-7fe20bbd6000 r-xp 00000000 fd:04 1052632                    /opt/java/java-1.8.0-openjdk-1.8.0.222.b10-4.static.jre.openjdkportable.x86_64/lib/amd64/server/libjvm.so
7fe20bbd6000-7fe20bdd5000 ---p 00d19000 fd:04 1052632                    /opt/java/java-1.8.0-openjdk-1.8.0.222.b10-4.static.jre.openjdkportable.x86_64/lib/amd64/server/libjvm.so
7fe20bdd5000-7fe20be8a000 r--p 00d18000 fd:04 1052632                    /opt/java/java-1.8.0-openjdk-1.8.0.222.b10-4.static.jre.openjdkportable.x86_64/lib/amd64/server/libjvm.so
7fe20be8a000-7fe20beb4000 rw-p 00dcd000 fd:04 1052632                    /opt/java/java-1.8.0-openjdk-1.8.0.222.b10-4.static.jre.openjdkportable.x86_64/lib/amd64/server/libjvm.so
7fe20beb4000-7fe20bef6000 rw-p 00000000 00:00 0 
7fe20bef6000-7fe20c0b2000 r-xp 00000000 fd:01 8390074                    /usr/lib64/libc-2.28.so
7fe20c0b2000-7fe20c2b1000 ---p 001bc000 fd:01 8390074                    /usr/lib64/libc-2.28.so
7fe20c2b1000-7fe20c2b5000 r--p 001bb000 fd:01 8390074                    /usr/lib64/libc-2.28.so
7fe20c2b5000-7fe20c2b7000 rw-p 001bf000 fd:01 8390074                    /usr/lib64/libc-2.28.so
7fe20c2b7000-7fe20c2bb000 rw-p 00000000 00:00 0 
7fe20c2bb000-7fe20c2be000 r-xp 00000000 fd:01 8390078                    /usr/lib64/libdl-2.28.so
7fe20c2be000-7fe20c4bd000 ---p 00003000 fd:01 8390078                    /usr/lib64/libdl-2.28.so
7fe20c4bd000-7fe20c4be000 r--p 00002000 fd:01 8390078                    /usr/lib64/libdl-2.28.so
7fe20c4be000-7fe20c4bf000 rw-p 00003000 fd:01 8390078                    /usr/lib64/libdl-2.28.so
7fe20c4bf000-7fe20c4d5000 r-xp 00000000 fd:04 4124                       /opt/java/java-1.8.0-openjdk-1.8.0.222.b10-4.static.jre.openjdkportable.x86_64/lib/amd64/jli/libjli.so
7fe20c4d5000-7fe20c6d4000 ---p 00016000 fd:04 4124                       /opt/java/java-1.8.0-openjdk-1.8.0.222.b10-4.static.jre.openjdkportable.x86_64/lib/amd64/jli/libjli.so
7fe20c6d4000-7fe20c6d5000 r--p 00015000 fd:04 4124                       /opt/java/java-1.8.0-openjdk-1.8.0.222.b10-4.static.jre.openjdkportable.x86_64/lib/amd64/jli/libjli.so
7fe20c6d5000-7fe20c6d6000 rw-p 00016000 fd:04 4124                       /opt/java/java-1.8.0-openjdk-1.8.0.222.b10-4.static.jre.openjdkportable.x86_64/lib/amd64/jli/libjli.so
7fe20c6d6000-7fe20c6f1000 r-xp 00000000 fd:01 8390097                    /usr/lib64/libpthread-2.28.so
7fe20c6f1000-7fe20c8f0000 ---p 0001b000 fd:01 8390097                    /usr/lib64/libpthread-2.28.so
7fe20c8f0000-7fe20c8f1000 r--p 0001a000 fd:01 8390097                    /usr/lib64/libpthread-2.28.so
7fe20c8f1000-7fe20c8f2000 rw-p 0001b000 fd:01 8390097                    /usr/lib64/libpthread-2.28.so
7fe20c8f2000-7fe20c8f6000 rw-p 00000000 00:00 0 
7fe20c8f6000-7fe20c924000 r-xp 00000000 fd:01 8390063                    /usr/lib64/ld-2.28.so
7fe20c924000-7fe20c925000 r--s 00013000 fd:05 141291259                  /pelapp/software/pas_BUAT/usr/local/clo/app/pel/pas/ace.pelican/lib/dependency-jars/asm-util-7.1.jar
7fe20c925000-7fe20c927000 r--s 00010000 fd:05 141291257                  /pelapp/software/pas_BUAT/usr/local/clo/app/pel/pas/ace.pelican/lib/dependency-jars/asm-commons-7.1.jar
7fe20c927000-7fe20c929000 r--s 00007000 fd:05 141291256                  /pelapp/software/pas_BUAT/usr/local/clo/app/pel/pas/ace.pelican/lib/dependency-jars/asm-analysis-7.1.jar
7fe20c929000-7fe20c92b000 r--s 0000b000 fd:05 141291258                  /pelapp/software/pas_BUAT/usr/local/clo/app/pel/pas/ace.pelican/lib/dependency-jars/asm-tree-7.1.jar
7fe20c92b000-7fe20ca13000 rw-p 00000000 00:00 0 
7fe20ca13000-7fe20ca14000 ---p 00000000 00:00 0 
7fe20ca14000-7fe20ca17000 ---p 00000000 00:00 0 
7fe20ca17000-7fe20cb16000 rw-p 00000000 00:00 0 
7fe20cb16000-7fe20cb18000 r--s 0001a000 fd:05 141291432                  /pelapp/software/pas_BUAT/usr/local/clo/app/pel/pas/ace.pelican/lib/dependency-jars/asm-7.0.0.redhat-00001.jar
7fe20cb18000-7fe20cb20000 rw-s 00000000 fd:00 1048942                    /tmp/hsperfdata_root/2789236
7fe20cb20000-7fe20cb21000 rw-p 00000000 00:00 0 
7fe20cb21000-7fe20cb22000 ---p 00000000 00:00 0 
7fe20cb22000-7fe20cb24000 rw-p 00000000 00:00 0 
7fe20cb24000-7fe20cb25000 r--p 0002e000 fd:01 8390063                    /usr/lib64/ld-2.28.so
7fe20cb25000-7fe20cb27000 rw-p 0002f000 fd:01 8390063                    /usr/lib64/ld-2.28.so
7fffc446d000-7fffc4492000 rw-p 00000000 00:00 0                          [stack]
7fffc4543000-7fffc4547000 r--p 00000000 00:00 0                          [vvar]
7fffc4547000-7fffc4549000 r-xp 00000000 00:00 0                          [vdso]
ffffffffff600000-ffffffffff601000 r-xp 00000000 00:00 0                  [vsyscall]

VM Arguments:
jvm_args: -Dspring.config.location=/pelapp/software/pas_BUAT/usr/local/clo/app/pel/pas/ace.solution.ppay/svc-camel-sepa/svc-camel-sepa.properties -Dlog4j2.configurationFile=file:/pelapp/software/pas_BUAT/usr/local/clo/app/pel/pas/ace.solution.ppay/svc-camel-sepa/log4j2.xml -Xbootclasspath/p: -XX:+UseG1GC -Xms512m -Xmx6144m -Djava.library.path=/pelapp/software/pas_BUAT/usr/local/clo/app/pel/pas/ace.pelican/bin -Dwrapper.key=vKb3Z0tClfmOWo4I -Dwrapper.port=32013 -Dwrapper.jvm.port.min=31000 -Dwrapper.jvm.port.max=31999 -Dwrapper.disable_console_input=TRUE -Dwrapper.pid=2789208 -Dwrapper.version=3.5.27 -Dwrapper.native_library=wrapper -Dwrapper.arch=x86 -Dwrapper.service=TRUE -Dwrapper.cpu.timeout=120 -Dwrapper.jvmid=1 
java_command: org.tanukisoftware.wrapper.WrapperSimpleApp ai.pelican.camel.PelicanSpringBoot
java_class_path (initial): ${WORKING_DIR}:/pelapp/software/pas_BUAT/usr/local/clo/app/pel/pas/ace.pelican/lib/dependency-jars/graal-sdk-20.2.0.jar:/pelapp/software/pas_BUAT/usr/local/clo/app/pel/pas/ace.pelican/lib/dependency-jars/js-20.2.0.jar:/pelapp/software/pas_BUAT/usr/local/clo/app/pel/pas/ace.pelican/lib/dependency-jars/regex-20.2.0.jar:/pelapp/software/pas_BUAT/usr/local/clo/app/pel/pas/ace.pelican/lib/dependency-jars/truffle-api-20.2.0.jar:/pelapp/software/pas_BUAT/usr/local/clo/app/pel/pas/ace.pelican/lib/dependency-jars/asm-7.0.0.redhat-00001.jar:/pelapp/software/pas_BUAT/usr/local/clo/app/pel/pas/ace.pelican/lib/dependency-jars/asm-tree-7.1.jar:/pelapp/software/pas_BUAT/usr/local/clo/app/pel/pas/ace.pelican/lib/dependency-jars/asm-analysis-7.1.jar:/pelapp/software/pas_BUAT/usr/local/clo/app/pel/pas/ace.pelican/lib/dependency-jars/asm-commons-7.1.jar:/pelapp/software/pas_BUAT/usr/local/clo/app/pel/pas/ace.pelican/lib/dependency-jars/asm-util-7.1.jar:/pelapp/software/pas_BUAT/usr/local/clo/app/pel/pas/ace.pelican/lib/dependency-jars/icu4j-67.1.jar:/pelapp/software/pas_BUAT/usr/local/clo/app/pel/pas/ace.pelican/lib/dependency-jars/js-scriptengine-20.2.0.jar:/pelapp/software/pas_BUAT/usr/local/clo/app/pel/pas/ace.pelican/lib/dependency-jars/profiler-20.2.0.jar:/pelapp/software/pas_BUAT/usr/local/clo/app/pel/pas/ace.pelican/lib/dependency-jars/json-20210307.jar:/pelapp/software/pas_BUAT/usr/local/clo/app/pel/pas/ace.pelican/lib/dependency-jars/jackson-databind-2.9.8.jar:/pelapp/software/pas_BUAT/usr/local/clo/app/pel/pas/ace.pelican/lib/dependency-jars/jackson-annotations-2.9.0.jar:/pelapp/software/pas_BUAT/usr/local/clo/app/pel/pas/ace.pelican/lib/dependency-jars/jackson-core-2.9.8.jar:/pelapp/software/pas_BUAT/usr/local/clo/app/pel/pas/ace.pelican/bin/wrapper.jar:/pelapp/software/pas_BUAT/usr/local/clo/app/pel/pas/ace.pelican/lib/dependency-jars/slf4j-api-1.7.25.jar:/pelapp/software/pas_BUAT/usr/local/clo/app/pel/pas/ace.pelican/lib/dependency-jars/log4j-
Launcher Type: SUN_STANDARD

Environment Variables:
JAVA_HOME=/opt/java/java-1.8.0-openjdk-1.8.0.222.b10-4.static.jre.openjdkportable.x86_64
PATH=/usr/local/sbin:/usr/local/bin:/usr/sbin:/usr/bin:/root/.local/bin:/root/bin:/pelapp/app/oracle/product/19.0.0/client_1/bin:/root/.local/bin:/root/bin:/aceapp/app/bin:/root/bin
SHELL=/bin/bash

Signal Handlers:
SIGSEGV: [libjvm.so+0xaf1ea0], sa_mask[0]=11111111011111111101111111111110, sa_flags=SA_RESTART|SA_SIGINFO
SIGBUS: [libjvm.so+0xaf1ea0], sa_mask[0]=11111111011111111101111111111110, sa_flags=SA_RESTART|SA_SIGINFO
SIGFPE: [libjvm.so+0x8f2e50], sa_mask[0]=11111111011111111101111111111110, sa_flags=SA_RESTART|SA_SIGINFO
SIGPIPE: [libjvm.so+0x8f2e50], sa_mask[0]=11111111011111111101111111111110, sa_flags=SA_RESTART|SA_SIGINFO
SIGXFSZ: [libjvm.so+0x8f2e50], sa_mask[0]=11111111011111111101111111111110, sa_flags=SA_RESTART|SA_SIGINFO
SIGILL: [libjvm.so+0x8f2e50], sa_mask[0]=11111111011111111101111111111110, sa_flags=SA_RESTART|SA_SIGINFO
SIGUSR1: SIG_DFL, sa_mask[0]=00000000000000000000000000000000, sa_flags=none
SIGUSR2: [libjvm.so+0x8f4600], sa_mask[0]=00000000000000000000000000000000, sa_flags=SA_RESTART|SA_SIGINFO
SIGHUP: [libwrapper.so+0x5b80], sa_mask[0]=10000000000000000000000000000000, sa_flags=SA_RESTART
SIGINT: [libwrapper.so+0x5be0], sa_mask[0]=01000000000000000000000000000000, sa_flags=SA_RESTART
SIGTERM: [libwrapper.so+0x5bb0], sa_mask[0]=00000000000000100000000000000000, sa_flags=SA_RESTART
SIGQUIT: [libjvm.so+0x8f6160], sa_mask[0]=11111111011111111101111111111110, sa_flags=SA_RESTART|SA_SIGINFO


---------------  S Y S T E M  ---------------

OS:Red Hat Enterprise Linux release 8.8 (Ootpa)

uname:Linux 4.18.0-477.51.1.el8_8.x86_64 #1 SMP Fri Mar 1 11:21:44 EST 2024 x86_64
libc:glibc 2.28 NPTL 2.28 
rlimit: STACK 8192k, CORE 0k, NPROC 127116, NOFILE 262144, AS infinity
load average:44.40 25.79 11.38

/proc/meminfo:
MemTotal:       32602968 kB
MemFree:          408448 kB
MemAvailable:     189688 kB
Buffers:              40 kB
Cached:          7491872 kB
SwapCached:            0 kB
Active:          1303636 kB
Inactive:       30431184 kB
Active(anon):    1295076 kB
Inactive(anon): 30412288 kB
Active(file):       8560 kB
Inactive(file):    18896 kB
Unevictable:           0 kB
Mlocked:               0 kB
SwapTotal:             0 kB
SwapFree:              0 kB
Dirty:                 0 kB
Writeback:             0 kB
AnonPages:      24243072 kB
Mapped:          5897616 kB
Shmem:           7464292 kB
KReclaimable:      80340 kB
Slab:             191440 kB
SReclaimable:      80340 kB
SUnreclaim:       111100 kB
KernelStack:       18248 kB
PageTables:       110624 kB
NFS_Unstable:          0 kB
Bounce:                0 kB
WritebackTmp:          0 kB
CommitLimit:    16301484 kB
Committed_AS:   43860440 kB
VmallocTotal:   34359738367 kB
VmallocUsed:      109588 kB
VmallocChunk:          0 kB
Percpu:             1440 kB
HardwareCorrupted:     0 kB
AnonHugePages:   2693120 kB
ShmemHugePages:        0 kB
ShmemPmdMapped:        0 kB
FileHugePages:         0 kB
FilePmdMapped:         0 kB
HugePages_Total:       0
HugePages_Free:        0
HugePages_Rsvd:        0
HugePages_Surp:        0
Hugepagesize:       2048 kB
Hugetlb:               0 kB
DirectMap4k:     1365216 kB
DirectMap2M:    26894336 kB
DirectMap1G:     7340032 kB

container (cgroup) information:
container_type: cgroupv1
cpu_cpuset_cpus: 0-1
cpu_memory_nodes: 0
active_processor_count: 2
cpu_quota: -1
cpu_period: 100000
cpu_shares: -1
memory_limit_in_bytes: -1
memory_and_swap_limit_in_bytes: -1
memory_soft_limit_in_bytes: -1
memory_usage_in_bytes: 27946053632
memory_max_usage_in_bytes: 27955204096


CPU:total 2 (initial active 2) (1 cores per cpu, 2 threads per core) family 6 model 85 stepping 7, cmov, cx8, fxsr, mmx, sse, sse2, sse3, ssse3, sse4.1, sse4.2, popcnt, avx, avx2, aes, clmul, erms, rtm, 3dnowpref, lzcnt, ht, tsc, tscinvbit, bmi1, bmi2, adx

/proc/cpuinfo:
processor	: 0
vendor_id	: GenuineIntel
cpu family	: 6
model		: 85
model name	: Intel(R) Xeon(R) Platinum 8272CL CPU @ 2.60GHz
stepping	: 7
microcode	: 0xffffffff
cpu MHz		: 2993.426
cache size	: 36608 KB
physical id	: 0
siblings	: 2
core id		: 0
cpu cores	: 1
apicid		: 0
initial apicid	: 0
fpu		: yes
fpu_exception	: yes
cpuid level	: 22
wp		: yes
flags		: fpu vme de pse tsc msr pae mce cx8 apic sep mtrr pge mca cmov pat pse36 clflush mmx fxsr sse sse2 ss ht syscall nx pdpe1gb rdtscp lm constant_tsc rep_good nopl xtopology tsc_reliable nonstop_tsc cpuid aperfmperf pni pclmulqdq vmx ssse3 fma cx16 pcid sse4_1 sse4_2 x2apic movbe popcnt tsc_deadline_timer aes xsave avx f16c rdrand hypervisor lahf_lm abm 3dnowprefetch invpcid_single tpr_shadow vnmi ept vpid ept_ad fsgsbase tsc_adjust bmi1 hle avx2 smep bmi2 erms invpcid rtm avx512f avx512dq rdseed adx smap clflushopt clwb avx512cd avx512bw avx512vl xsaveopt xsavec xgetbv1 xsaves avx512_vnni arch_capabilities
bugs		: spectre_v1 spectre_v2 spec_store_bypass swapgs taa mmio_stale_data retbleed
bogomips	: 5187.81
clflush size	: 64
cache_alignment	: 64
address sizes	: 46 bits physical, 48 bits virtual
power management:

processor	: 1
vendor_id	: GenuineIntel
cpu family	: 6
model		: 85
model name	: Intel(R) Xeon(R) Platinum 8272CL CPU @ 2.60GHz
stepping	: 7
microcode	: 0xffffffff
cpu MHz		: 2991.709
cache size	: 36608 KB
physical id	: 0
siblings	: 2
core id		: 0
cpu cores	: 1
apicid		: 1
initial apicid	: 1
fpu		: yes
fpu_exception	: yes
cpuid level	: 22
wp		: yes
flags		: fpu vme de pse tsc msr pae mce cx8 apic sep mtrr pge mca cmov pat pse36 clflush mmx fxsr sse sse2 ss ht syscall nx pdpe1gb rdtscp lm constant_tsc rep_good nopl xtopology tsc_reliable nonstop_tsc cpuid aperfmperf pni pclmulqdq vmx ssse3 fma cx16 pcid sse4_1 sse4_2 x2apic movbe popcnt tsc_deadline_timer aes xsave avx f16c rdrand hypervisor lahf_lm abm 3dnowprefetch invpcid_single tpr_shadow vnmi ept vpid ept_ad fsgsbase tsc_adjust bmi1 hle avx2 smep bmi2 erms invpcid rtm avx512f avx512dq rdseed adx smap clflushopt clwb avx512cd avx512bw avx512vl xsaveopt xsavec xgetbv1 xsaves avx512_vnni arch_capabilities
bugs		: spectre_v1 spectre_v2 spec_store_bypass swapgs taa mmio_stale_data retbleed
bogomips	: 5187.81
clflush size	: 64
cache_alignment	: 64
address sizes	: 46 bits physical, 48 bits virtual
power management:



Memory: 4k page, physical 32602968k(409940k free), swap 0k(0k free)

vm_info: OpenJDK 64-Bit Server VM (25.222-b10) for linux-amd64 JRE (1.8.0_222-b10), built on Aug  2 2019 08:16:48 by "mockbuild" with gcc 4.4.7 20120313 (Red Hat 4.4.7-23)

time: Wed Oct 29 12:03:19 2025
timezone: UTC
elapsed time: 352 seconds (0d 0h 5m 52s)

